{"type":"FeatureCollection","features":[{"type":"Feature","geometry":{"type":"MultiPolygon","coordinates":[[[[-79.397492101,-2.516904945],[-79.3917025,-2.524604166],[-79.3917025,-2.529654167],[-79.379187222,-2.529654167],[-79.379813799,-2.534747495],[-79.377660603,-2.538445332],[-79.377178929,-2.542342682],[-79.375957791,-2.544199047],[-79.361927567,-2.544199058],[-79.3619275,-2.551176945],[-79.358731149,-2.557396459],[-79.356020627,-2.559533634],[-79.356056722,-2.567611467],[-79.367368961,-2.56761115],[-79.365392829,-2.571608047],[-79.361859958,-2.575041169],[-79.357725933,-2.575048572],[-79.354683692,-2.577536804],[-79.347794786,-2.577806782],[-79.340485396,-2.572801229],[-79.338044054,-2.572157982],[-79.329382693,-2.572011973],[-79.327016696,-2.573702569],[-79.32465081,-2.573370618],[-79.321385341,-2.575294813],[-79.312130154,-2.571125236],[-79.310907001,-2.569544439],[-79.303756861,-2.572511891],[-79.306231737,-2.577842165],[-79.307039864,-2.584613957],[-79.306519712,-2.588319963],[-79.308590207,-2.59454455],[-79.308120497,-2.603350168],[-79.306714287,-2.605476106],[-79.30669616,-2.608407604],[-79.304267005,-2.615236544],[-79.304258337,-2.618146022],[-79.302332632,-2.620622208],[-79.299124913,-2.621979935],[-79.298133427,-2.624119338],[-79.295060862,-2.624895138],[-79.295034172,-2.628785568],[-79.291279483,-2.63297174],[-79.286575994,-2.637248183],[-79.281036379,-2.645521799],[-79.281331554,-2.648564936],[-79.280075869,-2.650403882],[-79.276921883,-2.651388229],[-79.274002546,-2.655414257],[-79.268770814,-2.656686955],[-79.265583469,-2.660896586],[-79.262360054,-2.660437667],[-79.258119279,-2.662876904],[-79.258629591,-2.665669229],[-79.255240088,-2.669887939],[-79.247492618,-2.6751073],[-79.242703419,-2.676037411],[-79.239656042,-2.679311522],[-79.238770002,-2.685579154],[-79.232635733,-2.693395517],[-79.2239725,-2.690208701],[-79.2202654,-2.690684461],[-79.217255354,-2.689416349],[-79.216541425,-2.685886053],[-79.206330949,-2.692664855],[-79.201971058,-2.705638072],[-79.204730154,-2.713289125],[-79.216087356,-2.719430373],[-79.21472476,-2.723018253],[-79.208123364,-2.722644052],[-79.207430685,-2.72498064],[-79.200886902,-2.725549825],[-79.195422816,-2.732829249],[-79.187860329,-2.733650398],[-79.182748255,-2.742790978],[-79.179969829,-2.742349322],[-79.176721655,-2.74503233],[-79.173896347,-2.744213349],[-79.171117646,-2.740911024],[-79.166513413,-2.738836835],[-79.166093652,-2.73324494],[-79.162808974,-2.731793635],[-79.157813228,-2.731409129],[-79.154448331,-2.734209115],[-79.149976133,-2.733753606],[-79.146201963,-2.731929481],[-79.144818312,-2.730479895],[-79.144616756,-2.726161189],[-79.141065785,-2.722321771],[-79.143630502,-2.714138886],[-79.130001873,-2.714526005],[-79.12702376,-2.715921547],[-79.122312513,-2.715235405],[-79.120038491,-2.716774657],[-79.111326922,-2.706204071],[-79.10870043,-2.705492307],[-79.093935225,-2.696915553],[-79.080949829,-2.664516675],[-79.080263125,-2.648123731],[-79.05441443,-2.637831994],[-79.034507139,-2.646167342],[-79.023870928,-2.653999381],[-79.019025494,-2.663540434],[-79.019025676,-2.67242953],[-79.021166296,-2.672279928],[-79.024076147,-2.677642746],[-79.023195721,-2.680039191],[-79.020212917,-2.68308565],[-79.021935916,-2.690848336],[-79.019718982,-2.693628943],[-79.018782254,-2.696835718],[-79.016520844,-2.697563934],[-79.014602608,-2.702605149],[-79.012011009,-2.705819095],[-79.009916375,-2.710373353],[-79.010674237,-2.712456481],[-79.008109491,-2.715147839],[-78.987996388,-2.715147778],[-78.987941667,-2.715539219],[-78.985889476,-2.720102145],[-78.987543512,-2.724178615],[-78.990499998,-2.725944268],[-78.992556529,-2.731009711],[-78.992169628,-2.73477924],[-78.99060293,-2.738435142],[-78.994810641,-2.743150173],[-78.994236221,-2.745225677],[-78.995335222,-2.748136506],[-78.99255859,-2.750852265],[-78.988274313,-2.749574266],[-78.982057872,-2.746816639],[-78.97829911,-2.74679829],[-78.973932295,-2.748505276],[-78.970741899,-2.75354142],[-78.968971915,-2.753370235],[-78.965567004,-2.757056271],[-78.963832932,-2.761129604],[-78.955814837,-2.767230207],[-78.952785746,-2.768990388],[-78.95129277,-2.773925262],[-78.948878375,-2.775141069],[-78.948556942,-2.779432078],[-78.947467102,-2.781239808],[-78.946149923,-2.784623678],[-78.948270761,-2.788086481],[-78.946155982,-2.793059409],[-78.945959493,-2.795548445],[-78.948003303,-2.804028792],[-78.947607268,-2.816223785],[-78.948867403,-2.819383691],[-78.945682856,-2.824303659],[-78.944164374,-2.829257269],[-78.937263611,-2.8337375],[-78.923890278,-2.8337375],[-78.923890174,-2.828194468],[-78.92073153,-2.831171227],[-78.917655467,-2.831937647],[-78.916116449,-2.834786685],[-78.913006521,-2.835122512],[-78.911024144,-2.836793402],[-78.905163959,-2.835787631],[-78.901249953,-2.837368861],[-78.894711061,-2.836020254],[-78.892938431,-2.834272655],[-78.888584206,-2.837230868],[-78.886256205,-2.835334456],[-78.884968365,-2.837078311],[-78.881874517,-2.837639161],[-78.880895151,-2.841188724],[-78.876647117,-2.840968604],[-78.872769696,-2.837816441],[-78.880931435,-2.82912007],[-78.874496998,-2.824452608],[-78.87527489,-2.819782041],[-78.870081073,-2.81992875],[-78.869352617,-2.822429441],[-78.863588001,-2.823358426],[-78.859114779,-2.821563824],[-78.854923718,-2.823393339],[-78.850704252,-2.823901295],[-78.845119947,-2.822938725],[-78.841469957,-2.818386346],[-78.837354573,-2.818434902],[-78.833989865,-2.820074667],[-78.830225859,-2.820540089],[-78.823429484,-2.824857871],[-78.815412905,-2.822274584],[-78.821188982,-2.816547683],[-78.821606667,-2.810258611],[-78.819975,-2.810258612],[-78.819975,-2.793438889],[-78.817229328,-2.788232954],[-78.817454909,-2.784507297],[-78.815582721,-2.784532787],[-78.815843258,-2.779658334],[-78.808975621,-2.774799069],[-78.802969712,-2.776404567],[-78.800027242,-2.778640469],[-78.795019966,-2.774227054],[-78.798968474,-2.765983774],[-78.797041794,-2.760657707],[-78.797075078,-2.756354034],[-78.793751455,-2.745577298],[-78.792215922,-2.743657388],[-78.793468459,-2.741532573],[-78.792624934,-2.734541765],[-78.795443013,-2.730987762],[-78.796005922,-2.72753005],[-78.800660205,-2.719217485],[-78.799827305,-2.715947683],[-78.800800474,-2.71257188],[-78.799557189,-2.708560899],[-78.796504963,-2.705810555],[-78.794837199,-2.703885565],[-78.786532937,-2.699085438],[-78.786989777,-2.696188535],[-78.784926718,-2.69551292],[-78.786010505,-2.691960212],[-78.783212221,-2.687141387],[-78.77844765,-2.685405018],[-78.775495358,-2.676531997],[-78.7739925,-2.674928209],[-78.770727102,-2.672371545],[-78.767894721,-2.672331278],[-78.766325704,-2.670588609],[-78.761084333,-2.670535553],[-78.754300475,-2.672822044],[-78.751573618,-2.675069024],[-78.747896509,-2.674311136],[-78.747144229,-2.676907129],[-78.743904846,-2.677080991],[-78.741468807,-2.679376517],[-78.743113309,-2.684657261],[-78.738453656,-2.684743296],[-78.735897065,-2.68677912],[-78.7355663,-2.688665492],[-78.732506721,-2.691314725],[-78.730392988,-2.689840681],[-78.724401977,-2.691091634],[-78.721607036,-2.689938312],[-78.716653998,-2.690517388],[-78.710863981,-2.688425605],[-78.702662714,-2.686099642],[-78.70199916,-2.682266739],[-78.697574625,-2.677440997],[-78.692648266,-2.679082008],[-78.689889076,-2.674186111],[-78.686726023,-2.669436136],[-78.684525275,-2.671480319],[-78.679042877,-2.67457455],[-78.673715324,-2.675612331],[-78.668852345,-2.678083756],[-78.666842376,-2.677331279],[-78.664652252,-2.67301721],[-78.665027284,-2.670027569],[-78.662227433,-2.663789724],[-78.659822347,-2.662285946],[-78.660648665,-2.660073448],[-78.658353141,-2.654667885],[-78.655961385,-2.654805818],[-78.649881606,-2.652063603],[-78.647163791,-2.651747593],[-78.643240163,-2.649183692],[-78.63733139,-2.648113099],[-78.631050236,-2.641331806],[-78.626262669,-2.63768729],[-78.620014973,-2.631514391],[-78.618409932,-2.627458918],[-78.616775,-2.627458334],[-78.618320829,-2.625292963],[-78.622215015,-2.618232042],[-78.623134784,-2.613406612],[-78.625285909,-2.6064419],[-78.623179192,-2.598425557],[-78.623006468,-2.59574901],[-78.621366938,-2.593234935],[-78.618702961,-2.592972241],[-78.617972173,-2.590490119],[-78.611130821,-2.588664491],[-78.603841994,-2.585683939],[-78.595089219,-2.58066574],[-78.591606803,-2.577281171],[-78.587704812,-2.575804664],[-78.580243392,-2.574221525],[-78.577387701,-2.571938778],[-78.576418025,-2.569745211],[-78.571649695,-2.56455352],[-78.570636317,-2.559883375],[-78.569037093,-2.558135522],[-78.567871893,-2.556854413],[-78.565843831,-2.554430947],[-78.563914155,-2.554797968],[-78.562682967,-2.555462409],[-78.561054436,-2.55572012],[-78.558909946,-2.556442578],[-78.556482599,-2.560485158],[-78.556519328,-2.560614431],[-78.558603148,-2.563334048],[-78.56007222,-2.564994739],[-78.560186596,-2.566256658],[-78.560041217,-2.567062862],[-78.560343995,-2.568127099],[-78.56063802,-2.568726484],[-78.560895588,-2.569588412],[-78.560897644,-2.56962087],[-78.560845553,-2.570731903],[-78.560515291,-2.573716464],[-78.560538406,-2.574243742],[-78.562909428,-2.578775464],[-78.563328516,-2.580612283],[-78.563448393,-2.58112089],[-78.56480934,-2.583823573],[-78.565101598,-2.584235602],[-78.565743073,-2.585635792],[-78.565969179,-2.58639136],[-78.566240419,-2.586802225],[-78.566444534,-2.587335943],[-78.566568662,-2.587975224],[-78.566649218,-2.588815711],[-78.566668093,-2.589432548],[-78.56689351,-2.589933401],[-78.567588856,-2.591246576],[-78.566121035,-2.594837358],[-78.565925737,-2.595242506],[-78.565203907,-2.596296025],[-78.565012218,-2.597051386],[-78.564954376,-2.597453056],[-78.564226066,-2.600264113],[-78.5640904,-2.601564855],[-78.564173657,-2.602789493],[-78.564048254,-2.60369804],[-78.563866678,-2.604137733],[-78.563339871,-2.60603082],[-78.563081663,-2.606747783],[-78.562508708,-2.607904179],[-78.561067971,-2.610187693],[-78.56029496,-2.611496753],[-78.559617917,-2.612365955],[-78.559066011,-2.612470104],[-78.557819756,-2.612553764],[-78.556639015,-2.613192387],[-78.555781407,-2.613975135],[-78.555559979,-2.615342661],[-78.555393783,-2.616432878],[-78.554173325,-2.617315354],[-78.552990928,-2.616966261],[-78.552586466,-2.617067107],[-78.552086941,-2.617137874],[-78.551652567,-2.617334322],[-78.551110684,-2.617787649],[-78.550997159,-2.618080388],[-78.550716149,-2.618898936],[-78.549507486,-2.619829255],[-78.548751403,-2.62037184],[-78.547917988,-2.620938187],[-78.546805457,-2.621348533],[-78.546174557,-2.621717976],[-78.545733608,-2.622237262],[-78.545168315,-2.622499215],[-78.54500774,-2.622528792],[-78.544395036,-2.622712925],[-78.543425128,-2.623153442],[-78.542836159,-2.623361536],[-78.541438078,-2.62386697],[-78.541229802,-2.623968198],[-78.540349162,-2.624361057],[-78.539641514,-2.624455317],[-78.538373675,-2.625242005],[-78.538224709,-2.625415094],[-78.536518097,-2.626821506],[-78.53619212,-2.62691652],[-78.535485385,-2.627151877],[-78.535280702,-2.627239956],[-78.535028604,-2.627253805],[-78.534709992,-2.627231649],[-78.534612521,-2.627217106],[-78.53451522,-2.62711647],[-78.533262185,-2.627023105],[-78.533109589,-2.626899802],[-78.531457767,-2.625835893],[-78.530896522,-2.62176769],[-78.528916243,-2.620249946],[-78.527025333,-2.614998072],[-78.526478147,-2.608443116],[-78.524722007,-2.607230748],[-78.522839274,-2.59570965],[-78.520958083,-2.594002014],[-78.519191657,-2.588312801],[-78.515736413,-2.584956984],[-78.515041939,-2.583065402],[-78.511381246,-2.580454373],[-78.505226447,-2.575018438],[-78.503750429,-2.574933266],[-78.497762394,-2.571812589],[-78.491901625,-2.572707846],[-78.484820712,-2.57207397],[-78.480564558,-2.57247876],[-78.478838373,-2.574839948],[-78.472988661,-2.57690785],[-78.47087508,-2.580848463],[-78.468953466,-2.58197909],[-78.460612044,-2.590848678],[-78.452371215,-2.591700096],[-78.4438063,-2.594107551],[-78.440947487,-2.596820681],[-78.436577231,-2.599114617],[-78.435110982,-2.601048591],[-78.435105777,-2.607393471],[-78.429647017,-2.611671679],[-78.429427526,-2.614368623],[-78.42490997,-2.618894411],[-78.424039122,-2.626143026],[-78.422137216,-2.63060602],[-78.43115094,-2.636140278],[-78.434595587,-2.64351507],[-78.438615448,-2.645223649],[-78.441033078,-2.649030879],[-78.447346541,-2.652444464],[-78.449615622,-2.652176557],[-78.456992973,-2.655161894],[-78.460173903,-2.658321485],[-78.464304667,-2.658193716],[-78.468109572,-2.659568242],[-78.470530752,-2.661700371],[-78.474736839,-2.662954227],[-78.483088825,-2.660141378],[-78.487946428,-2.661274194],[-78.492089928,-2.665476035],[-78.495957316,-2.666882938],[-78.500859316,-2.671421497],[-78.505063084,-2.674566672],[-78.515056581,-2.6801255],[-78.514671659,-2.683731041],[-78.518312065,-2.688553082],[-78.521147808,-2.688955874],[-78.523655604,-2.69225108],[-78.530269982,-2.69225265],[-78.532416752,-2.694569564],[-78.536706119,-2.693161423],[-78.541561445,-2.695365341],[-78.546877635,-2.696106289],[-78.550173849,-2.694653009],[-78.553803097,-2.695558646],[-78.564612183,-2.701544378],[-78.56690704,-2.705228297],[-78.569216193,-2.705893967],[-78.573032356,-2.705158352],[-78.577573142,-2.707043659],[-78.579455532,-2.709177821],[-78.576897545,-2.712847333],[-78.577769633,-2.719181981],[-78.579016896,-2.72159146],[-78.582907398,-2.724334305],[-78.582886679,-2.725657547],[-78.588361294,-2.735316276],[-78.588198135,-2.738410668],[-78.590310781,-2.740447798],[-78.593021139,-2.745795893],[-78.58989553,-2.752877801],[-78.590315489,-2.755184445],[-78.591231918,-2.756035746],[-78.59217059,-2.761670556],[-78.596488142,-2.762640604],[-78.599872385,-2.761449328],[-78.60124791,-2.762855016],[-78.60228604,-2.768196077],[-78.603790931,-2.768637759],[-78.606827372,-2.773773962],[-78.60744569,-2.776190692],[-78.610308943,-2.777841992],[-78.609731294,-2.780561662],[-78.614123511,-2.78599669],[-78.611864432,-2.787311872],[-78.610728529,-2.790499436],[-78.604597936,-2.799917056],[-78.603152533,-2.800875473],[-78.602664419,-2.804729797],[-78.600211256,-2.806716353],[-78.597753214,-2.811633694],[-78.597476456,-2.816214844],[-78.595116783,-2.819162258],[-78.58860528,-2.817134172],[-78.585766291,-2.818414127],[-78.583041168,-2.821221161],[-78.581934431,-2.825122361],[-78.579705182,-2.826289168],[-78.57568414,-2.830500953],[-78.575306232,-2.832815057],[-78.577550623,-2.835999611],[-78.57652854,-2.840129655],[-78.576797236,-2.842889634],[-78.578645889,-2.844579054],[-78.57750737,-2.849432496],[-78.578493522,-2.852384825],[-78.582308587,-2.855844445],[-78.587764856,-2.860013267],[-78.591273305,-2.861558319],[-78.593472305,-2.864982953],[-78.600556708,-2.871956279],[-78.601669485,-2.873867134],[-78.602481057,-2.879511455],[-78.604839236,-2.882363603],[-78.604809524,-2.885195215],[-78.611736838,-2.890583851],[-78.612930584,-2.89530028],[-78.615624463,-2.899343143],[-78.618091888,-2.900811999],[-78.622090498,-2.905370564],[-78.625322392,-2.906896098],[-78.631564812,-2.913450479],[-78.632564728,-2.918738171],[-78.634276781,-2.921898795],[-78.63017279,-2.922177097],[-78.628741992,-2.926199085],[-78.628736947,-2.936421155],[-78.632280818,-2.937817068],[-78.634463522,-2.942503604],[-78.635850826,-2.947848542],[-78.637228549,-2.950431909],[-78.636873981,-2.954012358],[-78.635461217,-2.955777642],[-78.63202851,-2.959497121],[-78.631730242,-2.963679846],[-78.632872581,-2.965144636],[-78.632107267,-2.967980457],[-78.633045666,-2.971160327],[-78.635095514,-2.973591203],[-78.636603666,-2.977956847],[-78.637748215,-2.980758964],[-78.644234293,-2.984293915],[-78.647021101,-2.98714602],[-78.650092502,-2.985947214],[-78.651916879,-2.987199599],[-78.656998111,-2.987310955],[-78.658819695,-2.989888336],[-78.657461422,-2.992058821],[-78.659932053,-2.994846341],[-78.657670427,-2.999477788],[-78.66195799,-3.003977701],[-78.662463487,-3.009302501],[-78.664855039,-3.01235709],[-78.662542397,-3.015803347],[-78.664792476,-3.019933913],[-78.665043684,-3.022614374],[-78.667384658,-3.024294832],[-78.67012472,-3.024587756],[-78.675235164,-3.028370834],[-78.676238349,-3.036545803],[-78.673107747,-3.039300416],[-78.673799298,-3.042335534],[-78.671854013,-3.049282638],[-78.671696045,-3.054325146],[-78.67266448,-3.057177091],[-78.671449312,-3.060657501],[-78.672967305,-3.064168123],[-78.677386869,-3.067245884],[-78.681659985,-3.068394492],[-78.683196031,-3.071467855],[-78.682930435,-3.074370855],[-78.684334799,-3.080688131],[-78.682722024,-3.082731939],[-78.684179665,-3.085194167],[-78.684317163,-3.08886693],[-78.689222328,-3.100556791],[-78.688354915,-3.10483321],[-78.693855301,-3.106467017],[-78.695877182,-3.108082953],[-78.695856786,-3.113359691],[-78.697576388,-3.115844926],[-78.697622509,-3.119253297],[-78.70104192,-3.127223598],[-78.703108569,-3.130495899],[-78.705398254,-3.136710001],[-78.710110851,-3.133490188],[-78.716635226,-3.136571616],[-78.718278185,-3.136031082],[-78.721663231,-3.138618657],[-78.72663869,-3.140223087],[-78.727891954,-3.142604637],[-78.730020479,-3.14296313],[-78.732825765,-3.140682769],[-78.736675333,-3.139647015],[-78.746374143,-3.145682406],[-78.748284513,-3.148015203],[-78.750404157,-3.148235068],[-78.750385489,-3.153602349],[-78.753236854,-3.156358016],[-78.754854555,-3.16007725],[-78.763871424,-3.163010104],[-78.766230934,-3.162918341],[-78.77327895,-3.166912475],[-78.777459481,-3.171542641],[-78.783151885,-3.176915174],[-78.782915543,-3.18013913],[-78.783685065,-3.185279805],[-78.789083556,-3.189590929],[-78.790374355,-3.19300459],[-78.79331883,-3.191493271],[-78.795907077,-3.192991411],[-78.799230491,-3.197913988],[-78.804911281,-3.202152773],[-78.805042641,-3.204162286],[-78.810933124,-3.207181635],[-78.811414578,-3.208580876],[-78.811313741,-3.211320615],[-78.813812983,-3.215382533],[-78.817182986,-3.218600986],[-78.818651667,-3.221212357],[-78.822678023,-3.224672843],[-78.824547529,-3.228498035],[-78.827282269,-3.230115196],[-78.826338713,-3.23278591],[-78.829940319,-3.235501373],[-78.830594047,-3.240439178],[-78.834663337,-3.245357939],[-78.83632948,-3.245982555],[-78.841844468,-3.244350126],[-78.845920819,-3.239730328],[-78.845085798,-3.23789866],[-78.84609262,-3.232020308],[-78.850300635,-3.229134841],[-78.853465152,-3.231153099],[-78.856109323,-3.22993878],[-78.863837781,-3.235666114],[-78.865393139,-3.234888209],[-78.866687125,-3.24161037],[-78.874495565,-3.246153825],[-78.878851948,-3.248076508],[-78.879021743,-3.249769399],[-78.882851838,-3.250791753],[-78.885868704,-3.250381841],[-78.892006506,-3.251554891],[-78.894359168,-3.253599298],[-78.898498747,-3.25397852],[-78.901918594,-3.257505036],[-78.902019491,-3.262072258],[-78.903362625,-3.265531777],[-78.90563716,-3.268161121],[-78.908273656,-3.268578964],[-78.910777986,-3.271938949],[-78.913927928,-3.273673835],[-78.921404473,-3.27193794],[-78.923889239,-3.269200952],[-78.926923727,-3.271992268],[-78.930491693,-3.273018719],[-78.934404999,-3.273106867],[-78.935649742,-3.275987084],[-78.934453609,-3.27780024],[-78.936310868,-3.280889951],[-78.933854843,-3.288848888],[-78.934534856,-3.296277055],[-78.938257857,-3.296036025],[-78.941354708,-3.297873532],[-78.94777216,-3.297487699],[-78.952601483,-3.302543744],[-78.950755858,-3.30694615],[-78.946799327,-3.308424283],[-78.948775843,-3.312558633],[-78.946502003,-3.314845918],[-78.947276065,-3.31806259],[-78.945342557,-3.323053373],[-78.945768531,-3.326331396],[-78.944567284,-3.327511697],[-78.943657611,-3.334657248],[-78.941626463,-3.335827796],[-78.942966106,-3.343416429],[-78.947514267,-3.342197808],[-78.951136796,-3.343638695],[-78.957113185,-3.342710988],[-78.96158561,-3.343390324],[-78.961274956,-3.346418843],[-78.967263487,-3.348700778],[-78.967786207,-3.351995783],[-78.969208197,-3.353385946],[-78.975988758,-3.349668499],[-78.978927233,-3.351676351],[-78.981136538,-3.350113705],[-78.983180591,-3.352707149],[-78.990014869,-3.353697295],[-78.993842203,-3.358874014],[-78.996836771,-3.360641817],[-79.001995759,-3.361587613],[-79.004804163,-3.36648312],[-79.010527358,-3.366121678],[-79.01790378,-3.374200435],[-79.019947108,-3.373745302],[-79.023534997,-3.375812373],[-79.026960976,-3.376730818],[-79.029470707,-3.378723913],[-79.029943803,-3.38138748],[-79.028674277,-3.385115205],[-79.030672355,-3.385865674],[-79.0354031,-3.390391186],[-79.041223686,-3.391618269],[-79.048790888,-3.397404668],[-79.05124925,-3.40013688],[-79.051928476,-3.405676444],[-79.049635611,-3.407848116],[-79.050025997,-3.410612684],[-79.054374419,-3.414592758],[-79.058384781,-3.423437919],[-79.057074761,-3.426435213],[-79.060032929,-3.432092212],[-79.065918395,-3.434494582],[-79.060886149,-3.438235538],[-79.056551688,-3.447048118],[-79.055420607,-3.448351999],[-79.054213595,-3.454417852],[-79.055993346,-3.454697578],[-79.056199567,-3.458645313],[-79.054112635,-3.461755222],[-79.048170458,-3.464157097],[-79.047843772,-3.468421339],[-79.043734162,-3.470850953],[-79.042862874,-3.472375104],[-79.043578972,-3.478390812],[-79.044784609,-3.482527202],[-79.047841015,-3.482748872],[-79.04848555,-3.484946667],[-79.053982487,-3.487728653],[-79.055751325,-3.490076786],[-79.057878978,-3.497389709],[-79.062286993,-3.501453837],[-79.067106734,-3.502133682],[-79.066153366,-3.508435472],[-79.067574037,-3.512242215],[-79.067345605,-3.514615093],[-79.063881908,-3.516807181],[-79.062522994,-3.519679567],[-79.059893345,-3.520542484],[-79.061823948,-3.524032305],[-79.061102557,-3.529384608],[-79.057657602,-3.529601686],[-79.056379627,-3.534189222],[-79.056207976,-3.537727081],[-79.057129803,-3.540951458],[-79.053859912,-3.543671792],[-79.051637927,-3.543961354],[-79.051416043,-3.547592394],[-79.046081936,-3.549442616],[-79.04630849,-3.552098539],[-79.048539103,-3.552809],[-79.048660246,-3.556777671],[-79.051747666,-3.559480506],[-79.049347822,-3.561676321],[-79.05118979,-3.565484527],[-79.053921382,-3.568576399],[-79.055503756,-3.574692095],[-79.050777206,-3.574837529],[-79.046772557,-3.57294252],[-79.044907352,-3.576794067],[-79.046289739,-3.578282276],[-79.054291105,-3.581069641],[-79.057159603,-3.583909444],[-79.057830269,-3.586239776],[-79.063572992,-3.586945767],[-79.068389107,-3.589839447],[-79.068754025,-3.591520116],[-79.065585075,-3.595607855],[-79.056518574,-3.600149924],[-79.061578095,-3.604109066],[-79.059034533,-3.607751893],[-79.060624847,-3.610111722],[-79.066684326,-3.61132938],[-79.067883312,-3.617555392],[-79.072667673,-3.618098377],[-79.076422974,-3.620742382],[-79.081171915,-3.622994949],[-79.086528554,-3.623723341],[-79.092468769,-3.623848406],[-79.095134502,-3.624992965],[-79.097595518,-3.625131204],[-79.102840533,-3.627100102],[-79.105027568,-3.625957308],[-79.106688886,-3.621549081],[-79.105613905,-3.616956657],[-79.109969786,-3.612565272],[-79.115074234,-3.611935703],[-79.116825046,-3.609543509],[-79.11804695,-3.601466045],[-79.12513049,-3.600095448],[-79.128577025,-3.601213226],[-79.133444982,-3.598405367],[-79.133324335,-3.592533135],[-79.135029057,-3.590980094],[-79.135391395,-3.584244454],[-79.134677114,-3.580080661],[-79.13724241,-3.578513657],[-79.138218876,-3.575781315],[-79.138294371,-3.570921235],[-79.139894322,-3.567700262],[-79.139576437,-3.558447953],[-79.13724509,-3.553951956],[-79.134565684,-3.550435172],[-79.136089526,-3.546519068],[-79.135538824,-3.543340478],[-79.133150088,-3.540661577],[-79.135322711,-3.537694092],[-79.137282763,-3.53063592],[-79.136163562,-3.527753137],[-79.141906279,-3.524723387],[-79.143856788,-3.520820202],[-79.148703734,-3.517152877],[-79.151527186,-3.514211656],[-79.154692754,-3.506056125],[-79.158912237,-3.503807843],[-79.159001827,-3.498813913],[-79.157416251,-3.496444884],[-79.156039866,-3.489003284],[-79.158251289,-3.487866215],[-79.158577059,-3.482056105],[-79.159353852,-3.479990424],[-79.158563974,-3.475292768],[-79.160548877,-3.471531518],[-79.166390246,-3.470797503],[-79.172722152,-3.467166899],[-79.175650903,-3.467766307],[-79.176426976,-3.463268942],[-79.17971622,-3.45707447],[-79.180169468,-3.451652471],[-79.179615999,-3.449978455],[-79.180279827,-3.442499454],[-79.183423455,-3.439159353],[-79.189958186,-3.43980237],[-79.192534386,-3.442002015],[-79.194840141,-3.445947332],[-79.1984769,-3.446412391],[-79.205163259,-3.448832348],[-79.208463667,-3.448915581],[-79.210750507,-3.4509238],[-79.213034736,-3.455102978],[-79.217715046,-3.454456563],[-79.221682117,-3.458980043],[-79.222337348,-3.462422177],[-79.226318578,-3.462546365],[-79.228879151,-3.464692985],[-79.23145978,-3.462464926],[-79.235292322,-3.464978265],[-79.240639917,-3.466053253],[-79.241760212,-3.467883552],[-79.245039595,-3.468773243],[-79.248732696,-3.46976012],[-79.253836262,-3.472145514],[-79.256468966,-3.475672409],[-79.263633665,-3.476241233],[-79.273673841,-3.475982783],[-79.276804486,-3.476617961],[-79.279428309,-3.47289472],[-79.281135844,-3.472296436],[-79.281634704,-3.468522215],[-79.28423313,-3.468863864],[-79.286203467,-3.467039013],[-79.289162516,-3.466945252],[-79.288577324,-3.461452106],[-79.290540929,-3.459955107],[-79.289694909,-3.457801587],[-79.294845174,-3.4491014],[-79.296765001,-3.447827948],[-79.297620012,-3.444903064],[-79.296705184,-3.441094634],[-79.29960046,-3.439094886],[-79.299288858,-3.437277605],[-79.301976114,-3.435541112],[-79.301224844,-3.433367826],[-79.303451477,-3.428767374],[-79.303941398,-3.422432992],[-79.303295114,-3.417635002],[-79.301418352,-3.41680805],[-79.302607136,-3.412146519],[-79.299523223,-3.408315186],[-79.300567338,-3.405190525],[-79.304754709,-3.404600117],[-79.305547188,-3.402340543],[-79.308448126,-3.399944173],[-79.308695474,-3.393625612],[-79.305526855,-3.391100762],[-79.30484274,-3.383978223],[-79.301168693,-3.377105165],[-79.30241582,-3.368671311],[-79.301683584,-3.367601245],[-79.301726451,-3.363838444],[-79.304521731,-3.361201819],[-79.305151198,-3.357578691],[-79.308476442,-3.356826335],[-79.312314514,-3.354668397],[-79.324370901,-3.349370343],[-79.329367361,-3.348852717],[-79.331948185,-3.344368771],[-79.331631113,-3.341805672],[-79.334346168,-3.33981002],[-79.340825082,-3.342844191],[-79.346258761,-3.34169055],[-79.348552,-3.339083754],[-79.351076661,-3.339318668],[-79.353637534,-3.342524843],[-79.357235222,-3.343498918],[-79.358813923,-3.342643187],[-79.362656081,-3.343742855],[-79.364374743,-3.343442104],[-79.367142206,-3.345375862],[-79.371752245,-3.344337156],[-79.375412317,-3.348557809],[-79.377528764,-3.349396599],[-79.381647903,-3.346701575],[-79.390516797,-3.345815852],[-79.392502262,-3.346615599],[-79.404000769,-3.345211867],[-79.407370048,-3.343005063],[-79.410844007,-3.343938416],[-79.417706341,-3.341862884],[-79.42280725,-3.341666846],[-79.428411833,-3.344026505],[-79.433496212,-3.342104037],[-79.436045688,-3.338033268],[-79.439821076,-3.337643579],[-79.441658874,-3.335821069],[-79.447886578,-3.334771767],[-79.451744107,-3.330659991],[-79.456055449,-3.329418435],[-79.461519468,-3.330171432],[-79.467371097,-3.327855711],[-79.4733161,-3.322178144],[-79.475552191,-3.318590454],[-79.479962279,-3.317627245],[-79.482712418,-3.315326822],[-79.487222824,-3.316043248],[-79.491984545,-3.315302767],[-79.49366045,-3.314200783],[-79.496969644,-3.314986866],[-79.502132877,-3.313490023],[-79.507947528,-3.310818141],[-79.512440785,-3.310110209],[-79.514452265,-3.307647708],[-79.522857415,-3.308889537],[-79.526058178,-3.311549543],[-79.534634728,-3.313636492],[-79.536931038,-3.313213484],[-79.540123282,-3.314583613],[-79.553931077,-3.316428371],[-79.557548552,-3.314419933],[-79.564347788,-3.316400696],[-79.567825979,-3.315362264],[-79.569327135,-3.314712738],[-79.573981553,-3.317808095],[-79.577322167,-3.323392339],[-79.580134084,-3.325083439],[-79.588914301,-3.322384855],[-79.591359535,-3.323085162],[-79.596595386,-3.322414989],[-79.603694149,-3.326207051],[-79.607431292,-3.324182058],[-79.608792465,-3.324734372],[-79.61082168,-3.329326366],[-79.615779148,-3.327620616],[-79.616751823,-3.324948382],[-79.62115824,-3.324729633],[-79.62456449,-3.327262506],[-79.628022332,-3.324297161],[-79.627679394,-3.320898614],[-79.631092305,-3.318529503],[-79.631674409,-3.321167409],[-79.63509236,-3.322062357],[-79.63746601,-3.323984847],[-79.641817495,-3.325181482],[-79.646395335,-3.324500286],[-79.649099923,-3.326473468],[-79.656153318,-3.325994964],[-79.658915665,-3.322251243],[-79.662278276,-3.32362181],[-79.666861977,-3.322644494],[-79.669466073,-3.320306841],[-79.662617539,-3.320312033],[-79.660337579,-3.318607482],[-79.6550207,-3.31015374],[-79.652238268,-3.307236593],[-79.650452888,-3.306946992],[-79.645624682,-3.30255832],[-79.644477142,-3.302538951],[-79.638811698,-3.288298057],[-79.639725486,-3.281697966],[-79.637744923,-3.280528663],[-79.636697915,-3.275109437],[-79.63330906,-3.267822144],[-79.638466482,-3.258385242],[-79.636780377,-3.248273204],[-79.632632568,-3.243554322],[-79.630429331,-3.239133604],[-79.62889429,-3.23405579],[-79.625769744,-3.229887005],[-79.622160512,-3.227311809],[-79.615715115,-3.2255808],[-79.613624405,-3.223346859],[-79.609633873,-3.22225077],[-79.602099043,-3.216162136],[-79.600749227,-3.211658739],[-79.60140351,-3.202469274],[-79.59941039,-3.199057097],[-79.601253666,-3.195455425],[-79.600235364,-3.189063678],[-79.598927738,-3.186003659],[-79.598653086,-3.180915878],[-79.600268415,-3.178690136],[-79.59986013,-3.176181693],[-79.602049299,-3.174814008],[-79.603984436,-3.170948381],[-79.602937893,-3.169036158],[-79.604555284,-3.165909267],[-79.607157162,-3.1644789],[-79.60643665,-3.16118912],[-79.607167269,-3.158157445],[-79.611519304,-3.157624414],[-79.616633617,-3.151423113],[-79.616700634,-3.148195446],[-79.619716342,-3.136649961],[-79.630089953,-3.136246588],[-79.636785221,-3.137183905],[-79.638213243,-3.134150263],[-79.640700981,-3.134198906],[-79.64132763,-3.131418249],[-79.64439053,-3.13084258],[-79.652323053,-3.126890056],[-79.658157189,-3.127332013],[-79.664798664,-3.124227298],[-79.667308226,-3.12202889],[-79.672958647,-3.121059703],[-79.681137303,-3.115665762],[-79.684664448,-3.112191529],[-79.688723555,-3.105502698],[-79.693337542,-3.104028081],[-79.697357201,-3.103821994],[-79.700912615,-3.104811383],[-79.706435072,-3.10448794],[-79.709285256,-3.101594538],[-79.716310338,-3.099706591],[-79.719386787,-3.097640299],[-79.722318644,-3.097030621],[-79.727741666,-3.098538855],[-79.736355084,-3.09469964],[-79.739709485,-3.090575512],[-79.740781603,-3.086910786],[-79.745655295,-3.083535118],[-79.747801195,-3.079644031],[-79.750479831,-3.077129817],[-79.754693082,-3.075217765],[-79.756868601,-3.070139277],[-79.763047598,-3.067283079],[-79.763772806,-3.062259539],[-79.760281402,-3.063406552],[-79.755628721,-3.059847679],[-79.755781062,-3.058209035],[-79.751240435,-3.054427798],[-79.747069146,-3.046036607],[-79.745401282,-3.045162263],[-79.745445806,-3.029799582],[-79.739562682,-3.029560664],[-79.734052099,-3.009989435],[-79.725617604,-3.014669161],[-79.723352138,-3.015239839],[-79.713545924,-3.015245385],[-79.713214891,-3.011770364],[-79.716913901,-3.005725924],[-79.715460253,-3.000578074],[-79.716715133,-2.997365134],[-79.715937107,-2.994604488],[-79.718327007,-2.991055448],[-79.721134026,-2.99101993],[-79.727776244,-2.985859165],[-79.725866837,-2.979211981],[-79.723061552,-2.979152746],[-79.717604246,-2.977236424],[-79.715953372,-2.975436325],[-79.71156582,-2.974921453],[-79.7094541,-2.973123984],[-79.702212571,-2.976491231],[-79.692512387,-2.97538675],[-79.689574672,-2.976703789],[-79.684606511,-2.976478046],[-79.67799344,-2.974835694],[-79.673937637,-2.972616578],[-79.669945871,-2.971505169],[-79.664579486,-2.972526498],[-79.658534224,-2.976392256],[-79.656038741,-2.980634486],[-79.654923786,-2.985356994],[-79.651390684,-2.988620405],[-79.645252008,-2.989478686],[-79.645251945,-2.982966389],[-79.635523307,-2.977604267],[-79.636995579,-2.97428197],[-79.635852926,-2.971752251],[-79.640823808,-2.967617282],[-79.642231164,-2.959306301],[-79.645854264,-2.956101374],[-79.637999002,-2.951629698],[-79.634678423,-2.950856643],[-79.62611645,-2.938528747],[-79.61007814,-2.922566792],[-79.608274214,-2.921007842],[-79.603279408,-2.920730966],[-79.593840231,-2.917767688],[-79.596946861,-2.912404114],[-79.596330934,-2.909955051],[-79.591715877,-2.910175826],[-79.585751944,-2.908101111],[-79.585752006,-2.901824206],[-79.59464757,-2.902077935],[-79.600957077,-2.9033461],[-79.613479199,-2.90068149],[-79.620140569,-2.898926886],[-79.620148793,-2.892131524],[-79.614388888,-2.892131388],[-79.612683267,-2.894036565],[-79.594928022,-2.895556208],[-79.561216111,-2.895556111],[-79.560288542,-2.893715127],[-79.555197776,-2.892389809],[-79.55077056,-2.889544671],[-79.550770652,-2.881038049],[-79.552852511,-2.878458682],[-79.556189581,-2.877635298],[-79.560233392,-2.878682601],[-79.562862873,-2.876594094],[-79.568750143,-2.875863611],[-79.570668519,-2.877764327],[-79.57505804,-2.875634674],[-79.577799624,-2.875189878],[-79.583923938,-2.87569795],[-79.585409549,-2.877267092],[-79.591704098,-2.876597679],[-79.594747904,-2.872424765],[-79.597300788,-2.871811545],[-79.600053002,-2.866669381],[-79.601108912,-2.86684417],[-79.601947825,-2.859513648],[-79.601387692,-2.857748126],[-79.606644767,-2.85524658],[-79.610438558,-2.857400675],[-79.615816473,-2.854064525],[-79.622249899,-2.854518405],[-79.626709377,-2.852434136],[-79.628601145,-2.850538276],[-79.634817167,-2.849127088],[-79.636951345,-2.846667195],[-79.64100639,-2.844015732],[-79.647194708,-2.842705668],[-79.655151398,-2.837184093],[-79.65740574,-2.83423554],[-79.663071282,-2.831974344],[-79.670315573,-2.824850486],[-79.661283281,-2.820641372],[-79.657189119,-2.818311765],[-79.650882877,-2.817586843],[-79.646623546,-2.819296274],[-79.642848671,-2.816279478],[-79.63777576,-2.815506554],[-79.636473293,-2.818112244],[-79.636214208,-2.823018097],[-79.631038235,-2.82375327],[-79.626764646,-2.820584262],[-79.621430949,-2.813984636],[-79.616936009,-2.813813641],[-79.557886889,-2.789769866],[-79.502940759,-2.767744293],[-79.488303027,-2.692981705],[-79.487503982,-2.68391329],[-79.486969362,-2.677846011],[-79.460040108,-2.657386326],[-79.46445659,-2.645240129],[-79.46382857,-2.640516282],[-79.464276654,-2.636222538],[-79.46636197,-2.632526995],[-79.466176466,-2.629419923],[-79.467388267,-2.624874503],[-79.471518697,-2.621858189],[-79.473097778,-2.618543611],[-79.473097778,-2.607571944],[-79.452309259,-2.607572031],[-79.447312364,-2.611099526],[-79.444134113,-2.608920312],[-79.440523641,-2.603178916],[-79.437172937,-2.601764413],[-79.433612166,-2.604430859],[-79.429683968,-2.605053126],[-79.424997779,-2.606784633],[-79.424997658,-2.555767189],[-79.428285802,-2.553095638],[-79.42828735,-2.518038778],[-79.424328786,-2.520653563],[-79.41958512,-2.520143633],[-79.4116775,-2.520628333],[-79.397492101,-2.516904945]]]]},"properties":{"codigo":"01","nombre":"AZUAY","nivel":"Provincia","codigo_provincia":"01","provincia":"AZUAY"},"id":"01"},{"type":"Feature","geometry":{"type":"MultiPolygon","coordinates":[[[[-79.096497992,-1.152117198],[-79.094924698,-1.155075059],[-79.093191307,-1.154642015],[-79.088447437,-1.155998622],[-79.087744178,-1.158496],[-79.082961188,-1.161068187],[-79.078565719,-1.16949158],[-79.073720155,-1.171694684],[-79.071950743,-1.173839303],[-79.071349303,-1.176885487],[-79.069129234,-1.177699305],[-79.0651251,-1.182046026],[-79.061506912,-1.182340983],[-79.060744298,-1.184929766],[-79.058371122,-1.186700521],[-79.056746308,-1.187545142],[-79.05226635,-1.186896027],[-79.049315901,-1.187723743],[-79.047412856,-1.190174907],[-79.045859741,-1.197004472],[-79.041646635,-1.197486616],[-79.041033297,-1.196079159],[-79.034329354,-1.19781041],[-79.033243864,-1.200112018],[-79.030624092,-1.20210629],[-79.029910599,-1.205363181],[-79.027400664,-1.207968041],[-79.021908337,-1.209139133],[-79.013644822,-1.21395788],[-79.010391164,-1.214288482],[-79.00317366,-1.216252466],[-78.995904224,-1.21647096],[-78.992027521,-1.218557957],[-78.98939306,-1.217279458],[-78.988397242,-1.219114066],[-78.984558171,-1.219187729],[-78.98325891,-1.215224173],[-78.979743811,-1.216640054],[-78.975139504,-1.214299776],[-78.973571101,-1.211687014],[-78.969066675,-1.212759647],[-78.965489388,-1.211386686],[-78.962210867,-1.211651572],[-78.96211986,-1.214018993],[-78.958536416,-1.216330294],[-78.956285868,-1.21435364],[-78.950661721,-1.211923089],[-78.946975278,-1.211195415],[-78.948512997,-1.20616871],[-78.947647283,-1.205036078],[-78.942230211,-1.205547365],[-78.938225903,-1.207284827],[-78.931889951,-1.211688197],[-78.927084361,-1.21306267],[-78.921718243,-1.211663088],[-78.918477641,-1.208391006],[-78.909098748,-1.205511718],[-78.901841227,-1.204252271],[-78.899431948,-1.201425033],[-78.893203278,-1.203070658],[-78.890687009,-1.202202664],[-78.889272132,-1.198210356],[-78.892053577,-1.197200639],[-78.892526944,-1.193479988],[-78.887331053,-1.194259716],[-78.883202871,-1.196318727],[-78.877748181,-1.196238373],[-78.869053744,-1.191977007],[-78.869522046,-1.186302202],[-78.866067941,-1.185980732],[-78.863101836,-1.194000434],[-78.868772324,-1.196487494],[-78.871147871,-1.199096388],[-78.873470421,-1.203853028],[-78.875904121,-1.204733452],[-78.880523969,-1.208919518],[-78.883091718,-1.2091],[-78.884796043,-1.213038491],[-78.891484886,-1.219874507],[-78.893616538,-1.224840082],[-78.891785536,-1.232837584],[-78.894306529,-1.240401261],[-78.890711307,-1.244031784],[-78.890387873,-1.24791268],[-78.891536877,-1.250702467],[-78.890320395,-1.255015264],[-78.886786482,-1.25610504],[-78.88517785,-1.258602649],[-78.888548803,-1.263199251],[-78.887034559,-1.267371551],[-78.891520419,-1.269925867],[-78.892639807,-1.273205068],[-78.890832021,-1.274077583],[-78.891748789,-1.277538801],[-78.893931216,-1.280662434],[-78.893257699,-1.285015324],[-78.896954032,-1.288366537],[-78.896722031,-1.291058047],[-78.898090717,-1.295584707],[-78.89938475,-1.29578148],[-78.903728811,-1.300770702],[-78.905535483,-1.305368613],[-78.912193519,-1.306736987],[-78.91585988,-1.312302053],[-78.912694795,-1.317332193],[-78.915332168,-1.325214056],[-78.918888588,-1.328764499],[-78.922924927,-1.330042073],[-78.927137692,-1.3335056],[-78.931520466,-1.3354164],[-78.934232278,-1.338803176],[-78.93337118,-1.344005826],[-78.933389895,-1.350000681],[-78.93539254,-1.353525638],[-78.937845818,-1.355060423],[-78.938889482,-1.359670118],[-78.93793375,-1.362192393],[-78.934707767,-1.365273987],[-78.931860926,-1.366377673],[-78.931360027,-1.368429738],[-78.927238887,-1.373289228],[-78.926213683,-1.376941196],[-78.931477084,-1.383521143],[-78.929504437,-1.387416582],[-78.925508097,-1.392210009],[-78.926432798,-1.396890968],[-78.931736961,-1.401965133],[-78.929672888,-1.402013325],[-78.92699197,-1.404741031],[-78.924806173,-1.405536451],[-78.923168404,-1.408347221],[-78.918918383,-1.410117622],[-78.91691516,-1.409962356],[-78.914923402,-1.414152607],[-78.913100857,-1.420099188],[-78.907793223,-1.425537801],[-78.909852238,-1.430774553],[-78.901580093,-1.439842645],[-78.896230151,-1.443207688],[-78.889892401,-1.452088342],[-78.886597591,-1.458778702],[-78.883189886,-1.459753394],[-78.88094105,-1.461527027],[-78.874828139,-1.463785824],[-78.871513361,-1.468381646],[-78.869028381,-1.468102698],[-78.861202126,-1.470493645],[-78.852560945,-1.47089641],[-78.859280484,-1.475845311],[-78.864207973,-1.480908477],[-78.866718871,-1.481006026],[-78.868628215,-1.483337677],[-78.866935953,-1.489013731],[-78.867736415,-1.491401685],[-78.87779491,-1.491401671],[-78.878609175,-1.495994542],[-78.875039002,-1.498651719],[-78.869693482,-1.507512037],[-78.867694444,-1.511988888],[-78.869362438,-1.515141711],[-78.874566752,-1.518583628],[-78.877430167,-1.528990855],[-78.876426277,-1.53205469],[-78.880562365,-1.53366234],[-78.881878278,-1.539289764],[-78.883967581,-1.539903625],[-78.884043969,-1.545279684],[-78.88531619,-1.547137242],[-78.883923331,-1.551745181],[-78.887058316,-1.565554653],[-78.889402453,-1.570545073],[-78.890382919,-1.576403124],[-78.891883333,-1.580744443],[-78.894583333,-1.584419444],[-78.897252497,-1.599926551],[-78.895954827,-1.611851382],[-78.8965976,-1.616298439],[-78.894806431,-1.621107075],[-78.89161488,-1.626747465],[-78.887669826,-1.629561347],[-78.879191784,-1.627381312],[-78.866586193,-1.632549424],[-78.851263162,-1.628671537],[-78.851676441,-1.635682093],[-78.85154267,-1.644242468],[-78.85411528,-1.654105361],[-78.853727186,-1.661580241],[-78.852878387,-1.665207471],[-78.855874765,-1.667001584],[-78.857786629,-1.671066532],[-78.860702766,-1.674247973],[-78.862441699,-1.679216003],[-78.860907278,-1.684129737],[-78.860543421,-1.688192035],[-78.85923713,-1.69002631],[-78.863962968,-1.695728583],[-78.864041526,-1.701668997],[-78.866608938,-1.70804437],[-78.866761417,-1.714187414],[-78.863341415,-1.718654968],[-78.866841101,-1.718241342],[-78.871439532,-1.71919096],[-78.875320341,-1.721186857],[-78.879268923,-1.731423249],[-78.878738628,-1.734317938],[-78.879919404,-1.740699998],[-78.887277714,-1.740256342],[-78.891905418,-1.738652851],[-78.896320587,-1.735668339],[-78.899620714,-1.73619528],[-78.906025842,-1.732622419],[-78.911738737,-1.735883733],[-78.915448816,-1.739097022],[-78.921590165,-1.740457806],[-78.923675347,-1.744507194],[-78.927063555,-1.748906223],[-78.927393499,-1.751848489],[-78.932487697,-1.75713538],[-78.936467087,-1.757878098],[-78.943161114,-1.756627832],[-78.947801912,-1.754641693],[-78.952347476,-1.755039009],[-78.956922675,-1.755173246],[-78.963730671,-1.754197734],[-78.967083267,-1.754725698],[-78.969524719,-1.753861813],[-78.972380787,-1.754925112],[-78.976086741,-1.753385738],[-78.984336472,-1.755698444],[-78.986826213,-1.758038827],[-78.98690537,-1.760043631],[-78.990532169,-1.763287421],[-78.995230338,-1.765406415],[-78.996455201,-1.768933805],[-78.999486501,-1.771503539],[-79.005563389,-1.772299798],[-79.012597805,-1.77476803],[-79.011102276,-1.780281916],[-79.011301524,-1.782925626],[-79.008413074,-1.791606521],[-79.008721716,-1.796398629],[-79.00980444,-1.799885397],[-79.007658148,-1.801555252],[-79.007693076,-1.804414084],[-79.009922147,-1.809701128],[-79.010195963,-1.815861599],[-79.012098662,-1.823106639],[-79.01123409,-1.830985915],[-79.01235245,-1.832841196],[-79.014682662,-1.840696538],[-79.014413749,-1.844679423],[-79.015370159,-1.847853292],[-79.019769916,-1.84936539],[-79.021834777,-1.852621257],[-79.022523727,-1.858459281],[-79.020382506,-1.86238923],[-79.017536337,-1.864180243],[-79.017748802,-1.867327633],[-79.016372762,-1.870850469],[-79.016948321,-1.874385757],[-79.013105085,-1.880069071],[-79.015576326,-1.886448611],[-79.010922171,-1.896111536],[-79.008040912,-1.907376144],[-79.010046262,-1.910209043],[-79.007476358,-1.915304501],[-79.008114456,-1.921107994],[-79.00665322,-1.92474639],[-79.008209861,-1.927404621],[-79.007143269,-1.931881736],[-79.008432068,-1.935043408],[-79.008666384,-1.942063853],[-79.008034084,-1.944194153],[-79.009220433,-1.946695513],[-79.011862384,-1.949066489],[-79.014319906,-1.955805353],[-79.016702339,-1.959691455],[-79.014813292,-1.965063077],[-79.013618398,-1.965289413],[-79.01516299,-1.972595492],[-79.014575739,-1.976390099],[-79.016294632,-1.982228339],[-79.015802508,-1.985170637],[-79.016641466,-1.988349071],[-79.0165197,-1.99458312],[-79.018188192,-1.99756412],[-79.018367966,-2.000913149],[-79.026554015,-2.009842011],[-79.027389327,-2.016042308],[-79.027178479,-2.019889259],[-79.029525004,-2.02194878],[-79.030384154,-2.026951658],[-79.029805118,-2.0349656],[-79.032568321,-2.037224105],[-79.033917304,-2.044906674],[-79.035680361,-2.047549584],[-79.036316671,-2.051447209],[-79.035443634,-2.054186093],[-79.035681357,-2.057747214],[-79.037603986,-2.060040794],[-79.032766957,-2.065435781],[-79.030421957,-2.065762104],[-79.029723567,-2.068625217],[-79.025904682,-2.069944186],[-79.023696977,-2.073432311],[-79.023131405,-2.081190919],[-79.024095182,-2.086227711],[-79.025777509,-2.087493941],[-79.025396383,-2.092930504],[-79.027532793,-2.098108669],[-79.025980745,-2.100621135],[-79.027401817,-2.1060194],[-79.031802064,-2.116628513],[-79.031553759,-2.118001556],[-79.035248385,-2.122580029],[-79.036614495,-2.126370029],[-79.040076773,-2.128296297],[-79.043206028,-2.134065535],[-79.047218137,-2.137766149],[-79.049149863,-2.140276299],[-79.048487015,-2.1434186],[-79.050181274,-2.144003432],[-79.052033617,-2.149827056],[-79.054052965,-2.149658591],[-79.057430012,-2.151517811],[-79.060640147,-2.155119463],[-79.062586886,-2.155017505],[-79.062932926,-2.158036464],[-79.067169788,-2.161238339],[-79.068333043,-2.164048231],[-79.07189721,-2.166382969],[-79.072355948,-2.168445787],[-79.076387577,-2.169723696],[-79.079166988,-2.175832624],[-79.080918841,-2.178356447],[-79.088140287,-2.184724683],[-79.093540314,-2.186343084],[-79.10066406,-2.191917917],[-79.103134064,-2.194528806],[-79.105724812,-2.194115996],[-79.108283104,-2.196190927],[-79.107837153,-2.199056487],[-79.111025697,-2.201429058],[-79.125465326,-2.203044352],[-79.126989719,-2.202705993],[-79.126607643,-2.191599221],[-79.132150437,-2.174742823],[-79.123302863,-2.167069056],[-79.121105066,-2.166980323],[-79.116650064,-2.16265734],[-79.11665,-2.155691333],[-79.113020703,-2.153987648],[-79.106355456,-2.144793764],[-79.110194136,-2.144647754],[-79.112082929,-2.142369462],[-79.117020711,-2.139451059],[-79.121067755,-2.141027422],[-79.121664374,-2.137049091],[-79.119665842,-2.130932139],[-79.116469964,-2.12700585],[-79.116453069,-2.125373517],[-79.122300412,-2.11963836],[-79.127291419,-2.117729183],[-79.133251728,-2.118229126],[-79.13565088,-2.120252561],[-79.147575686,-2.122212444],[-79.155543361,-2.119921706],[-79.162090615,-2.121994759],[-79.164180968,-2.124922785],[-79.165679192,-2.130347745],[-79.16872656,-2.13303088],[-79.169309515,-2.135561322],[-79.169050549,-2.141634169],[-79.175534881,-2.145871978],[-79.17993804,-2.14497001],[-79.181167554,-2.142548152],[-79.183602265,-2.143760237],[-79.187929237,-2.141686039],[-79.191186202,-2.135019952],[-79.194786072,-2.131172298],[-79.196265718,-2.132743853],[-79.200299866,-2.133257075],[-79.206695839,-2.130648822],[-79.208893267,-2.128782645],[-79.218973699,-2.124938361],[-79.223754392,-2.121921722],[-79.228263318,-2.117675441],[-79.229916065,-2.114577533],[-79.231560109,-2.108165412],[-79.228085423,-2.107377694],[-79.222531812,-2.108330138],[-79.219550366,-2.110919736],[-79.214640606,-2.113207412],[-79.207195462,-2.110415157],[-79.205443851,-2.108493623],[-79.207825214,-2.097403915],[-79.209346741,-2.094332216],[-79.212019676,-2.094261768],[-79.218044755,-2.095596516],[-79.221940554,-2.095215874],[-79.221940434,-2.084313069],[-79.219348862,-2.085001466],[-79.216230383,-2.087386568],[-79.213397059,-2.087894882],[-79.211455545,-2.086559432],[-79.199645219,-2.085816424],[-79.188052778,-2.076943055],[-79.211464077,-2.076942961],[-79.226624447,-2.076564346],[-79.229085586,-2.07239511],[-79.235668091,-2.067421045],[-79.240279826,-2.061682227],[-79.240859463,-2.054153288],[-79.244818489,-2.054752513],[-79.247599384,-2.048296658],[-79.253610619,-2.046049747],[-79.25417799,-2.043805291],[-79.257644245,-2.041238663],[-79.261937247,-2.035763702],[-79.264515976,-2.033632182],[-79.266465432,-2.027576787],[-79.265774492,-2.021897222],[-79.264362172,-2.019424864],[-79.261243994,-2.016895863],[-79.267543522,-2.013618718],[-79.268918423,-2.012159476],[-79.271559321,-2.004241426],[-79.267522023,-2.001661775],[-79.262612571,-2.001843794],[-79.25902447,-2.002850233],[-79.25897128,-2.004913576],[-79.253332999,-2.004608779],[-79.246504366,-2.001464026],[-79.24379776,-1.996786277],[-79.242747997,-1.992951398],[-79.240158945,-1.991171321],[-79.240158884,-1.981712095],[-79.248331045,-1.980647925],[-79.251412845,-1.978809236],[-79.256028056,-1.978243056],[-79.256027938,-1.941037614],[-79.24928127,-1.924066213],[-79.246213056,-1.916165555],[-79.246213119,-1.857974937],[-79.241708627,-1.857791983],[-79.239519083,-1.853712777],[-79.236927929,-1.851793702],[-79.234109387,-1.852055775],[-79.231548171,-1.849380347],[-79.230107824,-1.844733465],[-79.230406459,-1.840437562],[-79.231890233,-1.8370756],[-79.234213728,-1.834590601],[-79.235620767,-1.829419452],[-79.245376779,-1.824193205],[-79.245783865,-1.821435502],[-79.248745245,-1.816618493],[-79.24428227,-1.810936435],[-79.241347908,-1.809007412],[-79.239098514,-1.805551236],[-79.239511204,-1.803190104],[-79.244074459,-1.800727763],[-79.244801825,-1.797294862],[-79.247265003,-1.794190392],[-79.247091483,-1.791398518],[-79.248978634,-1.787461715],[-79.245606199,-1.779608152],[-79.246835377,-1.776221022],[-79.247047519,-1.772498998],[-79.245020969,-1.771108787],[-79.240874935,-1.770420438],[-79.234774325,-1.769270671],[-79.230681079,-1.758482128],[-79.234303972,-1.756783789],[-79.238322676,-1.756733078],[-79.242835357,-1.753250391],[-79.241958268,-1.751986862],[-79.237180214,-1.752592594],[-79.236289332,-1.749747841],[-79.231784509,-1.743607604],[-79.234858865,-1.732710205],[-79.236238151,-1.731280967],[-79.241046221,-1.729249082],[-79.242428179,-1.725389839],[-79.24621799,-1.7260844],[-79.249574413,-1.723498975],[-79.253376113,-1.718025056],[-79.258984252,-1.712784885],[-79.259744211,-1.710830565],[-79.262944706,-1.708711531],[-79.264025227,-1.705934848],[-79.261144696,-1.703294223],[-79.262063706,-1.70115092],[-79.260911321,-1.697884702],[-79.262645,-1.694279078],[-79.269587421,-1.691976418],[-79.27043916,-1.684127095],[-79.272445826,-1.684369071],[-79.272853399,-1.680144901],[-79.269070794,-1.679225243],[-79.269759501,-1.675810764],[-79.273590793,-1.672884349],[-79.273247115,-1.668807955],[-79.278041325,-1.66660132],[-79.282620189,-1.667229682],[-79.285428382,-1.666804133],[-79.28711245,-1.668673565],[-79.291326256,-1.669455474],[-79.290763709,-1.666020776],[-79.288186645,-1.660294283],[-79.288549932,-1.65132867],[-79.29145293,-1.650502832],[-79.295061224,-1.65168315],[-79.297199147,-1.65401069],[-79.303775687,-1.654159921],[-79.304525205,-1.656313995],[-79.30928141,-1.655346615],[-79.312019479,-1.656569275],[-79.315595833,-1.659705556],[-79.319543509,-1.659705053],[-79.319944444,-1.647644444],[-79.347969328,-1.644923122],[-79.355654446,-1.637736316],[-79.353505999,-1.633476035],[-79.349780874,-1.634397171],[-79.344585987,-1.630680824],[-79.341467872,-1.632504214],[-79.3389768,-1.629786188],[-79.332480938,-1.628390376],[-79.330557804,-1.629329119],[-79.326807164,-1.62769295],[-79.321609203,-1.627073812],[-79.316749722,-1.627581944],[-79.316749774,-1.620762689],[-79.309241423,-1.61022501],[-79.306648945,-1.608814241],[-79.306608594,-1.606603857],[-79.30269117,-1.601752117],[-79.297440878,-1.600798924],[-79.294718082,-1.599295673],[-79.291362924,-1.601066064],[-79.287873279,-1.605420558],[-79.27933196,-1.610697577],[-79.277904978,-1.609052704],[-79.276809935,-1.604194105],[-79.272292778,-1.599592228],[-79.274001552,-1.595787262],[-79.273066222,-1.592590122],[-79.271090188,-1.591503283],[-79.270745457,-1.588489183],[-79.267048804,-1.584691878],[-79.266312799,-1.582829268],[-79.253827699,-1.569867718],[-79.25311945,-1.566745042],[-79.249765942,-1.563996758],[-79.247922979,-1.560165805],[-79.248638158,-1.55783359],[-79.247130663,-1.555146601],[-79.244779335,-1.545023824],[-79.245482486,-1.543499556],[-79.247425145,-1.543979247],[-79.252266235,-1.540430193],[-79.263168319,-1.538813471],[-79.267177454,-1.542464243],[-79.271485041,-1.540638301],[-79.274435653,-1.536501678],[-79.280406664,-1.53098413],[-79.282700188,-1.530186932],[-79.284093536,-1.527036899],[-79.291078483,-1.524286125],[-79.294773371,-1.524009129],[-79.296470953,-1.52606893],[-79.305194146,-1.525608328],[-79.310563689,-1.519986563],[-79.311642673,-1.515881663],[-79.315766905,-1.515137646],[-79.321828823,-1.512715236],[-79.322742561,-1.508440611],[-79.320835809,-1.499297575],[-79.317670285,-1.494892384],[-79.318594216,-1.492054754],[-79.321999267,-1.488694782],[-79.324039039,-1.483246542],[-79.328028797,-1.481055203],[-79.328579393,-1.474763645],[-79.332254317,-1.469239769],[-79.338213847,-1.470156528],[-79.333136492,-1.463486836],[-79.334023165,-1.460507605],[-79.33773603,-1.460618893],[-79.341222124,-1.462411726],[-79.342301778,-1.466811352],[-79.347152981,-1.471720784],[-79.350700051,-1.467122272],[-79.355474282,-1.462809886],[-79.356461494,-1.45907709],[-79.358268163,-1.45839111],[-79.361305555,-1.451818611],[-79.361306371,-1.448369546],[-79.359021879,-1.446469223],[-79.35804605,-1.450160168],[-79.355241881,-1.451572885],[-79.355705294,-1.454913264],[-79.351995959,-1.454358073],[-79.348959236,-1.45539385],[-79.345274989,-1.454713053],[-79.341184281,-1.452483354],[-79.338898921,-1.449643835],[-79.332010343,-1.445862877],[-79.327833166,-1.445305698],[-79.324471173,-1.442384075],[-79.321898111,-1.441628458],[-79.316694568,-1.437389478],[-79.317790739,-1.435182959],[-79.320871923,-1.437433596],[-79.324459823,-1.437055252],[-79.327789873,-1.438851824],[-79.331362348,-1.439564093],[-79.334820974,-1.438305262],[-79.336385623,-1.436125137],[-79.332116126,-1.429812875],[-79.330063199,-1.422162652],[-79.328831376,-1.420008704],[-79.328555863,-1.415267417],[-79.326299331,-1.412971656],[-79.325313433,-1.404664647],[-79.328030442,-1.397767361],[-79.323820787,-1.391949998],[-79.321802503,-1.390748409],[-79.319193597,-1.391463316],[-79.310648345,-1.39150548],[-79.307985334,-1.390839183],[-79.303026964,-1.392929216],[-79.298603036,-1.395677607],[-79.294799236,-1.395638943],[-79.288868662,-1.393634573],[-79.289199795,-1.387865117],[-79.290812237,-1.385943239],[-79.28961153,-1.382941752],[-79.291208039,-1.37769262],[-79.290043972,-1.374158215],[-79.290231078,-1.368855697],[-79.292642767,-1.366323501],[-79.297014434,-1.355603327],[-79.291049424,-1.355838922],[-79.280259073,-1.353834319],[-79.278448731,-1.35486684],[-79.278072847,-1.350584185],[-79.276103325,-1.347236273],[-79.276241449,-1.344902064],[-79.273682301,-1.337735911],[-79.266492228,-1.331388249],[-79.26877959,-1.331325751],[-79.272742896,-1.328864748],[-79.279025463,-1.327644537],[-79.282536436,-1.328084866],[-79.289706995,-1.333044194],[-79.293673921,-1.333459969],[-79.297346718,-1.330812676],[-79.302704798,-1.328649535],[-79.305691152,-1.326747986],[-79.314282026,-1.326444521],[-79.316273645,-1.325852552],[-79.323108969,-1.320807857],[-79.32121735,-1.318998985],[-79.320557874,-1.313837312],[-79.32268449,-1.311957729],[-79.322472709,-1.30966446],[-79.329227004,-1.300932355],[-79.331995417,-1.299184299],[-79.332688099,-1.296422538],[-79.338852669,-1.293163071],[-79.340720156,-1.294865547],[-79.345176938,-1.296024181],[-79.353587218,-1.300965976],[-79.356457196,-1.303877469],[-79.35956846,-1.304994544],[-79.35946899,-1.311728143],[-79.362199524,-1.313395316],[-79.360494936,-1.317035995],[-79.362507388,-1.322814409],[-79.365464413,-1.325936238],[-79.36895791,-1.327912605],[-79.379721342,-1.326795913],[-79.385404628,-1.323977818],[-79.391278362,-1.323288607],[-79.392600633,-1.322224233],[-79.391014572,-1.32127971],[-79.388699177,-1.317236746],[-79.388408693,-1.314214439],[-79.383326376,-1.305849486],[-79.37930322,-1.304901723],[-79.376579283,-1.307723453],[-79.375200794,-1.307094447],[-79.374781482,-1.302924733],[-79.370508667,-1.302066533],[-79.366864406,-1.294227795],[-79.363693028,-1.290445146],[-79.361131029,-1.283839411],[-79.359058855,-1.283257207],[-79.355603616,-1.275846521],[-79.352811131,-1.272538145],[-79.348844572,-1.271330095],[-79.34921288,-1.265723192],[-79.346412934,-1.263078885],[-79.34796969,-1.260819643],[-79.344088512,-1.256378584],[-79.343158381,-1.25355454],[-79.34042096,-1.251581167],[-79.341780295,-1.24476747],[-79.340104468,-1.244491243],[-79.33822655,-1.241273143],[-79.336935922,-1.236246217],[-79.336510648,-1.231370684],[-79.334721482,-1.226665165],[-79.330872254,-1.222520817],[-79.323894699,-1.219128332],[-79.321490928,-1.215872713],[-79.317054977,-1.214240406],[-79.310975503,-1.2107191],[-79.307266282,-1.207133544],[-79.300125403,-1.208669309],[-79.294910558,-1.208240589],[-79.288804696,-1.205569765],[-79.280489466,-1.206151544],[-79.27494181,-1.20429335],[-79.269321875,-1.208514259],[-79.266862641,-1.209172013],[-79.261983482,-1.207705513],[-79.25933092,-1.206556586],[-79.25347026,-1.200970645],[-79.248364073,-1.200872494],[-79.247357335,-1.199363469],[-79.24320356,-1.198215493],[-79.238533041,-1.195334366],[-79.232787215,-1.187488788],[-79.228513553,-1.186052369],[-79.224423479,-1.1820345],[-79.221109034,-1.175173875],[-79.216848292,-1.174255459],[-79.211314439,-1.174422991],[-79.208245991,-1.171428108],[-79.200533182,-1.170278497],[-79.197177794,-1.170685603],[-79.191738028,-1.168955275],[-79.183463698,-1.169916111],[-79.179284083,-1.168606174],[-79.177286582,-1.166359484],[-79.176854289,-1.163677418],[-79.17450908,-1.162455584],[-79.170245844,-1.162137218],[-79.166442826,-1.160352707],[-79.161833168,-1.162018506],[-79.156354416,-1.162157513],[-79.152896252,-1.160025813],[-79.149407982,-1.158294583],[-79.146418228,-1.156117135],[-79.143412147,-1.156725245],[-79.139941618,-1.158779306],[-79.138077251,-1.15821823],[-79.136346075,-1.161174201],[-79.134013162,-1.162862943],[-79.13075232,-1.160517335],[-79.12949867,-1.158409922],[-79.126874558,-1.158339992],[-79.123883028,-1.153116428],[-79.12211547,-1.151762312],[-79.118096537,-1.152857785],[-79.116148359,-1.155088655],[-79.111965596,-1.155922023],[-79.10719902,-1.149993928],[-79.100853062,-1.150626776],[-79.096497992,-1.152117198]]]]},"properties":{"codigo":"02","nombre":"BOLÍVAR","nivel":"Provincia","codigo_provincia":"02","provincia":"BOLÍVAR"},"id":"02"},{"type":"Feature","geometry":{"type":"MultiPolygon","coordinates":[[[[-79.084741216,-2.289404527],[-79.081738948,-2.292370401],[-79.077471344,-2.29057562],[-79.073542392,-2.292723451],[-79.071531319,-2.292005886],[-79.069542674,-2.296092691],[-79.066946627,-2.297084386],[-79.062034685,-2.300397214],[-79.062117545,-2.302843978],[-79.065563782,-2.30542048],[-79.06566215,-2.308305807],[-79.063936087,-2.311384808],[-79.063465473,-2.314677249],[-79.059216816,-2.315408253],[-79.058135263,-2.318650197],[-79.055741149,-2.319424884],[-79.053737367,-2.321726662],[-79.050717075,-2.322996879],[-79.052168928,-2.326369229],[-79.052348437,-2.329871395],[-79.046498725,-2.332285011],[-79.044821434,-2.335112322],[-79.044699641,-2.339419756],[-79.038065865,-2.344995094],[-79.036807464,-2.348934911],[-79.033531432,-2.351738381],[-79.032142766,-2.354930155],[-79.028489361,-2.358512232],[-79.02768681,-2.361788552],[-79.023793037,-2.363775538],[-79.018357201,-2.364886623],[-79.013203423,-2.369183896],[-79.013122237,-2.37141052],[-79.010001578,-2.375368047],[-79.005055438,-2.377360462],[-78.996739124,-2.377201226],[-78.993025258,-2.37597618],[-78.988224774,-2.377259298],[-78.986233894,-2.375831825],[-78.979102134,-2.378256364],[-78.976429776,-2.378081979],[-78.974209532,-2.380680015],[-78.97685946,-2.384000762],[-78.975953455,-2.38947955],[-78.974305666,-2.392040084],[-78.971676071,-2.391886064],[-78.968295334,-2.393120594],[-78.961786085,-2.39599204],[-78.959053262,-2.396175855],[-78.951922029,-2.400617978],[-78.945807592,-2.402048944],[-78.944306286,-2.40132599],[-78.941602248,-2.403328884],[-78.935589466,-2.405312902],[-78.93290201,-2.404057682],[-78.927910703,-2.405279587],[-78.923730532,-2.407460352],[-78.920949207,-2.411870896],[-78.916006917,-2.412125486],[-78.911991624,-2.419278816],[-78.908552785,-2.416539459],[-78.905525173,-2.411522387],[-78.904264924,-2.406143524],[-78.902683031,-2.403726027],[-78.898353161,-2.402312453],[-78.895983811,-2.404052674],[-78.889887462,-2.398921788],[-78.886642852,-2.393920286],[-78.877806783,-2.392569195],[-78.86652444,-2.394100835],[-78.863128078,-2.393320895],[-78.859231866,-2.393542612],[-78.856790657,-2.390303615],[-78.853299692,-2.392120751],[-78.853161025,-2.39389759],[-78.849714284,-2.396398257],[-78.842373844,-2.397525776],[-78.841475689,-2.39251218],[-78.835865843,-2.387810092],[-78.833199653,-2.383659456],[-78.828761662,-2.382786692],[-78.821384397,-2.378628597],[-78.817081499,-2.378302806],[-78.813813698,-2.377028089],[-78.81362913,-2.377400447],[-78.813542379,-2.377754427],[-78.813245963,-2.378322244],[-78.812773244,-2.379150418],[-78.812714015,-2.379263963],[-78.812007614,-2.38037437],[-78.811480556,-2.381063864],[-78.811106418,-2.382697072],[-78.81097068,-2.38322211],[-78.810362352,-2.383978824],[-78.809846047,-2.384117855],[-78.808405034,-2.384846655],[-78.808000534,-2.385102577],[-78.806923456,-2.385310861],[-78.806538681,-2.385142634],[-78.806244844,-2.38498766],[-78.805872366,-2.384773888],[-78.805702915,-2.384678781],[-78.805601159,-2.384630884],[-78.805374241,-2.384557564],[-78.804603723,-2.384267032],[-78.80409271,-2.384130785],[-78.803637797,-2.384041549],[-78.803123059,-2.384100209],[-78.802826776,-2.384071437],[-78.801334699,-2.383904414],[-78.801015876,-2.383863672],[-78.799789765,-2.383518344],[-78.799499835,-2.383168464],[-78.799433113,-2.383075331],[-78.798784935,-2.382947813],[-78.798277451,-2.38262805],[-78.796900761,-2.381978307],[-78.795948789,-2.382421023],[-78.793432608,-2.383749711],[-78.790847334,-2.385795906],[-78.791628021,-2.386241413],[-78.791280146,-2.391332592],[-78.791920946,-2.394272487],[-78.79242749,-2.396186983],[-78.794392347,-2.399709968],[-78.794728088,-2.402205129],[-78.795132762,-2.404085292],[-78.797541209,-2.406412959],[-78.798900022,-2.406517684],[-78.798861439,-2.409388148],[-78.798350394,-2.410275812],[-78.796886356,-2.412221284],[-78.792845318,-2.413517115],[-78.796508617,-2.414715288],[-78.797388487,-2.416869615],[-78.796945493,-2.417689041],[-78.794328286,-2.418402396],[-78.793713981,-2.420110031],[-78.79156904,-2.422908685],[-78.79122885,-2.423181509],[-78.78881371,-2.424988698],[-78.786602191,-2.426932902],[-78.786635109,-2.427582236],[-78.786698495,-2.430384496],[-78.78584868,-2.430656476],[-78.784315467,-2.433319407],[-78.78339558,-2.434889825],[-78.778333234,-2.434949787],[-78.777553273,-2.434060011],[-78.776570026,-2.432828174],[-78.774738984,-2.430638107],[-78.771443521,-2.430598468],[-78.770320963,-2.43145091],[-78.76896137,-2.431824545],[-78.768044175,-2.431754676],[-78.764004214,-2.429936828],[-78.762475996,-2.42955839],[-78.761316819,-2.432016845],[-78.758091474,-2.430678753],[-78.757753481,-2.429618858],[-78.756025994,-2.426472157],[-78.754769692,-2.426025825],[-78.752832392,-2.426500996],[-78.751881801,-2.426089345],[-78.751067446,-2.425472891],[-78.74756532,-2.427175618],[-78.745655819,-2.431375533],[-78.745297637,-2.431734598],[-78.744562843,-2.432317689],[-78.743670519,-2.432623733],[-78.74300803,-2.432622618],[-78.74025496,-2.433335586],[-78.73842085,-2.433050579],[-78.737377954,-2.431972418],[-78.732596768,-2.429064052],[-78.728350378,-2.428886022],[-78.725804724,-2.427480696],[-78.725125202,-2.427513717],[-78.723324678,-2.427476498],[-78.721455982,-2.427575845],[-78.720538764,-2.427540118],[-78.719114357,-2.426068347],[-78.717717338,-2.425993364],[-78.716901256,-2.426427659],[-78.707562724,-2.436593069],[-78.706227892,-2.44385107],[-78.703802059,-2.444895525],[-78.702147523,-2.445373055],[-78.701142637,-2.445836243],[-78.700944099,-2.446311126],[-78.70050951,-2.446702977],[-78.700095353,-2.447128401],[-78.700040133,-2.447887652],[-78.700070595,-2.448102129],[-78.699913486,-2.4483679],[-78.696999617,-2.449468257],[-78.69687886,-2.449499055],[-78.693672237,-2.447621004],[-78.693021147,-2.448425684],[-78.692720065,-2.448791908],[-78.692586782,-2.448790411],[-78.691941605,-2.449028215],[-78.690647613,-2.448899416],[-78.688637995,-2.448740538],[-78.687791206,-2.449462611],[-78.68724055,-2.450084133],[-78.68681234,-2.450213562],[-78.686517374,-2.450053317],[-78.686149173,-2.450146781],[-78.686028461,-2.450151815],[-78.685160283,-2.450297473],[-78.684933976,-2.450454642],[-78.684233024,-2.450252289],[-78.684199968,-2.450241565],[-78.683367715,-2.450402832],[-78.682796579,-2.45101654],[-78.682205586,-2.451209233],[-78.681748104,-2.451479628],[-78.681499975,-2.450895501],[-78.680754876,-2.4511757],[-78.679413653,-2.450140305],[-78.678482116,-2.449764167],[-78.67840766,-2.449787269],[-78.677559741,-2.450069908],[-78.677638311,-2.450684744],[-78.677491481,-2.450929826],[-78.676926636,-2.450918535],[-78.676370357,-2.45037003],[-78.675777523,-2.450172654],[-78.675082838,-2.450925622],[-78.673662953,-2.45235403],[-78.673531853,-2.452441576],[-78.671714799,-2.451849555],[-78.670137052,-2.451172074],[-78.668827137,-2.451167792],[-78.668279626,-2.451528419],[-78.667191046,-2.451384499],[-78.666773119,-2.451027334],[-78.664460279,-2.450568677],[-78.662477587,-2.452264641],[-78.662202479,-2.452473334],[-78.661291561,-2.452084387],[-78.661057045,-2.452569491],[-78.661310095,-2.453210481],[-78.661477734,-2.4542826],[-78.662141949,-2.454774528],[-78.662338508,-2.455443804],[-78.662538313,-2.455746258],[-78.664202212,-2.457216222],[-78.664678888,-2.457795596],[-78.664777922,-2.458420768],[-78.666145697,-2.460401585],[-78.666703645,-2.4614847],[-78.666915565,-2.462159248],[-78.667444685,-2.463539356],[-78.667644473,-2.463852207],[-78.667478994,-2.464482068],[-78.667746788,-2.464811402],[-78.667947166,-2.465661932],[-78.668455221,-2.467216379],[-78.668639587,-2.467508503],[-78.668522749,-2.469724363],[-78.668427517,-2.469858434],[-78.668092223,-2.470663725],[-78.667420055,-2.471788604],[-78.667155528,-2.474732433],[-78.664662613,-2.478539029],[-78.662281609,-2.478030451],[-78.65802077,-2.477182295],[-78.656392026,-2.476633019],[-78.655137891,-2.476924991],[-78.655302525,-2.478354276],[-78.655421002,-2.4822632],[-78.657030428,-2.487016957],[-78.655656808,-2.490711483],[-78.655110071,-2.492685874],[-78.654187017,-2.494785676],[-78.653809288,-2.495709639],[-78.651050177,-2.49633512],[-78.647033473,-2.499185862],[-78.646194423,-2.50103362],[-78.644559299,-2.504056745],[-78.63795391,-2.505683905],[-78.634028898,-2.50399564],[-78.631578323,-2.505145496],[-78.629884989,-2.50785472],[-78.629465676,-2.508652496],[-78.627540726,-2.510162006],[-78.62473702,-2.512342352],[-78.624490535,-2.512673119],[-78.619799407,-2.516031784],[-78.61904548,-2.516997045],[-78.615613412,-2.520016749],[-78.613683837,-2.52404787],[-78.613178882,-2.524573635],[-78.609209511,-2.525720713],[-78.608076249,-2.528450416],[-78.605991467,-2.529742403],[-78.60425447,-2.535062671],[-78.604914818,-2.539546844],[-78.604519011,-2.542684165],[-78.602398557,-2.544417342],[-78.598053049,-2.544185065],[-78.593707039,-2.544232955],[-78.591495842,-2.546247733],[-78.587808489,-2.546110635],[-78.586594018,-2.546100033],[-78.5845976,-2.545961499],[-78.584292877,-2.545889155],[-78.58386234,-2.545713889],[-78.582881163,-2.545428394],[-78.582494088,-2.545466893],[-78.58173808,-2.545550615],[-78.581276562,-2.545651795],[-78.579431726,-2.546259714],[-78.577806577,-2.547331836],[-78.577568959,-2.547950379],[-78.577184262,-2.548879315],[-78.576761045,-2.549405127],[-78.57612755,-2.550058262],[-78.575912424,-2.551431062],[-78.576190527,-2.552470172],[-78.576100795,-2.553400659],[-78.574890133,-2.554140013],[-78.573191118,-2.554672709],[-78.57155668,-2.55561038],[-78.571363628,-2.555610194],[-78.570864366,-2.555564772],[-78.57012315,-2.555715759],[-78.569037093,-2.558135522],[-78.570636317,-2.559883375],[-78.571649695,-2.56455352],[-78.576418025,-2.569745211],[-78.577387701,-2.571938778],[-78.580243392,-2.574221525],[-78.587704812,-2.575804664],[-78.591606803,-2.577281171],[-78.595089219,-2.58066574],[-78.603841994,-2.585683939],[-78.611130821,-2.588664491],[-78.617972173,-2.590490119],[-78.618702961,-2.592972241],[-78.621366938,-2.593234935],[-78.623006468,-2.59574901],[-78.623179192,-2.598425557],[-78.625285909,-2.6064419],[-78.623134784,-2.613406612],[-78.622215015,-2.618232042],[-78.618320829,-2.625292963],[-78.616775,-2.627458334],[-78.618409932,-2.627458918],[-78.620014973,-2.631514391],[-78.626262669,-2.63768729],[-78.631050236,-2.641331806],[-78.63733139,-2.648113099],[-78.643240163,-2.649183692],[-78.647163791,-2.651747593],[-78.649881606,-2.652063603],[-78.655961385,-2.654805818],[-78.658353141,-2.654667885],[-78.660648665,-2.660073448],[-78.659822347,-2.662285946],[-78.662227433,-2.663789724],[-78.665027284,-2.670027569],[-78.664652252,-2.67301721],[-78.666842376,-2.677331279],[-78.668852345,-2.678083756],[-78.673715324,-2.675612331],[-78.679042877,-2.67457455],[-78.684525275,-2.671480319],[-78.686726023,-2.669436136],[-78.689889076,-2.674186111],[-78.692648266,-2.679082008],[-78.697574625,-2.677440997],[-78.70199916,-2.682266739],[-78.702662714,-2.686099642],[-78.710863981,-2.688425605],[-78.716653998,-2.690517388],[-78.721607036,-2.689938312],[-78.724401977,-2.691091634],[-78.730392988,-2.689840681],[-78.732506721,-2.691314725],[-78.7355663,-2.688665492],[-78.735897065,-2.68677912],[-78.738453656,-2.684743296],[-78.743113309,-2.684657261],[-78.741468807,-2.679376517],[-78.743904846,-2.677080991],[-78.747144229,-2.676907129],[-78.747896509,-2.674311136],[-78.751573618,-2.675069024],[-78.754300475,-2.672822044],[-78.761084333,-2.670535553],[-78.766325704,-2.670588609],[-78.767894721,-2.672331278],[-78.770727102,-2.672371545],[-78.7739925,-2.674928209],[-78.775495358,-2.676531997],[-78.77844765,-2.685405018],[-78.783212221,-2.687141387],[-78.786010505,-2.691960212],[-78.784926718,-2.69551292],[-78.786989777,-2.696188535],[-78.786532937,-2.699085438],[-78.794837199,-2.703885565],[-78.796504963,-2.705810555],[-78.799557189,-2.708560899],[-78.800800474,-2.71257188],[-78.799827305,-2.715947683],[-78.800660205,-2.719217485],[-78.796005922,-2.72753005],[-78.795443013,-2.730987762],[-78.792624934,-2.734541765],[-78.793468459,-2.741532573],[-78.792215922,-2.743657388],[-78.793751455,-2.745577298],[-78.797075078,-2.756354034],[-78.797041794,-2.760657707],[-78.798968474,-2.765983774],[-78.795019966,-2.774227054],[-78.800027242,-2.778640469],[-78.802969712,-2.776404567],[-78.808975621,-2.774799069],[-78.815843258,-2.779658334],[-78.815582721,-2.784532787],[-78.817454909,-2.784507297],[-78.817229328,-2.788232954],[-78.819975,-2.793438889],[-78.819975,-2.810258612],[-78.821606667,-2.810258611],[-78.821188982,-2.816547683],[-78.815412905,-2.822274584],[-78.823429484,-2.824857871],[-78.830225859,-2.820540089],[-78.833989865,-2.820074667],[-78.837354573,-2.818434902],[-78.841469957,-2.818386346],[-78.845119947,-2.822938725],[-78.850704252,-2.823901295],[-78.854923718,-2.823393339],[-78.859114779,-2.821563824],[-78.863588001,-2.823358426],[-78.869352617,-2.822429441],[-78.870081073,-2.81992875],[-78.87527489,-2.819782041],[-78.874496998,-2.824452608],[-78.880931435,-2.82912007],[-78.872769696,-2.837816441],[-78.876647117,-2.840968604],[-78.880895151,-2.841188724],[-78.881874517,-2.837639161],[-78.884968365,-2.837078311],[-78.886256205,-2.835334456],[-78.888584206,-2.837230868],[-78.892938431,-2.834272655],[-78.894711061,-2.836020254],[-78.901249953,-2.837368861],[-78.905163959,-2.835787631],[-78.911024144,-2.836793402],[-78.913006521,-2.835122512],[-78.916116449,-2.834786685],[-78.917655467,-2.831937647],[-78.92073153,-2.831171227],[-78.923890174,-2.828194468],[-78.923890278,-2.8337375],[-78.937263611,-2.8337375],[-78.944164374,-2.829257269],[-78.945682856,-2.824303659],[-78.948867403,-2.819383691],[-78.947607268,-2.816223785],[-78.948003303,-2.804028792],[-78.945959493,-2.795548445],[-78.946155982,-2.793059409],[-78.948270761,-2.788086481],[-78.946149923,-2.784623678],[-78.947467102,-2.781239808],[-78.948556942,-2.779432078],[-78.948878375,-2.775141069],[-78.95129277,-2.773925262],[-78.952785746,-2.768990388],[-78.955814837,-2.767230207],[-78.963832932,-2.761129604],[-78.965567004,-2.757056271],[-78.968971915,-2.753370235],[-78.970741899,-2.75354142],[-78.973932295,-2.748505276],[-78.97829911,-2.74679829],[-78.982057872,-2.746816639],[-78.988274313,-2.749574266],[-78.99255859,-2.750852265],[-78.995335222,-2.748136506],[-78.994236221,-2.745225677],[-78.994810641,-2.743150173],[-78.99060293,-2.738435142],[-78.992169628,-2.73477924],[-78.992556529,-2.731009711],[-78.990499998,-2.725944268],[-78.987543512,-2.724178615],[-78.985889476,-2.720102145],[-78.987941667,-2.715539219],[-78.987996388,-2.715147778],[-79.008109491,-2.715147839],[-79.010674237,-2.712456481],[-79.009916375,-2.710373353],[-79.012011009,-2.705819095],[-79.014602608,-2.702605149],[-79.016520844,-2.697563934],[-79.018782254,-2.696835718],[-79.019718982,-2.693628943],[-79.021935916,-2.690848336],[-79.020212917,-2.68308565],[-79.023195721,-2.680039191],[-79.024076147,-2.677642746],[-79.021166296,-2.672279928],[-79.019025676,-2.67242953],[-79.019025494,-2.663540434],[-79.023870928,-2.653999381],[-79.034507139,-2.646167342],[-79.05441443,-2.637831994],[-79.080263125,-2.648123731],[-79.080949829,-2.664516675],[-79.093935225,-2.696915553],[-79.10870043,-2.705492307],[-79.111326922,-2.706204071],[-79.120038491,-2.716774657],[-79.122312513,-2.715235405],[-79.12702376,-2.715921547],[-79.130001873,-2.714526005],[-79.143630502,-2.714138886],[-79.141065785,-2.722321771],[-79.144616756,-2.726161189],[-79.144818312,-2.730479895],[-79.146201963,-2.731929481],[-79.149976133,-2.733753606],[-79.154448331,-2.734209115],[-79.157813228,-2.731409129],[-79.162808974,-2.731793635],[-79.166093652,-2.73324494],[-79.166513413,-2.738836835],[-79.171117646,-2.740911024],[-79.173896347,-2.744213349],[-79.176721655,-2.74503233],[-79.179969829,-2.742349322],[-79.182748255,-2.742790978],[-79.187860329,-2.733650398],[-79.195422816,-2.732829249],[-79.200886902,-2.725549825],[-79.207430685,-2.72498064],[-79.208123364,-2.722644052],[-79.21472476,-2.723018253],[-79.216087356,-2.719430373],[-79.204730154,-2.713289125],[-79.201971058,-2.705638072],[-79.206330949,-2.692664855],[-79.216541425,-2.685886053],[-79.217255354,-2.689416349],[-79.2202654,-2.690684461],[-79.2239725,-2.690208701],[-79.232635733,-2.693395517],[-79.238770002,-2.685579154],[-79.239656042,-2.679311522],[-79.242703419,-2.676037411],[-79.247492618,-2.6751073],[-79.255240088,-2.669887939],[-79.258629591,-2.665669229],[-79.258119279,-2.662876904],[-79.262360054,-2.660437667],[-79.265583469,-2.660896586],[-79.268770814,-2.656686955],[-79.274002546,-2.655414257],[-79.276921883,-2.651388229],[-79.280075869,-2.650403882],[-79.281331554,-2.648564936],[-79.281036379,-2.645521799],[-79.286575994,-2.637248183],[-79.291279483,-2.63297174],[-79.295034172,-2.628785568],[-79.295060862,-2.624895138],[-79.298133427,-2.624119338],[-79.299124913,-2.621979935],[-79.302332632,-2.620622208],[-79.304258337,-2.618146022],[-79.304267005,-2.615236544],[-79.30669616,-2.608407604],[-79.306714287,-2.605476106],[-79.308120497,-2.603350168],[-79.308590207,-2.59454455],[-79.306519712,-2.588319963],[-79.307039864,-2.584613957],[-79.306231737,-2.577842165],[-79.303756861,-2.572511891],[-79.310907001,-2.569544439],[-79.312130154,-2.571125236],[-79.321385341,-2.575294813],[-79.32465081,-2.573370618],[-79.327016696,-2.573702569],[-79.329382693,-2.572011973],[-79.338044054,-2.572157982],[-79.340485396,-2.572801229],[-79.347794786,-2.577806782],[-79.354683692,-2.577536804],[-79.357725933,-2.575048572],[-79.361859958,-2.575041169],[-79.365392829,-2.571608047],[-79.367368961,-2.56761115],[-79.356056722,-2.567611467],[-79.356020627,-2.559533634],[-79.358731149,-2.557396459],[-79.3619275,-2.551176945],[-79.361927567,-2.544199058],[-79.375957791,-2.544199047],[-79.377178929,-2.542342682],[-79.377660603,-2.538445332],[-79.379813799,-2.534747495],[-79.379187222,-2.529654167],[-79.382210523,-2.523031057],[-79.385408215,-2.514369565],[-79.387430029,-2.510819122],[-79.389256625,-2.50961675],[-79.390996124,-2.502959906],[-79.390851676,-2.500013134],[-79.393378218,-2.498224941],[-79.39905088,-2.496675199],[-79.405618731,-2.497395888],[-79.407312894,-2.499133415],[-79.410477996,-2.498015183],[-79.418802852,-2.497989692],[-79.425152068,-2.500466751],[-79.429319477,-2.501117834],[-79.434227901,-2.502846571],[-79.437953691,-2.502764897],[-79.440510116,-2.501705536],[-79.447220259,-2.500837757],[-79.452889988,-2.498576066],[-79.456215651,-2.4988815],[-79.459421195,-2.500882045],[-79.463052494,-2.501272579],[-79.467713015,-2.507044328],[-79.470722757,-2.506469358],[-79.474131828,-2.509143847],[-79.473493194,-2.512373445],[-79.478432773,-2.513108626],[-79.481102958,-2.515091671],[-79.482031399,-2.517983854],[-79.480699476,-2.521109036],[-79.481432044,-2.522690096],[-79.488473928,-2.525030047],[-79.489435909,-2.529777067],[-79.493785717,-2.528382789],[-79.496118672,-2.529276526],[-79.49942473,-2.533284222],[-79.504116389,-2.531637915],[-79.503869162,-2.53586347],[-79.508149765,-2.536994357],[-79.50892569,-2.539647946],[-79.515943427,-2.526941878],[-79.512250164,-2.524927057],[-79.509286465,-2.526260899],[-79.500938028,-2.525962917],[-79.500034463,-2.523152703],[-79.488475999,-2.510948969],[-79.499895908,-2.503844624],[-79.505663377,-2.499565464],[-79.51899403,-2.507129418],[-79.522338589,-2.505353435],[-79.524306684,-2.495713954],[-79.524194842,-2.487854837],[-79.512842077,-2.486444234],[-79.510255758,-2.483687313],[-79.503522822,-2.480434931],[-79.50217679,-2.477967722],[-79.498906664,-2.476053086],[-79.495092546,-2.476678201],[-79.493120405,-2.473525652],[-79.494269774,-2.471124426],[-79.490818684,-2.468940787],[-79.489475402,-2.466454688],[-79.485501868,-2.466473118],[-79.483509258,-2.463545294],[-79.480911098,-2.464548186],[-79.476953847,-2.464500773],[-79.47594945,-2.462690017],[-79.471881065,-2.462336418],[-79.467849875,-2.460362455],[-79.465052903,-2.461068173],[-79.464306652,-2.456057538],[-79.471177675,-2.44854065],[-79.466940266,-2.449162435],[-79.458906873,-2.446628975],[-79.458333418,-2.445948401],[-79.436269585,-2.438679786],[-79.425254102,-2.430624],[-79.448122229,-2.420070059],[-79.435122637,-2.401509786],[-79.418681086,-2.378333428],[-79.425627033,-2.379342646],[-79.42634806,-2.38058147],[-79.431396046,-2.379350702],[-79.433626412,-2.373333358],[-79.430647268,-2.359261577],[-79.420049173,-2.359554018],[-79.416019605,-2.335885682],[-79.412195906,-2.336267111],[-79.411293933,-2.340331469],[-79.407897106,-2.341296682],[-79.405218415,-2.340916753],[-79.401754502,-2.343095797],[-79.401475491,-2.347632401],[-79.39833247,-2.351520904],[-79.399176821,-2.353299246],[-79.393335833,-2.358752356],[-79.387331961,-2.357138486],[-79.382989713,-2.357383645],[-79.381541802,-2.359798656],[-79.37787773,-2.360422465],[-79.376119894,-2.358290838],[-79.372281241,-2.360744893],[-79.367238676,-2.360345737],[-79.365095652,-2.362159306],[-79.36124945,-2.362631897],[-79.358852941,-2.364331199],[-79.352491195,-2.366186914],[-79.349674315,-2.369459854],[-79.345259504,-2.368431447],[-79.341006557,-2.368994839],[-79.335965305,-2.371529826],[-79.333584852,-2.380872896],[-79.331809945,-2.385105841],[-79.325768839,-2.388213765],[-79.32324256,-2.388225024],[-79.322366959,-2.392315471],[-79.318026421,-2.393659607],[-79.314712497,-2.39583765],[-79.312468347,-2.398562538],[-79.308371686,-2.398887642],[-79.306328064,-2.401024157],[-79.300914536,-2.398268902],[-79.29687532,-2.398324865],[-79.292438898,-2.39671957],[-79.290202212,-2.397249131],[-79.287593267,-2.395852128],[-79.28350655,-2.392054629],[-79.282126349,-2.392483569],[-79.277915745,-2.390679229],[-79.274976978,-2.38808309],[-79.270579103,-2.387937248],[-79.263729722,-2.389488889],[-79.26372965,-2.383313022],[-79.262058097,-2.380573229],[-79.264769666,-2.374660014],[-79.262540434,-2.370917697],[-79.257269923,-2.368331665],[-79.255108631,-2.364239732],[-79.256360031,-2.362385094],[-79.255917173,-2.358392551],[-79.252948023,-2.356879396],[-79.251643463,-2.353221541],[-79.248309013,-2.352420774],[-79.246099202,-2.349801145],[-79.240198985,-2.3504303],[-79.23884327,-2.34678774],[-79.230015165,-2.345761474],[-79.22525693,-2.348867042],[-79.224557647,-2.3538175],[-79.215901591,-2.353817636],[-79.2143856,-2.347399942],[-79.209725186,-2.346470143],[-79.206837059,-2.34086238],[-79.202370804,-2.337935114],[-79.199619304,-2.33483879],[-79.200001618,-2.330116108],[-79.197828207,-2.328748432],[-79.190086389,-2.328748334],[-79.19054783,-2.326165586],[-79.193257838,-2.322562779],[-79.201923765,-2.318490395],[-79.204783451,-2.315066316],[-79.207553397,-2.314513623],[-79.206457021,-2.311498355],[-79.201132491,-2.309816198],[-79.197906661,-2.310290595],[-79.193556354,-2.308452353],[-79.188463023,-2.30737398],[-79.186472311,-2.305443048],[-79.182506334,-2.304418746],[-79.175368611,-2.303794746],[-79.175830852,-2.298556936],[-79.174142805,-2.29318697],[-79.172913567,-2.284977156],[-79.168209981,-2.280501927],[-79.167400074,-2.273964562],[-79.161976392,-2.267201206],[-79.158463218,-2.261808817],[-79.157325616,-2.258630133],[-79.154121663,-2.25699915],[-79.150968572,-2.252765207],[-79.148722488,-2.245967689],[-79.148461871,-2.241392931],[-79.147282941,-2.237092244],[-79.142949687,-2.234779886],[-79.14295,-2.212581938],[-79.137073676,-2.212174267],[-79.134730753,-2.219578972],[-79.135305771,-2.225677497],[-79.133050537,-2.232412635],[-79.133792909,-2.236653984],[-79.12949344,-2.243413865],[-79.123580281,-2.246572293],[-79.120652129,-2.246696054],[-79.108913164,-2.251665928],[-79.100241991,-2.254703003],[-79.099955094,-2.256687134],[-79.096725913,-2.261413161],[-79.091980769,-2.266702719],[-79.092476176,-2.267963694],[-79.090258666,-2.278076639],[-79.090939346,-2.283158103],[-79.08930115,-2.286414362],[-79.085816258,-2.286928842],[-79.084741216,-2.289404527]]]]},"properties":{"codigo":"03","nombre":"CAÑAR","nivel":"Provincia","codigo_provincia":"03","provincia":"CAÑAR"},"id":"03"},{"type":"Feature","geometry":{"type":"MultiPolygon","coordinates":[[[[-78.49553377,1.197678699],[-78.492868046,1.195596833],[-78.495132113,1.192999599],[-78.494481718,1.190782654],[-78.488991632,1.185586521],[-78.486057444,1.188649252],[-78.483780698,1.189208184],[-78.478605998,1.193170682],[-78.474135615,1.189624933],[-78.470354918,1.188628937],[-78.471049265,1.183955996],[-78.468438806,1.179915152],[-78.463892092,1.180775682],[-78.463371998,1.176195016],[-78.457444712,1.177707841],[-78.455333594,1.175908183],[-78.453439647,1.178125705],[-78.451843037,1.182681966],[-78.450529737,1.183685355],[-78.445592282,1.182479779],[-78.442733649,1.184395761],[-78.442842097,1.18823674],[-78.439550844,1.194102709],[-78.437861867,1.190893384],[-78.432128807,1.18936617],[-78.429866624,1.18659956],[-78.428947703,1.180702325],[-78.425925811,1.177391205],[-78.427968184,1.175451357],[-78.426835281,1.17177189],[-78.429421728,1.169813461],[-78.431712063,1.171666131],[-78.433537452,1.170746286],[-78.432444842,1.167267312],[-78.435257469,1.161942083],[-78.435204093,1.159094742],[-78.437974802,1.157110857],[-78.434156499,1.151440369],[-78.433392204,1.148383156],[-78.433692366,1.144578728],[-78.430646461,1.140116569],[-78.426009627,1.138653017],[-78.421885729,1.138183664],[-78.416293587,1.139021522],[-78.416216096,1.144607121],[-78.417563828,1.148786808],[-78.424675435,1.151562903],[-78.425137052,1.153977306],[-78.421395071,1.155856339],[-78.41833796,1.159808046],[-78.413505392,1.15956048],[-78.407493054,1.160096044],[-78.405707855,1.158048386],[-78.402906636,1.157006079],[-78.402082124,1.152497384],[-78.395097018,1.152375183],[-78.392945138,1.154560543],[-78.387652282,1.158079857],[-78.382732232,1.159167141],[-78.382620041,1.163309233],[-78.379931026,1.166741521],[-78.38101754,1.170093474],[-78.377544344,1.17179843],[-78.374712673,1.174410282],[-78.367745444,1.175729962],[-78.365342191,1.174296476],[-78.36276753,1.177172518],[-78.360505971,1.174504084],[-78.354781127,1.180318472],[-78.351705473,1.182012596],[-78.343064025,1.183152949],[-78.341113718,1.181449943],[-78.341438096,1.178930244],[-78.338059539,1.178529436],[-78.337983781,1.182467614],[-78.329842059,1.183832158],[-78.32751807,1.185610628],[-78.328130211,1.189292058],[-78.327026063,1.19396737],[-78.324023849,1.195779762],[-78.322636284,1.193995964],[-78.319683392,1.194491927],[-78.314182678,1.190652091],[-78.310924779,1.190432631],[-78.311902235,1.184547804],[-78.308321739,1.179580151],[-78.305378992,1.178826923],[-78.303704009,1.175109555],[-78.305197045,1.172599203],[-78.299898899,1.170969178],[-78.296792788,1.172443375],[-78.294632542,1.168330915],[-78.296379303,1.159299709],[-78.298161825,1.156438089],[-78.296808732,1.150576833],[-78.293164071,1.145361373],[-78.290414465,1.136111089],[-78.290891269,1.133452371],[-78.283360344,1.120634795],[-78.279820247,1.120106345],[-78.2809262,1.11687926],[-78.279889891,1.114869544],[-78.281984321,1.111066447],[-78.278839239,1.110188025],[-78.277136205,1.108471041],[-78.274621546,1.111850532],[-78.274266917,1.114087759],[-78.270699314,1.112558453],[-78.265197864,1.111677916],[-78.262832215,1.107582537],[-78.267873413,1.105049289],[-78.265390066,1.100525819],[-78.262552905,1.099831965],[-78.258871906,1.097167657],[-78.254419573,1.098296674],[-78.252877326,1.101539827],[-78.251123204,1.099483499],[-78.252995875,1.095308054],[-78.253287677,1.092624839],[-78.25623809,1.089979216],[-78.250926562,1.087676458],[-78.250060102,1.083702724],[-78.251829222,1.083385432],[-78.251889456,1.08030312],[-78.258269778,1.080553282],[-78.261750922,1.082538235],[-78.267106845,1.077431543],[-78.271160908,1.074984198],[-78.273080465,1.075338819],[-78.278165167,1.071533295],[-78.279998495,1.06848042],[-78.276828547,1.061689355],[-78.282117849,1.057422232],[-78.281490399,1.055427927],[-78.275584369,1.052835792],[-78.274999619,1.050675889],[-78.271213505,1.047048196],[-78.267393407,1.046186517],[-78.26687818,1.043362657],[-78.262692224,1.042426655],[-78.260702014,1.040646724],[-78.257901591,1.040593576],[-78.257731743,1.037457818],[-78.253703602,1.036998481],[-78.253059678,1.03328541],[-78.250777293,1.028531506],[-78.245055873,1.028095755],[-78.243502946,1.029303522],[-78.23669876,1.023960425],[-78.238019847,1.01867844],[-78.234142154,1.015178707],[-78.230478801,1.012907439],[-78.228370242,1.013430562],[-78.223229383,1.011271531],[-78.220620961,1.008744282],[-78.219167878,1.009257573],[-78.213936366,1.00490776],[-78.209215735,1.004846952],[-78.206402836,1.002221334],[-78.204339263,0.997493315],[-78.202112476,0.99648972],[-78.202597296,0.991853538],[-78.198889164,0.989041049],[-78.198103582,0.986447836],[-78.195113784,0.984750345],[-78.195266857,0.975463694],[-78.194561043,0.972458235],[-78.192171719,0.969359835],[-78.193717736,0.967763134],[-78.191232785,0.960626772],[-78.193847288,0.957103666],[-78.197540582,0.954004963],[-78.199229717,0.953906767],[-78.200083021,0.949651674],[-78.198089127,0.949843697],[-78.196259875,0.944792757],[-78.194527353,0.945719475],[-78.189639387,0.942282857],[-78.185847676,0.938223012],[-78.182432504,0.937827527],[-78.179464789,0.936157206],[-78.177251307,0.936978613],[-78.1728795,0.93320615],[-78.170356633,0.933198775],[-78.166186536,0.931258493],[-78.159046547,0.92562773],[-78.154104846,0.924031223],[-78.151519584,0.925331139],[-78.148794217,0.924809815],[-78.145540698,0.92627318],[-78.142923316,0.93102705],[-78.134771281,0.935875922],[-78.133585238,0.935275053],[-78.124595888,0.936398389],[-78.121225969,0.935891496],[-78.113659417,0.93159705],[-78.11201464,0.932174882],[-78.107262697,0.927882795],[-78.107449538,0.92517676],[-78.105853243,0.920658513],[-78.106640301,0.917970859],[-78.106081261,0.913151404],[-78.104831021,0.911150163],[-78.09973825,0.90886707],[-78.098979428,0.905221847],[-78.095481541,0.90264867],[-78.092440532,0.901686373],[-78.091879321,0.899560666],[-78.089279787,0.897217016],[-78.084958608,0.896155402],[-78.079110534,0.897910185],[-78.075925992,0.897355284],[-78.073777128,0.895542854],[-78.071534917,0.897231936],[-78.067250018,0.895226602],[-78.06573877,0.893257483],[-78.066320526,0.889602696],[-78.062042239,0.8883392],[-78.054341112,0.888543907],[-78.050355042,0.887163553],[-78.049379358,0.88479789],[-78.045635227,0.881684885],[-78.042255023,0.88034326],[-78.034149646,0.880383938],[-78.031126666,0.878079016],[-78.026715564,0.87685973],[-78.024844981,0.874327794],[-78.021159306,0.873343559],[-78.018403982,0.869933097],[-78.016049498,0.870079486],[-78.010185621,0.86437722],[-78.001663469,0.858862367],[-77.998915624,0.860405327],[-77.995172647,0.857756434],[-77.989745388,0.856826077],[-77.985068446,0.853302004],[-77.982246505,0.844106006],[-77.978464701,0.839952896],[-77.974383257,0.833529184],[-77.969246003,0.832495536],[-77.966961668,0.830158156],[-77.966110581,0.824355973],[-77.96284451,0.823626006],[-77.955188492,0.823443407],[-77.950373477,0.822132692],[-77.944212717,0.821997219],[-77.938873316,0.819209901],[-77.9367336,0.816594671],[-77.931738918,0.817362321],[-77.926135644,0.816457837],[-77.921804144,0.813489487],[-77.912275782,0.81181654],[-77.910807302,0.810846506],[-77.906096744,0.812070967],[-77.903797736,0.81104013],[-77.900328978,0.811816816],[-77.891328581,0.810405535],[-77.881426554,0.80779143],[-77.875657659,0.804261269],[-77.874035144,0.805300524],[-77.86698424,0.80154889],[-77.862323795,0.802758424],[-77.85865346,0.801633609],[-77.850679994,0.803015262],[-77.846805678,0.80218677],[-77.845394334,0.803259306],[-77.842390387,0.802429301],[-77.839793188,0.804075725],[-77.835334036,0.804017592],[-77.834130213,0.805391355],[-77.827954139,0.806597707],[-77.825803462,0.806397826],[-77.819717077,0.807838364],[-77.815227286,0.815727067],[-77.814134649,0.819079596],[-77.811763376,0.819910831],[-77.807148696,0.82684334],[-77.804546844,0.827856183],[-77.804399515,0.830818843],[-77.799016072,0.830487454],[-77.797191949,0.833015768],[-77.794674625,0.834201461],[-77.788398122,0.835678819],[-77.784444801,0.833913572],[-77.778697903,0.835673003],[-77.776789254,0.837937107],[-77.773385267,0.839631124],[-77.769010343,0.840254975],[-77.767886844,0.838613698],[-77.76433969,0.841913203],[-77.761150781,0.839603345],[-77.753717579,0.836396043],[-77.751199815,0.836782338],[-77.747012439,0.833072266],[-77.74376957,0.833936181],[-77.741299829,0.836285423],[-77.736902844,0.836988332],[-77.73410014,0.839888264],[-77.729081072,0.842131791],[-77.725723419,0.847038805],[-77.722853525,0.846574166],[-77.720848508,0.849944859],[-77.709206628,0.848487825],[-77.706862387,0.843953378],[-77.697592385,0.840123843],[-77.694261411,0.8367428],[-77.693389215,0.832818829],[-77.687189551,0.83028984],[-77.684649518,0.828447593],[-77.683616444,0.826152311],[-77.676678065,0.822737528],[-77.673139776,0.823934903],[-77.669781034,0.821242821],[-77.670019538,0.818834659],[-77.666461768,0.817695829],[-77.664114857,0.81395772],[-77.663704538,0.81184882],[-77.666264757,0.808380897],[-77.668740348,0.803487829],[-77.671612203,0.80350789],[-77.674580806,0.801175654],[-77.675008449,0.798368777],[-77.676925748,0.796931182],[-77.676500374,0.790972889],[-77.66161922,0.789996433],[-77.664779185,0.784891826],[-77.670171434,0.78183623],[-77.671877295,0.779728363],[-77.674770792,0.779601872],[-77.677906688,0.777009474],[-77.682630215,0.775614061],[-77.684334787,0.771582774],[-77.688202428,0.769282898],[-77.690543727,0.76504957],[-77.690080483,0.763521971],[-77.692030428,0.756861567],[-77.69173308,0.751163604],[-77.696038857,0.750011167],[-77.697423086,0.745133905],[-77.69746894,0.74074114],[-77.69746879,0.740741012],[-77.6911897,0.740493276],[-77.688699158,0.739381628],[-77.686010942,0.739868332],[-77.675888528,0.73688069],[-77.672930254,0.73498889],[-77.673009152,0.729718895],[-77.666714533,0.725927216],[-77.663595568,0.721480769],[-77.664914258,0.712360178],[-77.666001549,0.71091885],[-77.664721362,0.707475508],[-77.662773997,0.705928927],[-77.657125917,0.705536019],[-77.653621831,0.706003133],[-77.651211125,0.703774425],[-77.649276857,0.704655967],[-77.646061585,0.703270972],[-77.640111191,0.702839914],[-77.635998107,0.698356529],[-77.631391377,0.697317103],[-77.627838994,0.6951924],[-77.625342045,0.695733758],[-77.61619936,0.68815476],[-77.613896163,0.687779755],[-77.610930537,0.689020261],[-77.607537916,0.685882416],[-77.606843625,0.681519784],[-77.604624905,0.67827723],[-77.601383918,0.675503145],[-77.598182301,0.675341937],[-77.595630036,0.673000596],[-77.588249103,0.673014996],[-77.587930465,0.669230715],[-77.584083844,0.667018282],[-77.581839174,0.666842682],[-77.581146731,0.663831295],[-77.578234939,0.660378651],[-77.573651436,0.659251912],[-77.567556373,0.655371293],[-77.563542897,0.650742376],[-77.558399875,0.649338297],[-77.549974949,0.650378825],[-77.543776466,0.650052709],[-77.535564128,0.652863016],[-77.531909332,0.652654096],[-77.531611704,0.648485622],[-77.538782198,0.647343483],[-77.539461041,0.644856794],[-77.541861636,0.643451091],[-77.549442322,0.641676669],[-77.556363169,0.641257933],[-77.556869487,0.640140026],[-77.562825156,0.636043781],[-77.569511825,0.635154842],[-77.573084869,0.637594482],[-77.579336529,0.63829401],[-77.581865203,0.63679248],[-77.586973387,0.638433891],[-77.592521622,0.638521686],[-77.594482829,0.640750863],[-77.598469717,0.640090349],[-77.601639164,0.636307971],[-77.604649172,0.636261651],[-77.616905994,0.642132223],[-77.623365341,0.639767626],[-77.625100067,0.640422353],[-77.636651691,0.636478122],[-77.639523837,0.636665205],[-77.644171232,0.640142193],[-77.652120999,0.643932051],[-77.656355847,0.64762689],[-77.66371479,0.647539176],[-77.668384026,0.645000229],[-77.671728378,0.649271047],[-77.673522465,0.647969546],[-77.67802813,0.644570459],[-77.686342777,0.640736354],[-77.68759716,0.628170248],[-77.689822372,0.624928362],[-77.689748186,0.621052735],[-77.687952775,0.617948353],[-77.685517531,0.61587554],[-77.677233797,0.615318451],[-77.672566555,0.613457628],[-77.655812936,0.604059778],[-77.657211001,0.601333639],[-77.661697729,0.598752133],[-77.663520811,0.594450021],[-77.665955984,0.58926399],[-77.668757027,0.585109328],[-77.669016013,0.583056246],[-77.672413485,0.578111575],[-77.672365503,0.575101152],[-77.674375333,0.572186244],[-77.674504791,0.569133459],[-77.679010404,0.560922753],[-77.683972744,0.559753263],[-77.689197267,0.555323722],[-77.693299292,0.554588543],[-77.698702193,0.551193593],[-77.700992211,0.551272024],[-77.709746847,0.548915625],[-77.71031787,0.546564378],[-77.717497633,0.53750848],[-77.720251743,0.531909347],[-77.724343518,0.532049931],[-77.727635768,0.534010941],[-77.729280309,0.528957495],[-77.729321051,0.52654456],[-77.733122701,0.522415838],[-77.735601915,0.522040139],[-77.737359248,0.518078786],[-77.740638247,0.514777692],[-77.740883832,0.513066533],[-77.744850039,0.508834554],[-77.751696825,0.505074661],[-77.755985079,0.495093479],[-77.754038504,0.491452692],[-77.757022946,0.485047091],[-77.758451012,0.484477992],[-77.762012637,0.47929797],[-77.768138478,0.474077849],[-77.770176511,0.474221108],[-77.773987778,0.470151557],[-77.774307417,0.463771447],[-77.779292925,0.460976514],[-77.783005622,0.461676078],[-77.784749774,0.460170049],[-77.782368218,0.453954703],[-77.784743728,0.449385515],[-77.78700713,0.446872014],[-77.792324503,0.445630523],[-77.795002736,0.440616027],[-77.793907898,0.438660558],[-77.794307882,0.434595149],[-77.797446227,0.431654324],[-77.804371229,0.429259688],[-77.807413943,0.426535803],[-77.807287791,0.425132033],[-77.803941407,0.422455676],[-77.804774716,0.419221923],[-77.807161279,0.415589067],[-77.812363831,0.409375851],[-77.813399398,0.404442104],[-77.810414832,0.401979697],[-77.802813328,0.398673408],[-77.800778013,0.389649455],[-77.796296677,0.385188315],[-77.797682908,0.382594485],[-77.795521926,0.380657766],[-77.798935449,0.377741443],[-77.798715466,0.374211859],[-77.79708546,0.370240677],[-77.797960969,0.368327169],[-77.8022611,0.367146199],[-77.806389253,0.364560087],[-77.809425727,0.36140293],[-77.812837337,0.355768117],[-77.811039877,0.354151437],[-77.812704335,0.354151941],[-77.814271476,0.350233098],[-77.815792291,0.349139205],[-77.82271549,0.348722124],[-77.827264635,0.347336554],[-77.834443753,0.344278339],[-77.835999187,0.345710132],[-77.835417763,0.348170317],[-77.838202746,0.350566893],[-77.837358685,0.353961215],[-77.83796275,0.356512499],[-77.841068714,0.359003112],[-77.848222978,0.361902435],[-77.853231913,0.364963087],[-77.855851936,0.36806594],[-77.859764075,0.370954157],[-77.863048661,0.376003352],[-77.863124676,0.379858232],[-77.866979872,0.38170492],[-77.873941113,0.380401595],[-77.876676372,0.383054516],[-77.879366587,0.383289354],[-77.880186864,0.38577102],[-77.88439038,0.387229156],[-77.886897275,0.387078607],[-77.890443915,0.388516442],[-77.896770849,0.389985198],[-77.898718096,0.392331945],[-77.902790402,0.394116256],[-77.907213918,0.398638613],[-77.91169474,0.398071764],[-77.916968304,0.40128438],[-77.921779381,0.400815796],[-77.923719659,0.401571836],[-77.924677438,0.404516363],[-77.926462659,0.405310626],[-77.929472896,0.409038752],[-77.931595329,0.415802375],[-77.935912601,0.420265013],[-77.93825793,0.424754984],[-77.942584746,0.426545975],[-77.944880025,0.431488936],[-77.950101042,0.433650581],[-77.953174259,0.43478658],[-77.958068823,0.431893155],[-77.962346452,0.433115651],[-77.963054516,0.434883493],[-77.968431438,0.436603228],[-77.972401693,0.43921636],[-77.974080592,0.441804667],[-77.977921375,0.441674769],[-77.982599472,0.444738029],[-77.984769093,0.447125207],[-77.987361371,0.448077046],[-77.989417751,0.447100152],[-77.993316928,0.448760781],[-77.993485997,0.45206447],[-77.995437991,0.453136456],[-77.995856245,0.456679046],[-77.999095566,0.464278622],[-78.001638164,0.467327026],[-78.00632966,0.46880158],[-78.007344995,0.471096883],[-78.011102884,0.473558327],[-78.014351378,0.473387621],[-78.017187196,0.472062119],[-78.019358397,0.472525678],[-78.023931401,0.471214005],[-78.035577453,0.473994388],[-78.045296646,0.471649839],[-78.048502071,0.472484922],[-78.053003892,0.475143386],[-78.05852925,0.473866789],[-78.060945002,0.475012322],[-78.063532767,0.473941887],[-78.067693647,0.473816486],[-78.074004087,0.475327077],[-78.076594824,0.478142718],[-78.080360776,0.478033722],[-78.089790119,0.479748275],[-78.093314695,0.481573999],[-78.096131816,0.48431278],[-78.09717821,0.487650374],[-78.104825883,0.496013745],[-78.105386519,0.499965212],[-78.105511054,0.501410089],[-78.10767175,0.506675181],[-78.111502793,0.510894115],[-78.11098188,0.513121419],[-78.11279713,0.516029952],[-78.11145579,0.520332616],[-78.115981595,0.522267052],[-78.117816366,0.521117313],[-78.120973816,0.522078429],[-78.122686939,0.524955917],[-78.127865258,0.526758118],[-78.128230976,0.531934252],[-78.127315027,0.535454191],[-78.127218594,0.541528412],[-78.130250512,0.542685203],[-78.130628519,0.546845288],[-78.129269481,0.54815317],[-78.130534205,0.551936422],[-78.128053568,0.55461285],[-78.126142236,0.558642704],[-78.1253304,0.570986226],[-78.126433732,0.571514659],[-78.129127497,0.577296841],[-78.133622038,0.579461564],[-78.136393505,0.579491665],[-78.138718863,0.58116041],[-78.141268034,0.588618889],[-78.141998202,0.591278642],[-78.137561576,0.594224151],[-78.137581097,0.597810308],[-78.139353667,0.600651471],[-78.138686912,0.603540425],[-78.136957705,0.606874559],[-78.132991962,0.610284562],[-78.133841214,0.6154314],[-78.139888304,0.623164028],[-78.140891346,0.625342731],[-78.144675902,0.627485721],[-78.150007188,0.625671276],[-78.152597344,0.626253343],[-78.154728787,0.632761693],[-78.157267756,0.637042398],[-78.160320866,0.640021781],[-78.160645855,0.645787974],[-78.162643158,0.646930712],[-78.162973819,0.65022126],[-78.165457822,0.651669113],[-78.167149798,0.657300467],[-78.168549742,0.659593474],[-78.171989475,0.661412479],[-78.172757343,0.663238923],[-78.182511552,0.665211006],[-78.185427813,0.668801967],[-78.186781562,0.668826658],[-78.189324907,0.675594292],[-78.190800046,0.681348193],[-78.19369581,0.684427555],[-78.1982405,0.686419452],[-78.198199463,0.690803841],[-78.200026762,0.691332118],[-78.201251436,0.695220921],[-78.20109365,0.7019769],[-78.204443943,0.703549741],[-78.204275567,0.707100129],[-78.205120116,0.712685794],[-78.204356814,0.718091157],[-78.210181132,0.719070234],[-78.211079731,0.723586032],[-78.214404582,0.724072251],[-78.21891663,0.730975869],[-78.225547409,0.733849135],[-78.226294319,0.735887884],[-78.230238646,0.738119918],[-78.230700184,0.74072635],[-78.234812431,0.745080491],[-78.240848791,0.744334135],[-78.246627464,0.747419158],[-78.248493129,0.750346312],[-78.251956157,0.753205749],[-78.253873112,0.758983628],[-78.256361652,0.761940504],[-78.260369939,0.76177092],[-78.261797368,0.763775986],[-78.267318839,0.767325781],[-78.267564892,0.770718811],[-78.265045554,0.77319787],[-78.26666429,0.777343767],[-78.266378165,0.779045992],[-78.272170025,0.784848043],[-78.274278924,0.785361111],[-78.275995249,0.783222252],[-78.278994573,0.784211719],[-78.286275937,0.789802013],[-78.287433124,0.79281074],[-78.289676138,0.791678851],[-78.293569952,0.79426378],[-78.297294041,0.794873572],[-78.301799273,0.792361104],[-78.303772963,0.79633641],[-78.309158477,0.799013219],[-78.309460675,0.801844496],[-78.31149171,0.805298613],[-78.314850758,0.805442843],[-78.314939852,0.806620802],[-78.320289449,0.813415175],[-78.320672956,0.815385727],[-78.32447769,0.816320821],[-78.326893335,0.820086105],[-78.33121529,0.821978023],[-78.332570072,0.820764226],[-78.336117658,0.822669975],[-78.338047594,0.821002237],[-78.340528459,0.823714414],[-78.343042308,0.822721373],[-78.34345775,0.819512689],[-78.346980013,0.816640835],[-78.353408785,0.815325162],[-78.354780038,0.817999433],[-78.357572914,0.81898168],[-78.360029574,0.818299425],[-78.362394061,0.820534388],[-78.364257846,0.825595446],[-78.371421004,0.827503644],[-78.374795419,0.825626381],[-78.381653475,0.829217816],[-78.386430934,0.825093676],[-78.388462281,0.828284969],[-78.391830037,0.829387189],[-78.392811505,0.832429542],[-78.395267389,0.833048126],[-78.404939111,0.840740902],[-78.406720951,0.838670431],[-78.409054216,0.841557894],[-78.408955766,0.844943917],[-78.412297391,0.846137033],[-78.418748028,0.850065524],[-78.418364976,0.852726809],[-78.422669294,0.853092],[-78.422175505,0.856151374],[-78.427176128,0.859713071],[-78.42868069,0.863824809],[-78.431060664,0.864400354],[-78.432279757,0.869089424],[-78.436815482,0.869867327],[-78.435500646,0.872985751],[-78.43789932,0.874034813],[-78.440399974,0.871836476],[-78.441704133,0.874157998],[-78.448587673,0.87540145],[-78.450794114,0.874445212],[-78.453495811,0.875991772],[-78.453019291,0.878629762],[-78.458689748,0.880064716],[-78.460087458,0.883772932],[-78.461571314,0.885405252],[-78.471667238,0.885615966],[-78.475700902,0.884604282],[-78.481188202,0.885884053],[-78.484537318,0.885208169],[-78.488334089,0.886763674],[-78.492310928,0.890545923],[-78.494603433,0.890716248],[-78.499121793,0.894067707],[-78.5047163,0.900419087],[-78.506445712,0.903997436],[-78.508604782,0.904869783],[-78.511240298,0.91038869],[-78.515772564,0.911213272],[-78.520232511,0.917975846],[-78.525618989,0.919718048],[-78.529550224,0.920278887],[-78.532200731,0.923033995],[-78.532939929,0.927889002],[-78.530358593,0.929592521],[-78.533449417,0.932331886],[-78.537851823,0.933691562],[-78.542992533,0.937792552],[-78.546826206,0.941583601],[-78.544463358,0.944046075],[-78.545641118,0.948327474],[-78.547565161,0.951956389],[-78.545991418,0.956368329],[-78.542910596,0.955748653],[-78.539421914,0.961761536],[-78.538389548,0.968976222],[-78.536751771,0.973148009],[-78.537713389,0.97883488],[-78.53633298,0.980556458],[-78.537848731,0.986486219],[-78.539949005,0.990440401],[-78.537976748,0.99368799],[-78.541019632,0.99647992],[-78.541445866,1.000221723],[-78.544137245,1.004862332],[-78.54432421,1.007364927],[-78.542314251,1.009080225],[-78.547696127,1.010964243],[-78.547697939,1.014313518],[-78.546088338,1.017008359],[-78.549386857,1.019177672],[-78.548356856,1.021462664],[-78.545576795,1.023016105],[-78.545249895,1.027455141],[-78.547516104,1.031024347],[-78.546232802,1.034906628],[-78.542465356,1.038620852],[-78.542440197,1.042837065],[-78.544231716,1.045312813],[-78.543246665,1.047354417],[-78.539099929,1.051800181],[-78.531963661,1.054966989],[-78.52973573,1.056882153],[-78.52447867,1.057746854],[-78.523500949,1.058891962],[-78.524352445,1.062664585],[-78.518931722,1.068316299],[-78.511475113,1.071414077],[-78.504677437,1.071914629],[-78.50340741,1.074998523],[-78.499914926,1.074965619],[-78.501874163,1.07936137],[-78.501098309,1.082269849],[-78.502142999,1.085486667],[-78.500367527,1.087145672],[-78.500564907,1.0905641],[-78.505526818,1.093194139],[-78.507738678,1.095626121],[-78.503488506,1.10408968],[-78.505335838,1.106254476],[-78.507234116,1.106050048],[-78.507306749,1.109509115],[-78.505678819,1.113929717],[-78.506223222,1.121580924],[-78.504615021,1.123194987],[-78.503131553,1.128464329],[-78.503646166,1.131762749],[-78.500441835,1.133152141],[-78.503394519,1.136809334],[-78.504808333,1.145261167],[-78.507743065,1.146083046],[-78.507518371,1.147993456],[-78.509338129,1.150815773],[-78.506162264,1.151882616],[-78.506098252,1.158501165],[-78.508559893,1.161001158],[-78.51177571,1.157739081],[-78.513474338,1.158733394],[-78.511055192,1.168748955],[-78.51266279,1.170515812],[-78.511806366,1.172537894],[-78.508532602,1.173184705],[-78.50423331,1.176522833],[-78.501830147,1.179416561],[-78.499589703,1.176853862],[-78.497734781,1.178788833],[-78.498142618,1.182513104],[-78.495950828,1.185397159],[-78.502841372,1.187192333],[-78.50715931,1.183157423],[-78.508755903,1.188937309],[-78.506328193,1.196502739],[-78.502527718,1.195707925],[-78.49553377,1.197678699]]]]},"properties":{"codigo":"04","nombre":"CARCHI","nivel":"Provincia","codigo_provincia":"04","provincia":"CARCHI"},"id":"04"},{"type":"Feature","geometry":{"type":"MultiPolygon","coordinates":[[[[-78.753354878,-1.447231595],[-78.747582066,-1.450188827],[-78.746701678,-1.451385658],[-78.742254455,-1.452928485],[-78.736902217,-1.456215488],[-78.732437671,-1.463465632],[-78.728637711,-1.467835071],[-78.725218799,-1.470763993],[-78.721871771,-1.471050608],[-78.716538654,-1.475700089],[-78.699141753,-1.481722166],[-78.696968707,-1.484131718],[-78.692546076,-1.486940622],[-78.689811273,-1.489834103],[-78.68793977,-1.496856846],[-78.679121332,-1.495381798],[-78.672933421,-1.496843292],[-78.666886883,-1.499975268],[-78.664021586,-1.499362341],[-78.644494209,-1.49747576],[-78.640563738,-1.493507341],[-78.636459591,-1.493213524],[-78.633931215,-1.495944938],[-78.632295953,-1.503249536],[-78.636200717,-1.507304902],[-78.635648055,-1.508403889],[-78.627307054,-1.508403762],[-78.620442555,-1.50634065],[-78.615944264,-1.500528733],[-78.613233456,-1.498419813],[-78.608388029,-1.49640654],[-78.607752474,-1.492464003],[-78.601943256,-1.489358429],[-78.599325929,-1.490038908],[-78.591650939,-1.490122665],[-78.587069526,-1.490755218],[-78.583966185,-1.487653588],[-78.581210405,-1.486580625],[-78.570740166,-1.478755555],[-78.567310799,-1.479213274],[-78.563858517,-1.476079603],[-78.558740564,-1.474949335],[-78.554894541,-1.476394893],[-78.551862878,-1.475209921],[-78.546926085,-1.475493447],[-78.545284174,-1.477049413],[-78.539909444,-1.479784859],[-78.537603851,-1.474043289],[-78.540073199,-1.469560904],[-78.539694706,-1.464147317],[-78.542423987,-1.461880941],[-78.542097986,-1.460138611],[-78.538353581,-1.462674759],[-78.537666584,-1.464441693],[-78.53338116,-1.468602706],[-78.528111944,-1.470169445],[-78.519529943,-1.471885747],[-78.516622051,-1.473936443],[-78.5131825,-1.474183333],[-78.51151488,-1.462138633],[-78.509130005,-1.459579153],[-78.507653962,-1.454366721],[-78.507656709,-1.449563099],[-78.504286882,-1.443465023],[-78.505686701,-1.440362722],[-78.504562607,-1.43793217],[-78.501111288,-1.434430902],[-78.496525,-1.435069445],[-78.497856475,-1.438174099],[-78.497567027,-1.440799395],[-78.495478704,-1.441669066],[-78.493722738,-1.444584933],[-78.487002557,-1.449368196],[-78.48428915,-1.449811815],[-78.471204614,-1.456822772],[-78.466837722,-1.460613898],[-78.463614146,-1.462204996],[-78.444559913,-1.470273888],[-78.439518638,-1.473629429],[-78.434841297,-1.477661934],[-78.430117559,-1.480055633],[-78.423322428,-1.485347647],[-78.410760634,-1.48760932],[-78.404372864,-1.485444884],[-78.401045545,-1.486128439],[-78.394892288,-1.484802771],[-78.393231784,-1.491162931],[-78.388860685,-1.492302076],[-78.387406311,-1.494070075],[-78.383565091,-1.492171163],[-78.378269523,-1.493739741],[-78.37498666,-1.49308385],[-78.367854254,-1.497315311],[-78.364466666,-1.496963889],[-78.362835044,-1.499053803],[-78.364527509,-1.502408333],[-78.363627551,-1.505900797],[-78.364611932,-1.51288643],[-78.358533207,-1.517242486],[-78.35740911,-1.520868459],[-78.362363306,-1.522046693],[-78.363700265,-1.523646863],[-78.363670415,-1.528739171],[-78.364682607,-1.533026641],[-78.371242904,-1.535001543],[-78.376392384,-1.535704279],[-78.376088361,-1.541025604],[-78.373577289,-1.54286081],[-78.373564704,-1.546546009],[-78.375997418,-1.551494731],[-78.376383286,-1.557678318],[-78.374473145,-1.562052497],[-78.372029634,-1.565098926],[-78.373433038,-1.571287277],[-78.370414758,-1.575500833],[-78.371989019,-1.579000162],[-78.372181821,-1.582323885],[-78.377113427,-1.584692734],[-78.373840459,-1.590737182],[-78.373081409,-1.595322582],[-78.373396373,-1.598965622],[-78.369494466,-1.604331934],[-78.363926152,-1.606465244],[-78.366624742,-1.614233154],[-78.365876222,-1.616059241],[-78.365790125,-1.624346293],[-78.364010819,-1.631887686],[-78.366274981,-1.635637071],[-78.365986899,-1.63804288],[-78.363785031,-1.642831944],[-78.363833893,-1.644916109],[-78.368103137,-1.650410712],[-78.371131243,-1.65340377],[-78.371301974,-1.656379873],[-78.374050595,-1.657360871],[-78.376904794,-1.654420299],[-78.384068447,-1.65534832],[-78.388135152,-1.658251917],[-78.395410359,-1.660758051],[-78.402258839,-1.662539065],[-78.404050985,-1.664031207],[-78.409686494,-1.665454312],[-78.408715825,-1.67176604],[-78.409139868,-1.674578765],[-78.41212154,-1.679685217],[-78.412293265,-1.682593551],[-78.41778166,-1.685330267],[-78.42317045,-1.684483845],[-78.426914663,-1.683814617],[-78.432217801,-1.685411896],[-78.435490524,-1.69050083],[-78.437115303,-1.698050006],[-78.44022622,-1.699692231],[-78.441303013,-1.703083412],[-78.443160776,-1.704431032],[-78.442865915,-1.707270373],[-78.444409506,-1.712575278],[-78.448849452,-1.721842401],[-78.449712255,-1.727080661],[-78.451103285,-1.728259095],[-78.451406137,-1.732082732],[-78.454551776,-1.736183003],[-78.457174876,-1.737480391],[-78.459268146,-1.741227118],[-78.460305213,-1.74762788],[-78.461212973,-1.7491575],[-78.467590367,-1.75190866],[-78.466672935,-1.754630021],[-78.463516067,-1.75614425],[-78.461487602,-1.760619356],[-78.457707414,-1.761747686],[-78.446011859,-1.761978851],[-78.445832481,-1.764557686],[-78.443778509,-1.766543295],[-78.440090174,-1.770927839],[-78.440515876,-1.775168694],[-78.438577883,-1.783796277],[-78.439077028,-1.787171168],[-78.437758103,-1.79227723],[-78.434302575,-1.795744583],[-78.43039332,-1.797036514],[-78.423401599,-1.800794677],[-78.420330009,-1.804990643],[-78.420802205,-1.814892265],[-78.419720661,-1.822990378],[-78.42135753,-1.827410677],[-78.415248174,-1.835572314],[-78.413525547,-1.836623776],[-78.413885053,-1.839473532],[-78.409320557,-1.844870586],[-78.401443559,-1.847087214],[-78.397194481,-1.851887401],[-78.3975051,-1.853996958],[-78.403410929,-1.863288371],[-78.403709652,-1.867370988],[-78.400942939,-1.869988153],[-78.400728131,-1.87208688],[-78.403280988,-1.876337441],[-78.403646161,-1.878679974],[-78.410444008,-1.879382796],[-78.414040995,-1.880901116],[-78.415847715,-1.882745935],[-78.420090492,-1.884413982],[-78.420023356,-1.89492437],[-78.430397399,-1.898519045],[-78.432041817,-1.902196008],[-78.433055451,-1.908824368],[-78.436361325,-1.910412375],[-78.438176056,-1.909635687],[-78.443177075,-1.910910599],[-78.451130235,-1.916835152],[-78.453673378,-1.916791133],[-78.457362101,-1.921573429],[-78.457231538,-1.929480327],[-78.460395593,-1.934770895],[-78.46147519,-1.93811139],[-78.460569199,-1.943666227],[-78.462868663,-1.946828329],[-78.463590178,-1.949855938],[-78.467858143,-1.950842274],[-78.471838951,-1.950760887],[-78.475694041,-1.953189524],[-78.48258312,-1.952558435],[-78.489067715,-1.958429],[-78.488695798,-1.964956411],[-78.48747674,-1.968291374],[-78.486104591,-1.977204438],[-78.48788146,-1.980098689],[-78.487757464,-1.982438922],[-78.485005113,-1.986430888],[-78.48481697,-1.992022689],[-78.482622059,-1.993906722],[-78.478685292,-2.000987429],[-78.478939307,-2.003321331],[-78.475044175,-2.002226839],[-78.466794592,-1.997232626],[-78.463729953,-1.994157926],[-78.459172213,-1.992246834],[-78.457594409,-1.996314509],[-78.454051857,-1.999363961],[-78.451655434,-2.002975076],[-78.449420856,-2.004743576],[-78.445002648,-2.006076998],[-78.444677663,-2.008724412],[-78.441555859,-2.012797351],[-78.4447822,-2.016056069],[-78.447190059,-2.016617188],[-78.447503599,-2.019480047],[-78.449088455,-2.021323898],[-78.448987591,-2.025207207],[-78.447921594,-2.026890516],[-78.450891754,-2.030149688],[-78.450619103,-2.03802223],[-78.452948014,-2.044471266],[-78.451022215,-2.046993271],[-78.45272756,-2.051301256],[-78.451301654,-2.056772404],[-78.45219734,-2.059345727],[-78.452068777,-2.06500751],[-78.448092459,-2.066330686],[-78.44613948,-2.068356926],[-78.446621151,-2.070785793],[-78.444231829,-2.073097799],[-78.442673962,-2.072311548],[-78.439258455,-2.0760874],[-78.439928289,-2.083738397],[-78.436858479,-2.084530622],[-78.434833067,-2.09069531],[-78.437566194,-2.093003965],[-78.438533036,-2.096078957],[-78.442629109,-2.097476819],[-78.445963151,-2.102216736],[-78.446780568,-2.111406234],[-78.447641087,-2.114714819],[-78.450159815,-2.117971016],[-78.452965441,-2.118822625],[-78.457234265,-2.118772045],[-78.460623256,-2.117701518],[-78.463023359,-2.11958271],[-78.468939081,-2.120015728],[-78.471412714,-2.122106894],[-78.473752821,-2.122206497],[-78.479499341,-2.124188237],[-78.479815415,-2.127693994],[-78.482420723,-2.12984632],[-78.484747761,-2.129597098],[-78.492208936,-2.124923086],[-78.493825241,-2.121466283],[-78.496814529,-2.125919378],[-78.502922319,-2.127541098],[-78.505340487,-2.127014072],[-78.509141803,-2.12915165],[-78.51311586,-2.132791966],[-78.515329823,-2.136966892],[-78.514836132,-2.140926378],[-78.513328702,-2.142649789],[-78.513857437,-2.146511894],[-78.5165586,-2.154613143],[-78.514240351,-2.156541759],[-78.50957274,-2.15616381],[-78.504253501,-2.158706393],[-78.50376412,-2.166761543],[-78.50450091,-2.171950658],[-78.502018761,-2.175461328],[-78.502473595,-2.18082334],[-78.500538077,-2.19094974],[-78.497939516,-2.194887323],[-78.497897948,-2.197532671],[-78.501222261,-2.205984883],[-78.498189868,-2.208222387],[-78.493234661,-2.209359002],[-78.487390351,-2.216567119],[-78.48855006,-2.221014766],[-78.491291818,-2.223351099],[-78.49212214,-2.225770261],[-78.499353489,-2.230114584],[-78.500028396,-2.237884508],[-78.497941312,-2.240686944],[-78.50114445,-2.241534237],[-78.505190443,-2.246530959],[-78.50875914,-2.24631707],[-78.513199401,-2.243835156],[-78.514550935,-2.240295691],[-78.523562492,-2.243062697],[-78.526023065,-2.243041774],[-78.534396962,-2.240184877],[-78.534458975,-2.240276983],[-78.534480011,-2.240492256],[-78.5355261,-2.241878713],[-78.536153563,-2.241973045],[-78.53639574,-2.242159994],[-78.536686796,-2.24297121],[-78.536878497,-2.243488103],[-78.536999093,-2.243875733],[-78.536876587,-2.244628853],[-78.53690461,-2.244930232],[-78.537058524,-2.2456272],[-78.537443611,-2.246363245],[-78.537538535,-2.246465046],[-78.537716385,-2.246734393],[-78.537811432,-2.247027247],[-78.537832532,-2.247090751],[-78.537748876,-2.247373101],[-78.537202759,-2.248222241],[-78.537095461,-2.248431358],[-78.537074134,-2.248515819],[-78.537095216,-2.248556871],[-78.537237446,-2.248802243],[-78.537480644,-2.249089638],[-78.537836595,-2.249478865],[-78.537984768,-2.249724246],[-78.53941529,-2.251531077],[-78.539507971,-2.251552758],[-78.539878888,-2.25152469],[-78.540100019,-2.251503541],[-78.540027686,-2.252106082],[-78.539748812,-2.252536082],[-78.539669962,-2.252772709],[-78.539776533,-2.253016826],[-78.540368233,-2.253175671],[-78.541537924,-2.253163309],[-78.54178762,-2.253120685],[-78.542144262,-2.253099767],[-78.542543468,-2.253215238],[-78.543334628,-2.253517914],[-78.543898198,-2.253439949],[-78.544069369,-2.25344024],[-78.543171032,-2.25534413],[-78.542882181,-2.256135907],[-78.541631279,-2.257030563],[-78.541173749,-2.257668322],[-78.54020354,-2.259786037],[-78.540250379,-2.260207025],[-78.540145323,-2.260474697],[-78.53997362,-2.260790085],[-78.539878122,-2.261029075],[-78.539563679,-2.261401615],[-78.539446666,-2.26192731],[-78.53953155,-2.262343579],[-78.539500444,-2.262480084],[-78.539461646,-2.262578667],[-78.539372273,-2.262710049],[-78.539033358,-2.263166529],[-78.538871381,-2.263352792],[-78.538644141,-2.263612122],[-78.538527558,-2.26381178],[-78.538540147,-2.264114514],[-78.538263659,-2.264534948],[-78.537873255,-2.263974316],[-78.537712013,-2.263725323],[-78.537550561,-2.263600689],[-78.537460341,-2.263600534],[-78.537388835,-2.263638676],[-78.537463829,-2.264279731],[-78.537214856,-2.265646466],[-78.537121941,-2.265862648],[-78.537221613,-2.265968045],[-78.537381938,-2.266021507],[-78.537460822,-2.266059015],[-78.537650608,-2.266298491],[-78.538028596,-2.267714916],[-78.538025973,-2.268204924],[-78.53799784,-2.268306264],[-78.538045476,-2.268370937],[-78.538406779,-2.269016549],[-78.538971947,-2.269714334],[-78.539365836,-2.26985044],[-78.539731474,-2.27067934],[-78.539658286,-2.271238023],[-78.539428018,-2.272086653],[-78.539369396,-2.272193277],[-78.538644386,-2.272930617],[-78.538543115,-2.27324681],[-78.538237436,-2.273550578],[-78.538483144,-2.274459777],[-78.538530465,-2.274593783],[-78.538606119,-2.274842631],[-78.538681791,-2.275081913],[-78.538631938,-2.27644021],[-78.538355428,-2.276870208],[-78.538302897,-2.277004521],[-78.538148061,-2.277183619],[-78.538195021,-2.27753047],[-78.537971625,-2.27811081],[-78.537848996,-2.278295161],[-78.537694242,-2.278426428],[-78.537253934,-2.278712653],[-78.536935854,-2.278970247],[-78.536922346,-2.279048013],[-78.537128357,-2.27915337],[-78.537734681,-2.279811187],[-78.537924516,-2.280021967],[-78.538142261,-2.280596306],[-78.538445854,-2.281017736],[-78.538559465,-2.28131448],[-78.53873864,-2.281840417],[-78.538762403,-2.282057757],[-78.53880187,-2.282253845],[-78.5389047,-2.282412781],[-78.539139185,-2.282929753],[-78.539402614,-2.283202839],[-78.53953109,-2.283293178],[-78.539673276,-2.28346378],[-78.539765529,-2.283691335],[-78.539836241,-2.284050185],[-78.539884277,-2.284337366],[-78.539960547,-2.284535278],[-78.540048292,-2.284664571],[-78.540251079,-2.284948316],[-78.540433469,-2.285156097],[-78.540569161,-2.285247432],[-78.540843837,-2.285464319],[-78.541025488,-2.285990379],[-78.541235525,-2.286407446],[-78.54126798,-2.286592695],[-78.542030532,-2.28688792],[-78.54238345,-2.287020028],[-78.543111548,-2.287666634],[-78.543716939,-2.287811563],[-78.545379534,-2.28875908],[-78.546400001,-2.289837026],[-78.546518588,-2.290004638],[-78.546564449,-2.290092006],[-78.546604236,-2.290182475],[-78.546616164,-2.290298007],[-78.546553978,-2.29037682],[-78.546465294,-2.29052977],[-78.54695078,-2.291442396],[-78.547235584,-2.29172987],[-78.547336514,-2.291795812],[-78.547377661,-2.29206493],[-78.547306604,-2.292686108],[-78.547341156,-2.29333786],[-78.547286807,-2.293839989],[-78.547292293,-2.294109046],[-78.547303915,-2.294264516],[-78.547267744,-2.294563395],[-78.547070901,-2.294975595],[-78.54683811,-2.295555141],[-78.546812294,-2.295613731],[-78.546766052,-2.295985492],[-78.546763851,-2.296167841],[-78.546699979,-2.296391938],[-78.546598621,-2.296577107],[-78.54620583,-2.29687537],[-78.546071786,-2.296980563],[-78.546038899,-2.297174023],[-78.545925275,-2.297580387],[-78.545764184,-2.297938839],[-78.545692381,-2.298219719],[-78.545583852,-2.299122335],[-78.546653949,-2.300722626],[-78.549200903,-2.301712344],[-78.550313577,-2.302244816],[-78.550213939,-2.305108021],[-78.55028221,-2.30515597],[-78.550356465,-2.305180013],[-78.550970347,-2.305068741],[-78.551016378,-2.305058778],[-78.551141741,-2.305048609],[-78.551270141,-2.305039907],[-78.551426759,-2.305212369],[-78.551696957,-2.305700711],[-78.552191783,-2.30551981],[-78.552618455,-2.305364509],[-78.553536523,-2.305368434],[-78.554040778,-2.305235379],[-78.555854134,-2.307017825],[-78.556995442,-2.306952834],[-78.557092016,-2.306969197],[-78.55787655,-2.306985929],[-78.558153731,-2.306976046],[-78.559582525,-2.306737278],[-78.55975359,-2.306804536],[-78.560057795,-2.306872025],[-78.560229007,-2.306853188],[-78.560638327,-2.306624304],[-78.561085279,-2.306634642],[-78.561759901,-2.306980189],[-78.562310861,-2.307344656],[-78.56278592,-2.307603763],[-78.563299427,-2.307623781],[-78.565382012,-2.305346845],[-78.565881744,-2.305078653],[-78.566554008,-2.304715095],[-78.5679083,-2.305237589],[-78.568181124,-2.305330769],[-78.568513027,-2.305274379],[-78.568562123,-2.305232734],[-78.568823751,-2.305173394],[-78.569102905,-2.305293452],[-78.569496088,-2.305437521],[-78.569619718,-2.305467895],[-78.570189735,-2.305305805],[-78.5703148,-2.305275742],[-78.571092098,-2.305303013],[-78.571222861,-2.305303238],[-78.571888584,-2.305292422],[-78.572530513,-2.305293523],[-78.573125295,-2.305055385],[-78.574171887,-2.30477019],[-78.574648098,-2.304705147],[-78.574881617,-2.304771984],[-78.574995543,-2.304886975],[-78.575149997,-2.304988163],[-78.575299368,-2.305062927],[-78.57547515,-2.305154109],[-78.57778,-2.305952063],[-78.57792232,-2.306148416],[-78.578606286,-2.306599206],[-78.578987953,-2.307157107],[-78.579027748,-2.307200051],[-78.579346407,-2.307585809],[-78.57982095,-2.30815582],[-78.580262676,-2.30844835],[-78.58078054,-2.308707529],[-78.581251147,-2.308794432],[-78.581733254,-2.308829059],[-78.581951712,-2.308992061],[-78.582474251,-2.309299079],[-78.583842192,-2.31020066],[-78.584089036,-2.310449809],[-78.584582934,-2.310823743],[-78.585090461,-2.311343721],[-78.585248865,-2.313276405],[-78.585272349,-2.313448641],[-78.585228808,-2.313888621],[-78.585413909,-2.314094615],[-78.585541568,-2.314525322],[-78.585503122,-2.314764417],[-78.585664099,-2.315176048],[-78.585635155,-2.315419942],[-78.585801025,-2.315750267],[-78.586161425,-2.316334436],[-78.586398257,-2.316880127],[-78.586958339,-2.317483771],[-78.586981426,-2.317890383],[-78.586962235,-2.317990797],[-78.587094868,-2.318292367],[-78.585442482,-2.319681445],[-78.584607375,-2.320024402],[-78.583707806,-2.320525092],[-78.582472488,-2.321326545],[-78.581929246,-2.322007215],[-78.581835313,-2.322717356],[-78.581326476,-2.324137087],[-78.581233323,-2.324388044],[-78.581188302,-2.325693776],[-78.581155272,-2.326696344],[-78.58119234,-2.327509002],[-78.581490249,-2.328485288],[-78.580797704,-2.328878704],[-78.580312252,-2.329128983],[-78.579519874,-2.329507877],[-78.579255523,-2.329765712],[-78.579119818,-2.329873099],[-78.576621941,-2.330708225],[-78.576479251,-2.330729502],[-78.576129468,-2.330893915],[-78.576066145,-2.330384398],[-78.575848433,-2.329786125],[-78.575280785,-2.328051245],[-78.574853255,-2.327799389],[-78.574319266,-2.327236443],[-78.574093583,-2.327128431],[-78.57371432,-2.326458132],[-78.573489127,-2.326063132],[-78.5726599,-2.325748401],[-78.57223673,-2.325728536],[-78.57200828,-2.325847719],[-78.571775772,-2.325560328],[-78.571395603,-2.325420958],[-78.571167235,-2.32549231],[-78.570986378,-2.32558766],[-78.570153936,-2.325763195],[-78.569939949,-2.325767608],[-78.569041181,-2.325799532],[-78.568812471,-2.326071775],[-78.5685838,-2.326320102],[-78.56844569,-2.326444224],[-78.568060094,-2.326697062],[-78.567508316,-2.326806117],[-78.566856724,-2.326891082],[-78.566538076,-2.326924012],[-78.566362286,-2.32683761],[-78.565791916,-2.326697909],[-78.565288346,-2.326424397],[-78.565122017,-2.32636671],[-78.564617636,-2.326566726],[-78.564546284,-2.326580951],[-78.564085273,-2.326446223],[-78.56376647,-2.326570031],[-78.563547639,-2.326627048],[-78.563310033,-2.326540539],[-78.563115783,-2.326128852],[-78.562754792,-2.325898635],[-78.562264964,-2.325931266],[-78.561589459,-2.3260975],[-78.561494309,-2.326126034],[-78.561265794,-2.32628348],[-78.561191367,-2.326363116],[-78.560732538,-2.326684334],[-78.560627433,-2.326971138],[-78.560493428,-2.327473131],[-78.560416525,-2.327951309],[-78.560016713,-2.328175419],[-78.559906663,-2.328572226],[-78.559829981,-2.32892126],[-78.559439589,-2.329198],[-78.558944313,-2.3296324],[-78.558758694,-2.329732521],[-78.558506957,-2.329844725],[-78.557789947,-2.329951093],[-78.557357418,-2.330535074],[-78.557410646,-2.330689422],[-78.557410361,-2.330854438],[-78.557271109,-2.330951053],[-78.556724575,-2.331466674],[-78.556438566,-2.33187513],[-78.556259861,-2.332100818],[-78.555809425,-2.332727813],[-78.555473363,-2.333207926],[-78.555362547,-2.3333584],[-78.555130354,-2.333580408],[-78.554694857,-2.333816409],[-78.55460534,-2.334024317],[-78.55456229,-2.334171322],[-78.554451432,-2.334346907],[-78.554108887,-2.334450339],[-78.553927062,-2.334417736],[-78.553448857,-2.334603439],[-78.553081324,-2.334721177],[-78.552888639,-2.334781824],[-78.552767429,-2.334756501],[-78.552500056,-2.334698636],[-78.55218928,-2.334992251],[-78.552159405,-2.335081881],[-78.55198658,-2.335344648],[-78.551864685,-2.335371339],[-78.550943145,-2.335513216],[-78.550809612,-2.335396394],[-78.54985503,-2.335741493],[-78.549786697,-2.335729416],[-78.549480928,-2.335534567],[-78.549302728,-2.335468487],[-78.549011455,-2.335482923],[-78.548512534,-2.335275778],[-78.548251183,-2.335173678],[-78.547743108,-2.335104031],[-78.547451997,-2.335025795],[-78.547246796,-2.335106149],[-78.547020715,-2.335231307],[-78.546806629,-2.335293709],[-78.546625338,-2.33529638],[-78.546357811,-2.335328794],[-78.54620017,-2.335403253],[-78.54587904,-2.335498349],[-78.545795427,-2.335521558],[-78.545049772,-2.335799129],[-78.544936762,-2.335843772],[-78.544553134,-2.335989578],[-78.544419487,-2.335938523],[-78.544276976,-2.335857559],[-78.544223535,-2.335827571],[-78.543879138,-2.335629664],[-78.543828934,-2.335616193],[-78.543735149,-2.336057495],[-78.543640265,-2.336274358],[-78.543391758,-2.336648793],[-78.54317025,-2.336877989],[-78.542906059,-2.33704254],[-78.542606094,-2.337271598],[-78.542513221,-2.33735753],[-78.542227494,-2.337600962],[-78.541798643,-2.338116775],[-78.541405942,-2.338352844],[-78.541277519,-2.338374142],[-78.54108494,-2.338373802],[-78.540885129,-2.338430847],[-78.54061727,-2.338483586],[-78.540513035,-2.338535151],[-78.539668253,-2.33929987],[-78.538626577,-2.34009695],[-78.538402724,-2.340363714],[-78.537570192,-2.341001776],[-78.536680211,-2.341684225],[-78.536041001,-2.342047912],[-78.535684162,-2.342229607],[-78.535391328,-2.342458674],[-78.535005456,-2.34286694],[-78.534280655,-2.344030321],[-78.533894091,-2.344833183],[-78.533556083,-2.345062168],[-78.533274749,-2.345511273],[-78.532955877,-2.34567333],[-78.532727234,-2.34590251],[-78.532441446,-2.346179417],[-78.532212644,-2.346499472],[-78.53216948,-2.346709848],[-78.531964586,-2.346953419],[-78.531760077,-2.34697697],[-78.531593652,-2.346976675],[-78.531364983,-2.347220202],[-78.531045725,-2.347602276],[-78.530731382,-2.34789348],[-78.530131065,-2.348566816],[-78.529883098,-2.348968148],[-78.529525639,-2.349441029],[-78.529182824,-2.349698701],[-78.529092671,-2.34984192],[-78.528924968,-2.350315249],[-78.528048327,-2.351289419],[-78.527675085,-2.35262321],[-78.527446372,-2.35289065],[-78.526679743,-2.353496722],[-78.526450776,-2.353907651],[-78.526255516,-2.35407949],[-78.524850513,-2.355363604],[-78.524717153,-2.355487724],[-78.524279362,-2.355673477],[-78.523956291,-2.355519845],[-78.523428493,-2.355514118],[-78.522939377,-2.355144954],[-78.522834851,-2.355096937],[-78.522387644,-2.355230061],[-78.522178474,-2.355200989],[-78.521493685,-2.355238027],[-78.5212429,-2.355885672],[-78.521042492,-2.356279907],[-78.52087819,-2.356423102],[-78.520842362,-2.356516306],[-78.520705652,-2.357190459],[-78.5202123,-2.357871148],[-78.519510897,-2.359233036],[-78.519310806,-2.359447911],[-78.519167176,-2.360000086],[-78.519230897,-2.360265654],[-78.519058734,-2.361172919],[-78.519086442,-2.361266434],[-78.519296897,-2.361610987],[-78.519317918,-2.361822671],[-78.519650814,-2.364371756],[-78.519605094,-2.364430939],[-78.519555077,-2.364481071],[-78.518740854,-2.36493843],[-78.518662512,-2.364965159],[-78.518459881,-2.3650293],[-78.518269478,-2.365142554],[-78.517552607,-2.36548563],[-78.517088519,-2.365750248],[-78.516917274,-2.365785812],[-78.516817111,-2.365957818],[-78.51667418,-2.366115399],[-78.515439765,-2.366385803],[-78.514349833,-2.366648103],[-78.514079714,-2.366849844],[-78.513610641,-2.367860441],[-78.513473742,-2.36796781],[-78.513184246,-2.368051605],[-78.512325398,-2.368635348],[-78.511497053,-2.369492382],[-78.511304154,-2.369671394],[-78.510761313,-2.370100876],[-78.510561128,-2.370365967],[-78.509981725,-2.37129759],[-78.509745915,-2.371541093],[-78.509525925,-2.37193051],[-78.509204415,-2.372234839],[-78.508042417,-2.373235139],[-78.507121427,-2.373719748],[-78.506638972,-2.373931706],[-78.506159691,-2.374712843],[-78.505823754,-2.375106824],[-78.504471995,-2.377170585],[-78.504343003,-2.377507545],[-78.503935558,-2.378001835],[-78.503321864,-2.378165729],[-78.501212584,-2.380729115],[-78.500634949,-2.381331901],[-78.500325451,-2.38148631],[-78.500134682,-2.381531863],[-78.499734717,-2.381832456],[-78.499592041,-2.381846544],[-78.499435085,-2.381867781],[-78.498586484,-2.381772965],[-78.498286956,-2.381750895],[-78.498144306,-2.381750634],[-78.49731955,-2.380299914],[-78.497092268,-2.3797686],[-78.496514528,-2.378801409],[-78.495874158,-2.377939322],[-78.494490508,-2.377249259],[-78.494227459,-2.376967974],[-78.494037319,-2.376639118],[-78.493815548,-2.376103718],[-78.492830789,-2.37504969],[-78.491715637,-2.373792153],[-78.490906991,-2.373958076],[-78.490621241,-2.374208655],[-78.49010924,-2.374674049],[-78.489918783,-2.374817186],[-78.488896489,-2.374803361],[-78.488386173,-2.3743361],[-78.488244022,-2.374060826],[-78.487947313,-2.373797228],[-78.48755544,-2.373569326],[-78.487139577,-2.373460951],[-78.487007155,-2.373347467],[-78.486254846,-2.372662997],[-78.486132403,-2.372675735],[-78.485854689,-2.372725632],[-78.485391356,-2.372574125],[-78.485719701,-2.376377083],[-78.486530331,-2.377741677],[-78.486579933,-2.377921125],[-78.486556132,-2.379248321],[-78.486576216,-2.379972958],[-78.486923249,-2.38132953],[-78.487008097,-2.38173862],[-78.487611546,-2.383289368],[-78.487663802,-2.383769663],[-78.487784218,-2.384662602],[-78.487462995,-2.384805497],[-78.487263952,-2.385587308],[-78.48689854,-2.386494896],[-78.486874721,-2.386518766],[-78.486667831,-2.387853098],[-78.48699597,-2.389399247],[-78.486892099,-2.389384021],[-78.48565776,-2.389611324],[-78.485515044,-2.389646933],[-78.484906467,-2.390850848],[-78.48492712,-2.391259819],[-78.484826559,-2.391647043],[-78.48454745,-2.392163074],[-78.484525529,-2.392450004],[-78.484845694,-2.392888224],[-78.485457141,-2.393958316],[-78.485563631,-2.394231135],[-78.485620023,-2.394597126],[-78.485354432,-2.395522114],[-78.485488236,-2.395786791],[-78.485413076,-2.39699976],[-78.485412939,-2.39707509],[-78.485406496,-2.397532343],[-78.485393872,-2.398443869],[-78.485519921,-2.399030272],[-78.485476621,-2.399306402],[-78.485412182,-2.399420504],[-78.484602282,-2.400543897],[-78.484558686,-2.400981446],[-78.484440585,-2.401207217],[-78.484143672,-2.401705277],[-78.484010223,-2.402522894],[-78.484100981,-2.403595612],[-78.484075655,-2.403792857],[-78.483996803,-2.404007939],[-78.483828472,-2.404398623],[-78.483705576,-2.405076925],[-78.483583586,-2.405478456],[-78.483543882,-2.407680876],[-78.483504514,-2.407973188],[-78.48346156,-2.408059199],[-78.4832092,-2.408245261],[-78.483056916,-2.408311937],[-78.483047247,-2.40839801],[-78.482713322,-2.408980894],[-78.482641909,-2.40902859],[-78.482360658,-2.409410693],[-78.48200809,-2.40978788],[-78.481912452,-2.410079455],[-78.481859848,-2.410241974],[-78.481778325,-2.410614882],[-78.48162922,-2.411537689],[-78.481467012,-2.41182914],[-78.481347097,-2.412393289],[-78.481365113,-2.412938565],[-78.48155388,-2.413718516],[-78.481481665,-2.414201446],[-78.481158285,-2.414219975],[-78.48075841,-2.414463154],[-78.480453654,-2.414696943],[-78.480163286,-2.414863801],[-78.479884679,-2.415100031],[-78.479755949,-2.41528632],[-78.478905503,-2.416188684],[-78.478219913,-2.416653729],[-78.478012816,-2.416789651],[-78.477512792,-2.417190473],[-78.477219839,-2.417469719],[-78.477112652,-2.417577132],[-78.476834043,-2.41781336],[-78.476505917,-2.417827095],[-78.476100023,-2.417467626],[-78.475288673,-2.41651194],[-78.47459737,-2.416209331],[-78.474084343,-2.415928578],[-78.473534976,-2.41601364],[-78.472593106,-2.416212755],[-78.471232129,-2.415485616],[-78.470654686,-2.415326702],[-78.470405352,-2.415161229],[-78.469514382,-2.414836723],[-78.468372846,-2.415013939],[-78.467496089,-2.414718155],[-78.46741026,-2.414847129],[-78.467038491,-2.415319926],[-78.465133057,-2.415883109],[-78.463457237,-2.415707783],[-78.46311505,-2.415613877],[-78.462608536,-2.415670318],[-78.463056858,-2.416223569],[-78.463098547,-2.4168191],[-78.463011392,-2.417660874],[-78.462535731,-2.419424243],[-78.462358422,-2.421040878],[-78.462985981,-2.422375252],[-78.463602865,-2.423057957],[-78.464312169,-2.423904645],[-78.464668396,-2.42412054],[-78.465338402,-2.424365723],[-78.465951803,-2.424366878],[-78.466336801,-2.424453693],[-78.467220439,-2.424885806],[-78.469614349,-2.425589142],[-78.469789302,-2.425683306],[-78.470151642,-2.426279197],[-78.47094535,-2.426700773],[-78.471415284,-2.426715816],[-78.472021827,-2.426755165],[-78.472582409,-2.426599486],[-78.472799481,-2.426512683],[-78.473714218,-2.427077468],[-78.473829285,-2.427223264],[-78.474754702,-2.428025564],[-78.475211824,-2.428325348],[-78.475668958,-2.428619153],[-78.476001525,-2.428775219],[-78.476215483,-2.428787578],[-78.476613711,-2.428942532],[-78.477211482,-2.429682599],[-78.477320166,-2.429854039],[-78.477490232,-2.430104497],[-78.47805179,-2.430408772],[-78.478293887,-2.430631628],[-78.478912978,-2.431414781],[-78.479026914,-2.431515434],[-78.479717504,-2.432205456],[-78.479916607,-2.432535845],[-78.48065706,-2.433261833],[-78.480934956,-2.433413014],[-78.481398195,-2.433621937],[-78.48221095,-2.433824341],[-78.482979964,-2.434536035],[-78.483755792,-2.435419925],[-78.483931675,-2.435813981],[-78.484552193,-2.436748656],[-78.484815611,-2.437014598],[-78.484685049,-2.438183756],[-78.484897818,-2.438837012],[-78.484724993,-2.43971912],[-78.484907001,-2.440383568],[-78.485014834,-2.441118644],[-78.485462436,-2.442066488],[-78.485646553,-2.442784259],[-78.48564642,-2.442856001],[-78.485253676,-2.443092012],[-78.484331024,-2.444446207],[-78.484187687,-2.444811823],[-78.48421187,-2.44631579],[-78.485556966,-2.448331382],[-78.485641435,-2.448934179],[-78.485193518,-2.449430749],[-78.485174247,-2.449564632],[-78.482667274,-2.452630468],[-78.482504971,-2.45296496],[-78.481866574,-2.453604649],[-78.481796866,-2.455278505],[-78.4825853,-2.455777412],[-78.482788197,-2.455984653],[-78.482954059,-2.456289872],[-78.48347007,-2.456888704],[-78.483510983,-2.45725945],[-78.483522714,-2.457343172],[-78.483629203,-2.457612408],[-78.483682173,-2.457893499],[-78.483585758,-2.458592805],[-78.483579017,-2.459017269],[-78.483513117,-2.459292156],[-78.483286415,-2.459734137],[-78.483054238,-2.45992501],[-78.483534956,-2.460959012],[-78.484388728,-2.462118077],[-78.484453452,-2.463103464],[-78.48403287,-2.464231413],[-78.484165963,-2.464260363],[-78.484627161,-2.465559777],[-78.484811834,-2.465976234],[-78.484954021,-2.466227603],[-78.485108556,-2.46642228],[-78.485187904,-2.466536799],[-78.486092454,-2.467688323],[-78.486537963,-2.46778852],[-78.486682071,-2.467915529],[-78.487023102,-2.468382887],[-78.487359527,-2.469138531],[-78.487572417,-2.469697747],[-78.487607529,-2.469991958],[-78.487660492,-2.470275443],[-78.487642249,-2.470494223],[-78.487391355,-2.471153778],[-78.487191093,-2.471440367],[-78.487055068,-2.471705556],[-78.48709719,-2.472064349],[-78.487210305,-2.472602634],[-78.487329916,-2.473478121],[-78.487164116,-2.474403285],[-78.487249158,-2.474697592],[-78.487946713,-2.475480915],[-78.488180857,-2.476141395],[-78.488406719,-2.47741167],[-78.488441869,-2.477684358],[-78.488476547,-2.478208146],[-78.48845477,-2.478408985],[-78.488696506,-2.478825553],[-78.488909806,-2.479191848],[-78.489073539,-2.479364342],[-78.489314897,-2.479981791],[-78.489519702,-2.481069083],[-78.489661936,-2.481295344],[-78.49016019,-2.481855889],[-78.49036568,-2.482580883],[-78.490776414,-2.484160009],[-78.490897188,-2.484418513],[-78.49096822,-2.484576483],[-78.491274411,-2.484856865],[-78.491445442,-2.484943283],[-78.491658931,-2.48520914],[-78.491692897,-2.485376764],[-78.491679641,-2.485570234],[-78.491827654,-2.485767949],[-78.491904872,-2.48579799],[-78.492356275,-2.486107258],[-78.492761936,-2.486595885],[-78.492797236,-2.486789658],[-78.492638668,-2.487657443],[-78.492064749,-2.489971039],[-78.491651386,-2.492294715],[-78.49172249,-2.492414423],[-78.492050896,-2.492784169],[-78.492070608,-2.492831457],[-78.492320829,-2.493532577],[-78.492982507,-2.49443063],[-78.493103498,-2.494574348],[-78.493215438,-2.495729623],[-78.493322095,-2.495909185],[-78.494141218,-2.496534919],[-78.494715788,-2.496976044],[-78.49522754,-2.497943165],[-78.495985814,-2.49931252],[-78.496334204,-2.499911047],[-78.496393182,-2.500156282],[-78.496537566,-2.50085266],[-78.496707541,-2.501115065],[-78.496892492,-2.50188642],[-78.497430385,-2.503111868],[-78.497470549,-2.503178695],[-78.497768964,-2.504255601],[-78.497752661,-2.504440811],[-78.497649926,-2.505325446],[-78.497670499,-2.505448047],[-78.497615677,-2.506144448],[-78.497875204,-2.507209137],[-78.498387176,-2.508999515],[-78.498567219,-2.509349012],[-78.498840239,-2.509561689],[-78.498953695,-2.509650076],[-78.499754413,-2.510231346],[-78.500712509,-2.511553265],[-78.501065,-2.511898169],[-78.501332029,-2.512143807],[-78.502435836,-2.514192318],[-78.502401425,-2.514455522],[-78.502443774,-2.514692356],[-78.502782773,-2.515228693],[-78.502695099,-2.516159277],[-78.503161223,-2.518839633],[-78.503092986,-2.519709988],[-78.503072615,-2.520417818],[-78.504282003,-2.522068733],[-78.504484372,-2.52255698],[-78.504711405,-2.523203109],[-78.504232545,-2.525112299],[-78.504755784,-2.525557899],[-78.505439906,-2.525913155],[-78.505525159,-2.52609507],[-78.505628138,-2.526956192],[-78.504591969,-2.529932794],[-78.505240582,-2.530937266],[-78.508037322,-2.535412249],[-78.508479345,-2.535542244],[-78.511335233,-2.537214999],[-78.511081634,-2.53814558],[-78.511397278,-2.539743487],[-78.511590737,-2.540049531],[-78.512703987,-2.542136509],[-78.514368956,-2.544363799],[-78.515251499,-2.544930468],[-78.516250215,-2.545505291],[-78.517141948,-2.545716784],[-78.518216698,-2.546638369],[-78.519428159,-2.547286414],[-78.519714203,-2.547474377],[-78.519862235,-2.547779577],[-78.521140566,-2.550967089],[-78.52128313,-2.551123139],[-78.522220161,-2.552019435],[-78.522522285,-2.552576091],[-78.523935304,-2.554455093],[-78.526606266,-2.556088341],[-78.526758548,-2.556244192],[-78.527642197,-2.5586784],[-78.528160414,-2.559842574],[-78.528304035,-2.560337201],[-78.528388434,-2.561558692],[-78.530149052,-2.563190548],[-78.531662452,-2.563856643],[-78.53427655,-2.565335385],[-78.534504625,-2.565435531],[-78.535345148,-2.565503015],[-78.535494723,-2.565625272],[-78.536476453,-2.567047729],[-78.538896559,-2.570215644],[-78.539386931,-2.570827263],[-78.540104602,-2.573533048],[-78.540390956,-2.57498758],[-78.542322804,-2.577812045],[-78.542839468,-2.579790458],[-78.543357192,-2.581216363],[-78.545378913,-2.587770206],[-78.545539372,-2.58882824],[-78.546720407,-2.591517089],[-78.547665406,-2.596287994],[-78.54821148,-2.59800476],[-78.546296908,-2.601199782],[-78.545210922,-2.602751346],[-78.545819109,-2.605488007],[-78.545192557,-2.605864092],[-78.543859842,-2.606397179],[-78.543469406,-2.606625998],[-78.542222448,-2.607082722],[-78.542191905,-2.608115797],[-78.542074063,-2.610019212],[-78.542063882,-2.61036357],[-78.541872619,-2.610889328],[-78.541585305,-2.611893199],[-78.541442365,-2.612026842],[-78.540471825,-2.612187555],[-78.540310103,-2.612196802],[-78.5393396,-2.612338381],[-78.539063865,-2.612280442],[-78.538721564,-2.612212806],[-78.538493109,-2.61229845],[-78.538215584,-2.613158846],[-78.537860992,-2.614516523],[-78.536881094,-2.616923297],[-78.536676463,-2.617097012],[-78.536704364,-2.617422312],[-78.536625483,-2.618847494],[-78.536682237,-2.619010228],[-78.536861899,-2.619555846],[-78.536937658,-2.619728184],[-78.537003289,-2.620216182],[-78.536783091,-2.620942764],[-78.535871204,-2.622091004],[-78.535880305,-2.622301473],[-78.533262185,-2.627023105],[-78.53451522,-2.62711647],[-78.534612521,-2.627217106],[-78.534709992,-2.627231649],[-78.535028604,-2.627253805],[-78.535280702,-2.627239956],[-78.535485385,-2.627151877],[-78.53619212,-2.62691652],[-78.536518097,-2.626821506],[-78.538224709,-2.625415094],[-78.538373675,-2.625242005],[-78.539641514,-2.624455317],[-78.540349162,-2.624361057],[-78.541229802,-2.623968198],[-78.541438078,-2.62386697],[-78.542836159,-2.623361536],[-78.543425128,-2.623153442],[-78.544395036,-2.622712925],[-78.54500774,-2.622528792],[-78.545168315,-2.622499215],[-78.545733608,-2.622237262],[-78.546174557,-2.621717976],[-78.546805457,-2.621348533],[-78.547917988,-2.620938187],[-78.548751403,-2.62037184],[-78.549507486,-2.619829255],[-78.550716149,-2.618898936],[-78.550997159,-2.618080388],[-78.551110684,-2.617787649],[-78.551652567,-2.617334322],[-78.552086941,-2.617137874],[-78.552586466,-2.617067107],[-78.552990928,-2.616966261],[-78.554173325,-2.617315354],[-78.555393783,-2.616432878],[-78.555559979,-2.615342661],[-78.555781407,-2.613975135],[-78.556639015,-2.613192387],[-78.557819756,-2.612553764],[-78.559066011,-2.612470104],[-78.559617917,-2.612365955],[-78.56029496,-2.611496753],[-78.561067971,-2.610187693],[-78.562508708,-2.607904179],[-78.563081663,-2.606747783],[-78.563339871,-2.60603082],[-78.563866678,-2.604137733],[-78.564048254,-2.60369804],[-78.564173657,-2.602789493],[-78.5640904,-2.601564855],[-78.564226066,-2.600264113],[-78.564954376,-2.597453056],[-78.565012218,-2.597051386],[-78.565203907,-2.596296025],[-78.565925737,-2.595242506],[-78.566121035,-2.594837358],[-78.567588856,-2.591246576],[-78.56689351,-2.589933401],[-78.566668093,-2.589432548],[-78.566649218,-2.588815711],[-78.566568662,-2.587975224],[-78.566444534,-2.587335943],[-78.566240419,-2.586802225],[-78.565969179,-2.58639136],[-78.565743073,-2.585635792],[-78.565101598,-2.584235602],[-78.56480934,-2.583823573],[-78.563448393,-2.58112089],[-78.563328516,-2.580612283],[-78.562909428,-2.578775464],[-78.560538406,-2.574243742],[-78.560515291,-2.573716464],[-78.560845553,-2.570731903],[-78.560897644,-2.56962087],[-78.560895588,-2.569588412],[-78.56063802,-2.568726484],[-78.560343995,-2.568127099],[-78.560041217,-2.567062862],[-78.560186596,-2.566256658],[-78.56007222,-2.564994739],[-78.558603148,-2.563334048],[-78.556519328,-2.560614431],[-78.556482599,-2.560485158],[-78.558909946,-2.556442578],[-78.561054436,-2.55572012],[-78.562682967,-2.555462409],[-78.563914155,-2.554797968],[-78.565843831,-2.554430947],[-78.567871893,-2.556854413],[-78.57012315,-2.555715759],[-78.570864366,-2.555564772],[-78.571363628,-2.555610194],[-78.57155668,-2.55561038],[-78.573191118,-2.554672709],[-78.574890133,-2.554140013],[-78.576100795,-2.553400659],[-78.576190527,-2.552470172],[-78.575912424,-2.551431062],[-78.57612755,-2.550058262],[-78.576761045,-2.549405127],[-78.577184262,-2.548879315],[-78.577568959,-2.547950379],[-78.577806577,-2.547331836],[-78.579431726,-2.546259714],[-78.581276562,-2.545651795],[-78.58173808,-2.545550615],[-78.582494088,-2.545466893],[-78.582881163,-2.545428394],[-78.58386234,-2.545713889],[-78.584292877,-2.545889155],[-78.5845976,-2.545961499],[-78.586594018,-2.546100033],[-78.587808489,-2.546110635],[-78.591495842,-2.546247733],[-78.593707039,-2.544232955],[-78.598053049,-2.544185065],[-78.602398557,-2.544417342],[-78.604519011,-2.542684165],[-78.604914818,-2.539546844],[-78.60425447,-2.535062671],[-78.605991467,-2.529742403],[-78.608076249,-2.528450416],[-78.609209511,-2.525720713],[-78.613178882,-2.524573635],[-78.613683837,-2.52404787],[-78.615613412,-2.520016749],[-78.61904548,-2.516997045],[-78.619799407,-2.516031784],[-78.624490535,-2.512673119],[-78.62473702,-2.512342352],[-78.627540726,-2.510162006],[-78.629465676,-2.508652496],[-78.629884989,-2.50785472],[-78.631578323,-2.505145496],[-78.634028898,-2.50399564],[-78.63795391,-2.505683905],[-78.644559299,-2.504056745],[-78.646194423,-2.50103362],[-78.647033473,-2.499185862],[-78.651050177,-2.49633512],[-78.653809288,-2.495709639],[-78.654187017,-2.494785676],[-78.655110071,-2.492685874],[-78.655656808,-2.490711483],[-78.657030428,-2.487016957],[-78.655421002,-2.4822632],[-78.655302525,-2.478354276],[-78.655137891,-2.476924991],[-78.656392026,-2.476633019],[-78.65802077,-2.477182295],[-78.662281609,-2.478030451],[-78.664662613,-2.478539029],[-78.667155528,-2.474732433],[-78.667420055,-2.471788604],[-78.668092223,-2.470663725],[-78.668427517,-2.469858434],[-78.668522749,-2.469724363],[-78.668639587,-2.467508503],[-78.668455221,-2.467216379],[-78.667947166,-2.465661932],[-78.667746788,-2.464811402],[-78.667478994,-2.464482068],[-78.667644473,-2.463852207],[-78.667444685,-2.463539356],[-78.666915565,-2.462159248],[-78.666703645,-2.4614847],[-78.666145697,-2.460401585],[-78.664777922,-2.458420768],[-78.664678888,-2.457795596],[-78.664202212,-2.457216222],[-78.662538313,-2.455746258],[-78.662338508,-2.455443804],[-78.662141949,-2.454774528],[-78.661477734,-2.4542826],[-78.661310095,-2.453210481],[-78.661057045,-2.452569491],[-78.661291561,-2.452084387],[-78.662202479,-2.452473334],[-78.662477587,-2.452264641],[-78.664460279,-2.450568677],[-78.666773119,-2.451027334],[-78.667191046,-2.451384499],[-78.668279626,-2.451528419],[-78.668827137,-2.451167792],[-78.670137052,-2.451172074],[-78.671714799,-2.451849555],[-78.673531853,-2.452441576],[-78.673662953,-2.45235403],[-78.675082838,-2.450925622],[-78.675777523,-2.450172654],[-78.676370357,-2.45037003],[-78.676926636,-2.450918535],[-78.677491481,-2.450929826],[-78.677638311,-2.450684744],[-78.677559741,-2.450069908],[-78.67840766,-2.449787269],[-78.678482116,-2.449764167],[-78.679413653,-2.450140305],[-78.680754876,-2.4511757],[-78.681499975,-2.450895501],[-78.681748104,-2.451479628],[-78.682205586,-2.451209233],[-78.682796579,-2.45101654],[-78.683367715,-2.450402832],[-78.684199968,-2.450241565],[-78.684233024,-2.450252289],[-78.684933976,-2.450454642],[-78.685160283,-2.450297473],[-78.686028461,-2.450151815],[-78.686149173,-2.450146781],[-78.686517374,-2.450053317],[-78.68681234,-2.450213562],[-78.68724055,-2.450084133],[-78.687791206,-2.449462611],[-78.688637995,-2.448740538],[-78.690647613,-2.448899416],[-78.691941605,-2.449028215],[-78.692586782,-2.448790411],[-78.692720065,-2.448791908],[-78.693021147,-2.448425684],[-78.693672237,-2.447621004],[-78.69687886,-2.449499055],[-78.696999617,-2.449468257],[-78.699913486,-2.4483679],[-78.700070595,-2.448102129],[-78.700040133,-2.447887652],[-78.700095353,-2.447128401],[-78.70050951,-2.446702977],[-78.700944099,-2.446311126],[-78.701142637,-2.445836243],[-78.702147523,-2.445373055],[-78.703802059,-2.444895525],[-78.706227892,-2.44385107],[-78.707562724,-2.436593069],[-78.716901256,-2.426427659],[-78.717717338,-2.425993364],[-78.719114357,-2.426068347],[-78.720538764,-2.427540118],[-78.721455982,-2.427575845],[-78.723324678,-2.427476498],[-78.725125202,-2.427513717],[-78.725804724,-2.427480696],[-78.728350378,-2.428886022],[-78.732596768,-2.429064052],[-78.737377954,-2.431972418],[-78.73842085,-2.433050579],[-78.74025496,-2.433335586],[-78.74300803,-2.432622618],[-78.743670519,-2.432623733],[-78.745297637,-2.431734598],[-78.745655819,-2.431375533],[-78.74756532,-2.427175618],[-78.751067446,-2.425472891],[-78.751881801,-2.426089345],[-78.752832392,-2.426500996],[-78.754769692,-2.426025825],[-78.756025994,-2.426472157],[-78.757753481,-2.429618858],[-78.758091474,-2.430678753],[-78.761316819,-2.432016845],[-78.762475996,-2.42955839],[-78.764004214,-2.429936828],[-78.768044175,-2.431754676],[-78.76896137,-2.431824545],[-78.770320963,-2.43145091],[-78.771443521,-2.430598468],[-78.774738984,-2.430638107],[-78.776570026,-2.432828174],[-78.777553273,-2.434060011],[-78.778333234,-2.434949787],[-78.78339558,-2.434889825],[-78.784315467,-2.433319407],[-78.78584868,-2.430656476],[-78.786698495,-2.430384496],[-78.786635109,-2.427582236],[-78.786602191,-2.426932902],[-78.78881371,-2.424988698],[-78.79122885,-2.423181509],[-78.79156904,-2.422908685],[-78.793713981,-2.420110031],[-78.794328286,-2.418402396],[-78.796945493,-2.417689041],[-78.797388487,-2.416869615],[-78.796508617,-2.414715288],[-78.792845318,-2.413517115],[-78.796886356,-2.412221284],[-78.798350394,-2.410275812],[-78.798861439,-2.409388148],[-78.798900022,-2.406517684],[-78.797541209,-2.406412959],[-78.795132762,-2.404085292],[-78.794728088,-2.402205129],[-78.794392347,-2.399709968],[-78.79242749,-2.396186983],[-78.791920946,-2.394272487],[-78.791280146,-2.391332592],[-78.791628021,-2.386241413],[-78.790847334,-2.385795906],[-78.793432608,-2.383749711],[-78.795948789,-2.382421023],[-78.796900761,-2.381978307],[-78.798277451,-2.38262805],[-78.798784935,-2.382947813],[-78.799433113,-2.383075331],[-78.799499835,-2.383168464],[-78.799789765,-2.383518344],[-78.801015876,-2.383863672],[-78.801334699,-2.383904414],[-78.802826776,-2.384071437],[-78.803123059,-2.384100209],[-78.803637797,-2.384041549],[-78.80409271,-2.384130785],[-78.804603723,-2.384267032],[-78.805374241,-2.384557564],[-78.805601159,-2.384630884],[-78.805702915,-2.384678781],[-78.805872366,-2.384773888],[-78.806244844,-2.38498766],[-78.806538681,-2.385142634],[-78.806923456,-2.385310861],[-78.808000534,-2.385102577],[-78.808405034,-2.384846655],[-78.809846047,-2.384117855],[-78.810362352,-2.383978824],[-78.81097068,-2.38322211],[-78.811106418,-2.382697072],[-78.811480556,-2.381063864],[-78.812007614,-2.38037437],[-78.812714015,-2.379263963],[-78.812773244,-2.379150418],[-78.813245963,-2.378322244],[-78.813542379,-2.377754427],[-78.81362913,-2.377400447],[-78.813813698,-2.377028089],[-78.817081499,-2.378302806],[-78.821384397,-2.378628597],[-78.828761662,-2.382786692],[-78.833199653,-2.383659456],[-78.835865843,-2.387810092],[-78.841475689,-2.39251218],[-78.842373844,-2.397525776],[-78.849714284,-2.396398257],[-78.853161025,-2.39389759],[-78.853299692,-2.392120751],[-78.856790657,-2.390303615],[-78.859231866,-2.393542612],[-78.863128078,-2.393320895],[-78.86652444,-2.394100835],[-78.877806783,-2.392569195],[-78.886642852,-2.393920286],[-78.889887462,-2.398921788],[-78.895983811,-2.404052674],[-78.898353161,-2.402312453],[-78.902683031,-2.403726027],[-78.904264924,-2.406143524],[-78.905525173,-2.411522387],[-78.908552785,-2.416539459],[-78.911991624,-2.419278816],[-78.916006917,-2.412125486],[-78.920949207,-2.411870896],[-78.923730532,-2.407460352],[-78.927910703,-2.405279587],[-78.93290201,-2.404057682],[-78.935589466,-2.405312902],[-78.941602248,-2.403328884],[-78.944306286,-2.40132599],[-78.945807592,-2.402048944],[-78.951922029,-2.400617978],[-78.959053262,-2.396175855],[-78.961786085,-2.39599204],[-78.968295334,-2.393120594],[-78.971676071,-2.391886064],[-78.974305666,-2.392040084],[-78.975953455,-2.38947955],[-78.97685946,-2.384000762],[-78.974209532,-2.380680015],[-78.976429776,-2.378081979],[-78.979102134,-2.378256364],[-78.986233894,-2.375831825],[-78.988224774,-2.377259298],[-78.993025258,-2.37597618],[-78.996739124,-2.377201226],[-79.005055438,-2.377360462],[-79.010001578,-2.375368047],[-79.013122237,-2.37141052],[-79.013203423,-2.369183896],[-79.018357201,-2.364886623],[-79.023793037,-2.363775538],[-79.02768681,-2.361788552],[-79.028489361,-2.358512232],[-79.032142766,-2.354930155],[-79.033531432,-2.351738381],[-79.036807464,-2.348934911],[-79.038065865,-2.344995094],[-79.044699641,-2.339419756],[-79.044821434,-2.335112322],[-79.046498725,-2.332285011],[-79.052348437,-2.329871395],[-79.052168928,-2.326369229],[-79.050717075,-2.322996879],[-79.053737367,-2.321726662],[-79.055741149,-2.319424884],[-79.058135263,-2.318650197],[-79.059216816,-2.315408253],[-79.063465473,-2.314677249],[-79.063936087,-2.311384808],[-79.06566215,-2.308305807],[-79.065563782,-2.30542048],[-79.062117545,-2.302843978],[-79.062034685,-2.300397214],[-79.066946627,-2.297084386],[-79.069542674,-2.296092691],[-79.071531319,-2.292005886],[-79.073542392,-2.292723451],[-79.077471344,-2.29057562],[-79.081738948,-2.292370401],[-79.084741216,-2.289404527],[-79.085816258,-2.286928842],[-79.08930115,-2.286414362],[-79.090939346,-2.283158103],[-79.090258666,-2.278076639],[-79.092476176,-2.267963694],[-79.091980769,-2.266702719],[-79.096725913,-2.261413161],[-79.099955094,-2.256687134],[-79.100241991,-2.254703003],[-79.108913164,-2.251665928],[-79.120652129,-2.246696054],[-79.123580281,-2.246572293],[-79.12949344,-2.243413865],[-79.133792909,-2.236653984],[-79.133050537,-2.232412635],[-79.135305771,-2.225677497],[-79.134730753,-2.219578972],[-79.137073676,-2.212174267],[-79.14295,-2.212581938],[-79.147807051,-2.212369094],[-79.150110623,-2.21150708],[-79.155519222,-2.211708715],[-79.159101507,-2.214038836],[-79.169054558,-2.215058487],[-79.173068311,-2.214959497],[-79.179918375,-2.213709499],[-79.182176119,-2.213996494],[-79.188927432,-2.212901446],[-79.194469001,-2.213834007],[-79.197399086,-2.212452345],[-79.20064461,-2.212847043],[-79.213094,-2.212800495],[-79.224017912,-2.210763954],[-79.227798407,-2.213057529],[-79.232199337,-2.214409748],[-79.237289362,-2.214819578],[-79.23959009,-2.217434465],[-79.243009344,-2.219394229],[-79.249545764,-2.220471409],[-79.254568055,-2.2176575],[-79.253063513,-2.210910573],[-79.249626092,-2.211484796],[-79.248336944,-2.196348889],[-79.246136899,-2.197507128],[-79.242184666,-2.197385942],[-79.240882648,-2.195884363],[-79.23376252,-2.19634581],[-79.23086634,-2.19826304],[-79.225209636,-2.197740666],[-79.221982819,-2.199363821],[-79.218453558,-2.198420328],[-79.21052066,-2.197644628],[-79.208423527,-2.19605655],[-79.206280959,-2.196639844],[-79.202440025,-2.194261639],[-79.199524036,-2.194444772],[-79.193570217,-2.191430992],[-79.188319111,-2.192815977],[-79.179214848,-2.198313523],[-79.174172321,-2.199436655],[-79.1712633,-2.200982424],[-79.162119736,-2.202279386],[-79.157672222,-2.203375599],[-79.154049288,-2.201443053],[-79.149704613,-2.20240165],[-79.146203197,-2.20188086],[-79.143500163,-2.202807036],[-79.131342604,-2.20227534],[-79.126989719,-2.202705993],[-79.125465326,-2.203044352],[-79.111025697,-2.201429058],[-79.107837153,-2.199056487],[-79.108283104,-2.196190927],[-79.105724812,-2.194115996],[-79.103134064,-2.194528806],[-79.10066406,-2.191917917],[-79.093540314,-2.186343084],[-79.088140287,-2.184724683],[-79.080918841,-2.178356447],[-79.079166988,-2.175832624],[-79.076387577,-2.169723696],[-79.072355948,-2.168445787],[-79.07189721,-2.166382969],[-79.068333043,-2.164048231],[-79.067169788,-2.161238339],[-79.062932926,-2.158036464],[-79.062586886,-2.155017505],[-79.060640147,-2.155119463],[-79.057430012,-2.151517811],[-79.054052965,-2.149658591],[-79.052033617,-2.149827056],[-79.050181274,-2.144003432],[-79.048487015,-2.1434186],[-79.049149863,-2.140276299],[-79.047218137,-2.137766149],[-79.043206028,-2.134065535],[-79.040076773,-2.128296297],[-79.036614495,-2.126370029],[-79.035248385,-2.122580029],[-79.031553759,-2.118001556],[-79.031802064,-2.116628513],[-79.027401817,-2.1060194],[-79.025980745,-2.100621135],[-79.027532793,-2.098108669],[-79.025396383,-2.092930504],[-79.025777509,-2.087493941],[-79.024095182,-2.086227711],[-79.023131405,-2.081190919],[-79.023696977,-2.073432311],[-79.025904682,-2.069944186],[-79.029723567,-2.068625217],[-79.030421957,-2.065762104],[-79.032766957,-2.065435781],[-79.037603986,-2.060040794],[-79.035681357,-2.057747214],[-79.035443634,-2.054186093],[-79.036316671,-2.051447209],[-79.035680361,-2.047549584],[-79.033917304,-2.044906674],[-79.032568321,-2.037224105],[-79.029805118,-2.0349656],[-79.030384154,-2.026951658],[-79.029525004,-2.02194878],[-79.027178479,-2.019889259],[-79.027389327,-2.016042308],[-79.026554015,-2.009842011],[-79.018367966,-2.000913149],[-79.018188192,-1.99756412],[-79.0165197,-1.99458312],[-79.016641466,-1.988349071],[-79.015802508,-1.985170637],[-79.016294632,-1.982228339],[-79.014575739,-1.976390099],[-79.01516299,-1.972595492],[-79.013618398,-1.965289413],[-79.014813292,-1.965063077],[-79.016702339,-1.959691455],[-79.014319906,-1.955805353],[-79.011862384,-1.949066489],[-79.009220433,-1.946695513],[-79.008034084,-1.944194153],[-79.008666384,-1.942063853],[-79.008432068,-1.935043408],[-79.007143269,-1.931881736],[-79.008209861,-1.927404621],[-79.00665322,-1.92474639],[-79.008114456,-1.921107994],[-79.007476358,-1.915304501],[-79.010046262,-1.910209043],[-79.008040912,-1.907376144],[-79.010922171,-1.896111536],[-79.015576326,-1.886448611],[-79.013105085,-1.880069071],[-79.016948321,-1.874385757],[-79.016372762,-1.870850469],[-79.017748802,-1.867327633],[-79.017536337,-1.864180243],[-79.020382506,-1.86238923],[-79.022523727,-1.858459281],[-79.021834777,-1.852621257],[-79.019769916,-1.84936539],[-79.015370159,-1.847853292],[-79.014413749,-1.844679423],[-79.014682662,-1.840696538],[-79.01235245,-1.832841196],[-79.01123409,-1.830985915],[-79.012098662,-1.823106639],[-79.010195963,-1.815861599],[-79.009922147,-1.809701128],[-79.007693076,-1.804414084],[-79.007658148,-1.801555252],[-79.00980444,-1.799885397],[-79.008721716,-1.796398629],[-79.008413074,-1.791606521],[-79.011301524,-1.782925626],[-79.011102276,-1.780281916],[-79.012597805,-1.77476803],[-79.005563389,-1.772299798],[-78.999486501,-1.771503539],[-78.996455201,-1.768933805],[-78.995230338,-1.765406415],[-78.990532169,-1.763287421],[-78.98690537,-1.760043631],[-78.986826213,-1.758038827],[-78.984336472,-1.755698444],[-78.976086741,-1.753385738],[-78.972380787,-1.754925112],[-78.969524719,-1.753861813],[-78.967083267,-1.754725698],[-78.963730671,-1.754197734],[-78.956922675,-1.755173246],[-78.952347476,-1.755039009],[-78.947801912,-1.754641693],[-78.943161114,-1.756627832],[-78.936467087,-1.757878098],[-78.932487697,-1.75713538],[-78.927393499,-1.751848489],[-78.927063555,-1.748906223],[-78.923675347,-1.744507194],[-78.921590165,-1.740457806],[-78.915448816,-1.739097022],[-78.911738737,-1.735883733],[-78.906025842,-1.732622419],[-78.899620714,-1.73619528],[-78.896320587,-1.735668339],[-78.891905418,-1.738652851],[-78.887277714,-1.740256342],[-78.879919404,-1.740699998],[-78.878738628,-1.734317938],[-78.879268923,-1.731423249],[-78.875320341,-1.721186857],[-78.871439532,-1.71919096],[-78.866841101,-1.718241342],[-78.863341415,-1.718654968],[-78.866761417,-1.714187414],[-78.866608938,-1.70804437],[-78.864041526,-1.701668997],[-78.863962968,-1.695728583],[-78.85923713,-1.69002631],[-78.860543421,-1.688192035],[-78.860907278,-1.684129737],[-78.862441699,-1.679216003],[-78.860702766,-1.674247973],[-78.857786629,-1.671066532],[-78.855874765,-1.667001584],[-78.852878387,-1.665207471],[-78.853727186,-1.661580241],[-78.85411528,-1.654105361],[-78.85154267,-1.644242468],[-78.851676441,-1.635682093],[-78.851263162,-1.628671537],[-78.866586193,-1.632549424],[-78.879191784,-1.627381312],[-78.887669826,-1.629561347],[-78.89161488,-1.626747465],[-78.894806431,-1.621107075],[-78.8965976,-1.616298439],[-78.895954827,-1.611851382],[-78.897252497,-1.599926551],[-78.894583333,-1.584419444],[-78.891883333,-1.580744443],[-78.890382919,-1.576403124],[-78.889402453,-1.570545073],[-78.887058316,-1.565554653],[-78.883923331,-1.551745181],[-78.88531619,-1.547137242],[-78.884043969,-1.545279684],[-78.883967581,-1.539903625],[-78.881878278,-1.539289764],[-78.880562365,-1.53366234],[-78.876426277,-1.53205469],[-78.877430167,-1.528990855],[-78.874566752,-1.518583628],[-78.869362438,-1.515141711],[-78.867694444,-1.511988888],[-78.869693482,-1.507512037],[-78.875039002,-1.498651719],[-78.878609175,-1.495994542],[-78.87779491,-1.491401671],[-78.867736415,-1.491401685],[-78.866935953,-1.489013731],[-78.868628215,-1.483337677],[-78.866718871,-1.481006026],[-78.864207973,-1.480908477],[-78.859280484,-1.475845311],[-78.852560945,-1.47089641],[-78.85256091,-1.470896403],[-78.8459,-1.466261111],[-78.843650792,-1.459575839],[-78.832899103,-1.461583554],[-78.825200043,-1.457610949],[-78.813736481,-1.445217769],[-78.800490019,-1.447547829],[-78.797001114,-1.44389717],[-78.793639009,-1.44274293],[-78.791015805,-1.440206186],[-78.791015713,-1.437032986],[-78.785065538,-1.436094895],[-78.781792628,-1.432171388],[-78.777941377,-1.430423422],[-78.771306012,-1.430487033],[-78.766694866,-1.43760282],[-78.765179165,-1.439153432],[-78.760555421,-1.44091108],[-78.758793226,-1.442966034],[-78.755363698,-1.443836765],[-78.753354878,-1.447231595]],[[-78.634071165,-2.135307964],[-78.63399674,-2.135332604],[-78.634016016,-2.135324918],[-78.634071165,-2.135307964]],[[-78.594415365,-2.141117438],[-78.594563928,-2.141380977],[-78.594409852,-2.141126633],[-78.594415365,-2.141117438]],[[-78.648094241,-2.154444896],[-78.648121117,-2.154518293],[-78.64794783,-2.154281155],[-78.648094241,-2.154444896]],[[-78.736000491,-2.192946745],[-78.733827759,-2.195563042],[-78.735981441,-2.192934213],[-78.736000491,-2.192946745]],[[-78.80958183,-2.335701545],[-78.809137833,-2.335921857],[-78.809319113,-2.335097731],[-78.80958183,-2.335701545]]]]},"properties":{"codigo":"06","nombre":"CHIMBORAZO","nivel":"Provincia","codigo_provincia":"06","provincia":"CHIMBORAZO"},"id":"06"},{"type":"Feature","geometry":{"type":"MultiPolygon","coordinates":[[[[-78.90810161,-0.357872769],[-78.906953664,-0.361369956],[-78.910643353,-0.363331187],[-78.91215654,-0.365756015],[-78.916254236,-0.368150348],[-78.91580537,-0.372149594],[-78.910937243,-0.374953346],[-78.90365422,-0.384654191],[-78.899650124,-0.385494041],[-78.899459512,-0.392383395],[-78.896542165,-0.394320557],[-78.890806236,-0.403254672],[-78.889086946,-0.408629819],[-78.89193989,-0.410664386],[-78.892788356,-0.413198847],[-78.890306262,-0.414718626],[-78.885457566,-0.412824789],[-78.882223429,-0.416108072],[-78.879520865,-0.413965913],[-78.877913756,-0.417029307],[-78.875528935,-0.414263137],[-78.873183999,-0.417910232],[-78.871195838,-0.417544656],[-78.870329738,-0.42148996],[-78.872469241,-0.423614506],[-78.871662776,-0.426663025],[-78.869611094,-0.426581123],[-78.868908234,-0.429591151],[-78.865505366,-0.428641726],[-78.864734782,-0.431200099],[-78.861513853,-0.433945312],[-78.863214674,-0.436435968],[-78.863789037,-0.440461554],[-78.862163307,-0.44200542],[-78.862287837,-0.448124434],[-78.858701094,-0.453085532],[-78.857750436,-0.462018578],[-78.855022064,-0.466837892],[-78.851673931,-0.468175024],[-78.848176885,-0.470189537],[-78.84559848,-0.470508078],[-78.840813253,-0.474270894],[-78.838444541,-0.477787983],[-78.837601788,-0.482043348],[-78.837449232,-0.489357244],[-78.836190797,-0.495673135],[-78.832968989,-0.499491668],[-78.835557213,-0.502601486],[-78.834303141,-0.507060593],[-78.835255635,-0.5093218],[-78.833903834,-0.513010252],[-78.834241724,-0.521034853],[-78.832304026,-0.524698584],[-78.828764055,-0.525898347],[-78.827184869,-0.528125635],[-78.821453502,-0.529319665],[-78.817153029,-0.532445007],[-78.815631052,-0.534471297],[-78.811165756,-0.537383128],[-78.80856911,-0.536177355],[-78.803286952,-0.540348603],[-78.796663428,-0.541742938],[-78.795814588,-0.543339996],[-78.790202719,-0.542809664],[-78.785838563,-0.53986523],[-78.782550386,-0.540772298],[-78.778456525,-0.538468518],[-78.774663052,-0.542907205],[-78.771990344,-0.542606964],[-78.770726482,-0.545292242],[-78.764922377,-0.544660728],[-78.759110427,-0.547477709],[-78.755000998,-0.547740469],[-78.750892388,-0.550278279],[-78.747806472,-0.553955519],[-78.7451975,-0.554259488],[-78.743944227,-0.557207028],[-78.741411524,-0.556903475],[-78.737921693,-0.558678108],[-78.73342119,-0.559655839],[-78.732271069,-0.562653643],[-78.73270244,-0.565839777],[-78.730498215,-0.567724907],[-78.730026119,-0.571939691],[-78.730837773,-0.574312282],[-78.728332129,-0.588978103],[-78.730311835,-0.596493009],[-78.733105483,-0.597785786],[-78.736001179,-0.603416063],[-78.735056466,-0.607734819],[-78.736794431,-0.615039072],[-78.738820278,-0.618182126],[-78.73913141,-0.621964897],[-78.736658855,-0.624642034],[-78.734039042,-0.630412105],[-78.735398553,-0.637360362],[-78.734662447,-0.6399231],[-78.730738314,-0.641060783],[-78.720366683,-0.649228311],[-78.715858208,-0.663064163],[-78.71513532,-0.660990774],[-78.709519961,-0.662760799],[-78.707694626,-0.660659464],[-78.700355996,-0.658426448],[-78.69110372,-0.659435383],[-78.686483083,-0.656164533],[-78.683567684,-0.656112406],[-78.679540825,-0.653830957],[-78.671707723,-0.65186205],[-78.667175241,-0.648768088],[-78.66401996,-0.64769952],[-78.66301356,-0.642991291],[-78.66091768,-0.639174753],[-78.65709462,-0.636777652],[-78.653407372,-0.638719184],[-78.648119971,-0.642808666],[-78.64326445,-0.637373612],[-78.641401696,-0.632645749],[-78.640158616,-0.620971873],[-78.63911977,-0.619337532],[-78.622626054,-0.609428502],[-78.61810273,-0.606536896],[-78.617615097,-0.601681009],[-78.610873326,-0.59949575],[-78.607975892,-0.602322171],[-78.604878624,-0.603806237],[-78.600383679,-0.607210414],[-78.593958769,-0.608152888],[-78.590425532,-0.610746651],[-78.586831016,-0.610221384],[-78.579408147,-0.617866164],[-78.576067144,-0.611475513],[-78.574130271,-0.612050874],[-78.571395891,-0.610235273],[-78.568551355,-0.609780811],[-78.562271496,-0.611854884],[-78.558952268,-0.614147251],[-78.558778473,-0.619224329],[-78.55647104,-0.625894684],[-78.55772063,-0.628534681],[-78.557044445,-0.631265891],[-78.553443665,-0.63173209],[-78.551364653,-0.633831274],[-78.547947795,-0.631309833],[-78.54440548,-0.631447691],[-78.542017648,-0.628781814],[-78.540412225,-0.624710558],[-78.53329451,-0.62497755],[-78.530225967,-0.628062321],[-78.526086464,-0.630297998],[-78.521322578,-0.63045046],[-78.518259733,-0.629673013],[-78.516251447,-0.634582621],[-78.509501578,-0.633425019],[-78.507811966,-0.629641419],[-78.504798825,-0.633158812],[-78.502463051,-0.633644862],[-78.497803048,-0.63078097],[-78.499769531,-0.625746227],[-78.498622223,-0.625297223],[-78.495444439,-0.629360572],[-78.493532925,-0.625272106],[-78.491312736,-0.626291616],[-78.491951589,-0.631877676],[-78.488816066,-0.632462301],[-78.487790147,-0.636790543],[-78.484144738,-0.633471162],[-78.481610385,-0.633231305],[-78.479012861,-0.627508127],[-78.480332966,-0.623577021],[-78.479395096,-0.621061247],[-78.475878184,-0.617314089],[-78.47498638,-0.614218458],[-78.47251842,-0.613938627],[-78.470524374,-0.616081051],[-78.464445015,-0.609733373],[-78.456353776,-0.609016856],[-78.457731271,-0.611421167],[-78.457624905,-0.615961715],[-78.454344952,-0.620574273],[-78.451086077,-0.620699994],[-78.445476281,-0.615535375],[-78.443385215,-0.615254797],[-78.441752107,-0.612289106],[-78.437002395,-0.611991911],[-78.435479788,-0.607808007],[-78.433603059,-0.605399095],[-78.430740534,-0.604073663],[-78.429896111,-0.600899747],[-78.426959521,-0.603363446],[-78.424042577,-0.608076259],[-78.421940513,-0.609065371],[-78.41628327,-0.607630248],[-78.41436409,-0.610302976],[-78.410480965,-0.612464431],[-78.406872807,-0.612596069],[-78.4092241,-0.617529607],[-78.407714141,-0.620116443],[-78.409079681,-0.62229547],[-78.402970019,-0.622069354],[-78.40211629,-0.623358986],[-78.398242017,-0.6238374],[-78.392644842,-0.626460813],[-78.388817693,-0.626478619],[-78.385596858,-0.628777648],[-78.38025874,-0.633825738],[-78.375034607,-0.64000343],[-78.374273379,-0.642699575],[-78.370829784,-0.648440404],[-78.367902673,-0.656772993],[-78.366199893,-0.657388756],[-78.363521907,-0.661790516],[-78.371187098,-0.672652546],[-78.376980312,-0.674088242],[-78.393452919,-0.675586551],[-78.395074719,-0.676671312],[-78.396176196,-0.683489872],[-78.39553088,-0.687250769],[-78.397375938,-0.690294194],[-78.395021595,-0.692830645],[-78.396580901,-0.694153405],[-78.39723896,-0.697718905],[-78.395744158,-0.700721447],[-78.39951139,-0.707445854],[-78.399165394,-0.710739792],[-78.402247112,-0.711042728],[-78.404105716,-0.715982511],[-78.407896038,-0.717452949],[-78.40714412,-0.719082504],[-78.410707332,-0.721249145],[-78.41109588,-0.724122226],[-78.407390691,-0.728273152],[-78.401806158,-0.732006308],[-78.399016782,-0.739130716],[-78.394910804,-0.743139663],[-78.392906892,-0.747520485],[-78.393111232,-0.753138599],[-78.391789987,-0.75840841],[-78.395588716,-0.761636621],[-78.397592879,-0.765249876],[-78.397408252,-0.772002749],[-78.395913616,-0.776631347],[-78.39337536,-0.781938634],[-78.395208102,-0.783903367],[-78.393527838,-0.792047127],[-78.393827117,-0.798537116],[-78.390339781,-0.800579424],[-78.388798788,-0.803867972],[-78.389142579,-0.808650588],[-78.389037394,-0.811608311],[-78.390902187,-0.815268168],[-78.389948978,-0.819920956],[-78.393015032,-0.824705518],[-78.393667821,-0.829077202],[-78.393152175,-0.83294116],[-78.396874056,-0.837410554],[-78.400982186,-0.846911504],[-78.400483064,-0.854391119],[-78.3990746,-0.857565788],[-78.401560712,-0.862684851],[-78.40231642,-0.869247077],[-78.404327284,-0.872771137],[-78.40838947,-0.874424807],[-78.413287766,-0.874802509],[-78.417048895,-0.877435571],[-78.420268234,-0.877759292],[-78.424124748,-0.87551307],[-78.427067181,-0.877768442],[-78.427326164,-0.882156572],[-78.426488042,-0.884664545],[-78.424133393,-0.886671168],[-78.422701203,-0.892507359],[-78.421035225,-0.895768332],[-78.421692896,-0.897998712],[-78.418215647,-0.902754215],[-78.418584887,-0.907191418],[-78.414830006,-0.908623947],[-78.410813777,-0.911245489],[-78.409324807,-0.913239976],[-78.415607224,-0.921070914],[-78.415950727,-0.925101605],[-78.421251227,-0.926717285],[-78.424351375,-0.930118338],[-78.426663496,-0.935445736],[-78.429923094,-0.937880366],[-78.429490289,-0.945658213],[-78.424047527,-0.948511978],[-78.419866371,-0.951808583],[-78.418548776,-0.950611928],[-78.413452778,-0.949338889],[-78.410727691,-0.95246186],[-78.407287446,-0.959119386],[-78.40720426,-0.960418527],[-78.40149524,-0.963902932],[-78.395998407,-0.962822268],[-78.395397684,-0.967277252],[-78.393569143,-0.972952638],[-78.394266422,-0.978000096],[-78.392100181,-0.982837801],[-78.392105826,-0.985938619],[-78.395500402,-0.994542599],[-78.397139239,-0.995933815],[-78.402619117,-0.995902118],[-78.40393439,-0.994269128],[-78.406880184,-0.997159138],[-78.40952828,-0.998235046],[-78.407891322,-1.003670412],[-78.408381706,-1.007785207],[-78.40736757,-1.009732523],[-78.407839813,-1.014698901],[-78.410063971,-1.017486006],[-78.411887013,-1.021608055],[-78.415928935,-1.024022684],[-78.420811586,-1.024102322],[-78.422947859,-1.029549616],[-78.425776936,-1.032112133],[-78.429814996,-1.037746045],[-78.433016822,-1.039815823],[-78.434888545,-1.043062149],[-78.434604058,-1.046430543],[-78.436559955,-1.046420176],[-78.438897247,-1.048513625],[-78.44572044,-1.047451249],[-78.447231982,-1.054620602],[-78.445996192,-1.055879988],[-78.446361535,-1.061291052],[-78.448787369,-1.063794202],[-78.453174558,-1.064879954],[-78.453806869,-1.068211112],[-78.456041002,-1.071997703],[-78.459536141,-1.073027026],[-78.459992547,-1.076253289],[-78.456600786,-1.079139601],[-78.456412991,-1.080732135],[-78.459373837,-1.084110529],[-78.46284916,-1.084409071],[-78.465888955,-1.088054418],[-78.469187374,-1.086597719],[-78.475497826,-1.087778423],[-78.483228446,-1.092580962],[-78.48812754,-1.09252756],[-78.491323397,-1.093886683],[-78.496469158,-1.093671819],[-78.50196463,-1.094214276],[-78.505579635,-1.086782561],[-78.508581352,-1.086402465],[-78.509813164,-1.08468898],[-78.509386843,-1.080680512],[-78.511808277,-1.0784774],[-78.51596337,-1.07897393],[-78.516005046,-1.073357173],[-78.520630444,-1.070874876],[-78.521054093,-1.06692139],[-78.523840391,-1.059077665],[-78.526525142,-1.05826041],[-78.527986702,-1.06061333],[-78.533016291,-1.059655213],[-78.536588426,-1.060724951],[-78.545690795,-1.060093218],[-78.54665529,-1.06064808],[-78.55226833,-1.059078296],[-78.555888058,-1.058845051],[-78.564555643,-1.061228029],[-78.572101353,-1.065604508],[-78.57139555,-1.06684057],[-78.576528823,-1.07398265],[-78.575160454,-1.076235679],[-78.572180528,-1.074476503],[-78.569749621,-1.076185643],[-78.567342392,-1.074351899],[-78.565258151,-1.076456966],[-78.564897377,-1.080913896],[-78.562574473,-1.083741026],[-78.563829298,-1.088307622],[-78.566371241,-1.09212949],[-78.570307402,-1.095993086],[-78.570335686,-1.099459863],[-78.567344291,-1.102593464],[-78.566328787,-1.105167722],[-78.567865484,-1.109669404],[-78.567179565,-1.111549724],[-78.568701956,-1.115969918],[-78.570352279,-1.115345472],[-78.576681305,-1.11837322],[-78.578460559,-1.120370845],[-78.582693315,-1.119370055],[-78.585731524,-1.120956467],[-78.587769397,-1.118404844],[-78.590016116,-1.118946057],[-78.59090239,-1.114324652],[-78.607425927,-1.115370501],[-78.609382353,-1.115048909],[-78.611471442,-1.110439882],[-78.613576621,-1.110186552],[-78.615729611,-1.112858941],[-78.616304824,-1.117082537],[-78.622276712,-1.123418596],[-78.625938319,-1.126424193],[-78.628286793,-1.126156215],[-78.639385164,-1.130344982],[-78.642952929,-1.13204033],[-78.646791678,-1.136181038],[-78.659680083,-1.142357149],[-78.661519601,-1.147750687],[-78.664403329,-1.150971873],[-78.665454711,-1.154631792],[-78.666821835,-1.155072634],[-78.668374243,-1.155164457],[-78.668885288,-1.154811692],[-78.671068284,-1.153565884],[-78.673819316,-1.148006359],[-78.67381345,-1.145053985],[-78.676791637,-1.14584234],[-78.683882728,-1.147796125],[-78.686504177,-1.146416366],[-78.689483929,-1.151057975],[-78.693476019,-1.150028972],[-78.700985926,-1.150381552],[-78.702518955,-1.151154926],[-78.707647356,-1.148207955],[-78.711988346,-1.148144465],[-78.71491081,-1.150076641],[-78.721045136,-1.148388509],[-78.725164433,-1.149821937],[-78.726471325,-1.146709837],[-78.728828313,-1.146084377],[-78.732177933,-1.141737953],[-78.733386041,-1.139048603],[-78.736011758,-1.138495123],[-78.738711624,-1.133695506],[-78.742526761,-1.133660649],[-78.744216478,-1.132415814],[-78.747965322,-1.133009658],[-78.751353562,-1.13649731],[-78.75571193,-1.137068675],[-78.761013412,-1.135510543],[-78.762191269,-1.13817018],[-78.76510657,-1.137912287],[-78.768908961,-1.140721782],[-78.771045738,-1.13958127],[-78.774796732,-1.140681193],[-78.777545973,-1.142488515],[-78.778591416,-1.145562543],[-78.782182142,-1.145984888],[-78.785386265,-1.144900899],[-78.789473055,-1.141867189],[-78.790355139,-1.142830505],[-78.797757181,-1.144999122],[-78.798730971,-1.147672262],[-78.804605722,-1.152268954],[-78.80627833,-1.155015075],[-78.810591191,-1.152492465],[-78.811940666,-1.152971911],[-78.816712137,-1.157756863],[-78.823978205,-1.16253721],[-78.832013277,-1.166110157],[-78.830875213,-1.170614993],[-78.832866151,-1.174923338],[-78.836296693,-1.174800746],[-78.840343351,-1.176841088],[-78.845920052,-1.183051968],[-78.851301946,-1.18003905],[-78.852907414,-1.177009731],[-78.855585708,-1.174257555],[-78.859285582,-1.173583245],[-78.861134956,-1.177576906],[-78.861251895,-1.182410763],[-78.864962175,-1.183895808],[-78.866067941,-1.185980732],[-78.869522046,-1.186302202],[-78.869053744,-1.191977007],[-78.877748181,-1.196238373],[-78.883202871,-1.196318727],[-78.887331053,-1.194259716],[-78.892526944,-1.193479988],[-78.892053577,-1.197200639],[-78.889272132,-1.198210356],[-78.890687009,-1.202202664],[-78.893203278,-1.203070658],[-78.899431948,-1.201425033],[-78.901841227,-1.204252271],[-78.909098748,-1.205511718],[-78.918477641,-1.208391006],[-78.921718243,-1.211663088],[-78.927084361,-1.21306267],[-78.931889951,-1.211688197],[-78.938225903,-1.207284827],[-78.942230211,-1.205547365],[-78.947647283,-1.205036078],[-78.948512997,-1.20616871],[-78.946975278,-1.211195415],[-78.950661721,-1.211923089],[-78.956285868,-1.21435364],[-78.958536416,-1.216330294],[-78.96211986,-1.214018993],[-78.962210867,-1.211651572],[-78.965489388,-1.211386686],[-78.969066675,-1.212759647],[-78.973571101,-1.211687014],[-78.975139504,-1.214299776],[-78.979743811,-1.216640054],[-78.98325891,-1.215224173],[-78.984558171,-1.219187729],[-78.988397242,-1.219114066],[-78.98939306,-1.217279458],[-78.992027521,-1.218557957],[-78.995904224,-1.21647096],[-79.00317366,-1.216252466],[-79.010391164,-1.214288482],[-79.013644822,-1.21395788],[-79.021908337,-1.209139133],[-79.027400664,-1.207968041],[-79.029910599,-1.205363181],[-79.030624092,-1.20210629],[-79.033243864,-1.200112018],[-79.034329354,-1.19781041],[-79.041033297,-1.196079159],[-79.041646635,-1.197486616],[-79.045859741,-1.197004472],[-79.047412856,-1.190174907],[-79.049315901,-1.187723743],[-79.05226635,-1.186896027],[-79.056746308,-1.187545142],[-79.058371122,-1.186700521],[-79.060744298,-1.184929766],[-79.061506912,-1.182340983],[-79.0651251,-1.182046026],[-79.069129234,-1.177699305],[-79.071349303,-1.176885487],[-79.071950743,-1.173839303],[-79.073720155,-1.171694684],[-79.078565719,-1.16949158],[-79.082961188,-1.161068187],[-79.087744178,-1.158496],[-79.088447437,-1.155998622],[-79.093191307,-1.154642015],[-79.094924698,-1.155075059],[-79.096497992,-1.152117198],[-79.100853062,-1.150626776],[-79.10719902,-1.149993928],[-79.111965596,-1.155922023],[-79.116148359,-1.155088655],[-79.118096537,-1.152857785],[-79.12211547,-1.151762312],[-79.123883028,-1.153116428],[-79.126874558,-1.158339992],[-79.12949867,-1.158409922],[-79.13075232,-1.160517335],[-79.134013162,-1.162862943],[-79.136346075,-1.161174201],[-79.138077251,-1.15821823],[-79.139941618,-1.158779306],[-79.143412147,-1.156725245],[-79.146418228,-1.156117135],[-79.149407982,-1.158294583],[-79.152896252,-1.160025813],[-79.156354416,-1.162157513],[-79.161833168,-1.162018506],[-79.166442826,-1.160352707],[-79.170245844,-1.162137218],[-79.17450908,-1.162455584],[-79.176854289,-1.163677418],[-79.177286582,-1.166359484],[-79.179284083,-1.168606174],[-79.183463698,-1.169916111],[-79.191738028,-1.168955275],[-79.197177794,-1.170685603],[-79.200533182,-1.170278497],[-79.208245991,-1.171428108],[-79.211314439,-1.174422991],[-79.216848292,-1.174255459],[-79.221109034,-1.175173875],[-79.224423479,-1.1820345],[-79.228513553,-1.186052369],[-79.232787215,-1.187488788],[-79.238533041,-1.195334366],[-79.24320356,-1.198215493],[-79.247357335,-1.199363469],[-79.248364073,-1.200872494],[-79.25347026,-1.200970645],[-79.25933092,-1.206556586],[-79.261983482,-1.207705513],[-79.266862641,-1.209172013],[-79.269321875,-1.208514259],[-79.27494181,-1.20429335],[-79.280489466,-1.206151544],[-79.288804696,-1.205569765],[-79.288804765,-1.201749629],[-79.286736052,-1.178956529],[-79.287966399,-1.179296232],[-79.295761759,-1.176579029],[-79.299442101,-1.177065173],[-79.297039835,-1.168534211],[-79.315031684,-1.166657323],[-79.337935506,-1.134441466],[-79.334245397,-1.129935223],[-79.335995775,-1.1264678],[-79.339942771,-1.125854974],[-79.339367003,-1.123419903],[-79.334758928,-1.122383569],[-79.331373769,-1.120075039],[-79.333269453,-1.114753882],[-79.330987422,-1.112856054],[-79.326827031,-1.11568138],[-79.326471914,-1.113289165],[-79.327695772,-1.110299849],[-79.325620929,-1.102182919],[-79.321880405,-1.097943533],[-79.321016983,-1.093851009],[-79.321737838,-1.090767938],[-79.320061771,-1.086913662],[-79.320920424,-1.084300024],[-79.320395979,-1.081096154],[-79.318012531,-1.078446539],[-79.314338073,-1.077547494],[-79.3140591,-1.075539771],[-79.316207678,-1.073123338],[-79.313936952,-1.066099861],[-79.310449517,-1.064671285],[-79.308432334,-1.059612822],[-79.308452119,-1.054418799],[-79.31067041,-1.048542545],[-79.313200361,-1.047048922],[-79.311656826,-1.044963634],[-79.312634633,-1.041598284],[-79.311617099,-1.039880626],[-79.311993214,-1.034814927],[-79.308064937,-1.032506259],[-79.306039772,-1.026379978],[-79.306677635,-1.023834561],[-79.305049844,-1.020570342],[-79.30177514,-1.018150994],[-79.302429676,-1.01616087],[-79.295854705,-1.011552834],[-79.294098877,-1.009706669],[-79.293291111,-1.005791389],[-79.293291242,-0.987612334],[-79.299273086,-0.988542267],[-79.301824499,-0.992914926],[-79.306656012,-0.992857826],[-79.314122046,-0.996004863],[-79.320211693,-0.997286184],[-79.319534307,-0.983688403],[-79.317949083,-0.981647959],[-79.317430896,-0.974031648],[-79.31626935,-0.968925546],[-79.316533526,-0.963363651],[-79.315087523,-0.958069263],[-79.30992776,-0.949292014],[-79.306292247,-0.948833232],[-79.306292236,-0.928761276],[-79.30138698,-0.92786804],[-79.298927778,-0.928853889],[-79.298927895,-0.922863664],[-79.297255217,-0.922028617],[-79.295862718,-0.914809522],[-79.292975558,-0.914452198],[-79.288525147,-0.911003328],[-79.287064171,-0.908585631],[-79.287064267,-0.890769645],[-79.280543196,-0.888762836],[-79.279615888,-0.887024933],[-79.275857804,-0.886851894],[-79.271779563,-0.885289041],[-79.264993679,-0.880666222],[-79.249468857,-0.881453568],[-79.249129302,-0.878512248],[-79.243609444,-0.878758056],[-79.241268878,-0.874837524],[-79.239949784,-0.861920788],[-79.239720554,-0.856365116],[-79.238527275,-0.852627548],[-79.239296228,-0.850717479],[-79.235890478,-0.839843811],[-79.236072124,-0.837836804],[-79.234277208,-0.833681287],[-79.232839223,-0.833307525],[-79.229094033,-0.835957585],[-79.224411944,-0.835548362],[-79.224018127,-0.832572373],[-79.226249751,-0.83177485],[-79.223142194,-0.827980294],[-79.224761383,-0.826190514],[-79.223360641,-0.822591397],[-79.223096857,-0.817097847],[-79.218569903,-0.809590229],[-79.216073911,-0.81033083],[-79.213227053,-0.809016032],[-79.208604317,-0.808619201],[-79.206380749,-0.806043788],[-79.201935433,-0.807193446],[-79.199714893,-0.805943375],[-79.19537879,-0.806405338],[-79.186833893,-0.799198341],[-79.186734144,-0.76445414],[-79.184530728,-0.762369979],[-79.180216869,-0.762493755],[-79.176315265,-0.760604898],[-79.173646232,-0.758299236],[-79.172147831,-0.753689643],[-79.171996537,-0.750719335],[-79.16653108,-0.746594493],[-79.16203306,-0.739935159],[-79.158702622,-0.738320659],[-79.151953383,-0.721852689],[-79.146760339,-0.719269188],[-79.139238239,-0.712771899],[-79.139244041,-0.706197728],[-79.137379279,-0.697862043],[-79.128916003,-0.649380994],[-79.124096309,-0.643331003],[-79.121858135,-0.641700898],[-79.121428057,-0.638296741],[-79.119172652,-0.634924423],[-79.117667188,-0.629715084],[-79.113746751,-0.627049535],[-79.111686759,-0.623986792],[-79.1109717,-0.619755602],[-79.108077489,-0.618433925],[-79.106474283,-0.615648533],[-79.102554469,-0.611290479],[-79.100331652,-0.606574176],[-79.09696747,-0.603615928],[-79.097588512,-0.601427062],[-79.096755656,-0.59761561],[-79.093122398,-0.589238421],[-79.091390464,-0.587565513],[-79.092919614,-0.58201768],[-79.089737531,-0.578337423],[-79.088007672,-0.573646217],[-79.084101668,-0.570175826],[-79.083487087,-0.566795642],[-79.087218344,-0.563544233],[-79.088025645,-0.558672094],[-79.089527316,-0.555657608],[-79.095475149,-0.551701397],[-79.100969213,-0.550656065],[-79.1031819,-0.549384519],[-79.106520631,-0.544764011],[-79.112964996,-0.541820737],[-79.109348013,-0.536920738],[-79.106579793,-0.531545284],[-79.102110419,-0.528205598],[-79.100969649,-0.525037045],[-79.093251059,-0.524414563],[-79.088236891,-0.526602575],[-79.080542928,-0.528187839],[-79.07702554,-0.527203814],[-79.072710395,-0.524298465],[-79.069965718,-0.52341412],[-79.065317426,-0.518775526],[-79.063892457,-0.515741529],[-79.060889205,-0.513711861],[-79.056946382,-0.506657901],[-79.05712773,-0.504179444],[-79.05367761,-0.5024846],[-79.052841841,-0.499967565],[-79.048764808,-0.496703148],[-79.046989093,-0.490300633],[-79.04548808,-0.487190112],[-79.040312272,-0.488818295],[-79.037655775,-0.485714126],[-79.031591788,-0.483463542],[-79.030096978,-0.47954178],[-79.030946438,-0.477742458],[-79.03204891,-0.473590684],[-79.030560815,-0.469505387],[-79.025333736,-0.464275546],[-79.025125153,-0.462323338],[-79.01686706,-0.454086625],[-79.014717673,-0.449504728],[-79.014481023,-0.445153108],[-79.015853148,-0.44241114],[-79.015064614,-0.440665179],[-79.015279979,-0.434995424],[-79.016671763,-0.431852832],[-79.014706606,-0.422567826],[-79.01151564,-0.41797813],[-79.007975127,-0.416252366],[-79.001967128,-0.415583892],[-78.999042341,-0.418227917],[-78.990659222,-0.414868069],[-78.989798979,-0.41332401],[-78.985041079,-0.40958359],[-78.97742813,-0.409853606],[-78.973302772,-0.408591712],[-78.966845481,-0.403250045],[-78.964783239,-0.400900909],[-78.964252606,-0.398348399],[-78.96483476,-0.391036725],[-78.968629795,-0.382362804],[-78.9621156,-0.369463907],[-78.957140293,-0.366726033],[-78.956372237,-0.362710243],[-78.951629329,-0.362147228],[-78.9469069,-0.360398632],[-78.945132269,-0.360890094],[-78.932920833,-0.36089],[-78.933266724,-0.357504183],[-78.934784684,-0.353947866],[-78.935674787,-0.345413622],[-78.937544058,-0.344854254],[-78.937057745,-0.341781512],[-78.938737678,-0.339874325],[-78.939140837,-0.334652688],[-78.941252584,-0.331491995],[-78.934582681,-0.33403711],[-78.933816098,-0.336355473],[-78.925527808,-0.33715542],[-78.923470416,-0.340238152],[-78.918239944,-0.340552546],[-78.918455792,-0.342350078],[-78.914815986,-0.346403782],[-78.915682413,-0.349189572],[-78.914029138,-0.354311103],[-78.90810161,-0.357872769]]]]},"properties":{"codigo":"05","nombre":"COTOPAXI","nivel":"Provincia","codigo_provincia":"05","provincia":"COTOPAXI"},"id":"05"},{"type":"Feature","geometry":{"type":"MultiPolygon","coordinates":[[[[-79.847617795,-3.048109562],[-79.847351327,-3.051536367],[-79.837777899,-3.054949905],[-79.834802897,-3.05401511],[-79.83237376,-3.051154333],[-79.829160315,-3.05257143],[-79.827907627,-3.055216942],[-79.825266233,-3.055315754],[-79.822125896,-3.050067137],[-79.816538333,-3.050932579],[-79.815529647,-3.049959249],[-79.805161384,-3.052871825],[-79.8017679,-3.0546288],[-79.798584563,-3.055072753],[-79.79122771,-3.058074525],[-79.775371662,-3.064302526],[-79.772471925,-3.062196453],[-79.768129002,-3.06066701],[-79.763772806,-3.062259539],[-79.763047598,-3.067283079],[-79.756868601,-3.070139277],[-79.754693082,-3.075217765],[-79.750479831,-3.077129817],[-79.747801195,-3.079644031],[-79.745655295,-3.083535118],[-79.740781603,-3.086910786],[-79.739709485,-3.090575512],[-79.736355084,-3.09469964],[-79.727741666,-3.098538855],[-79.722318644,-3.097030621],[-79.719386787,-3.097640299],[-79.716310338,-3.099706591],[-79.709285256,-3.101594538],[-79.706435072,-3.10448794],[-79.700912615,-3.104811383],[-79.697357201,-3.103821994],[-79.693337542,-3.104028081],[-79.688723555,-3.105502698],[-79.684664448,-3.112191529],[-79.681137303,-3.115665762],[-79.672958647,-3.121059703],[-79.667308226,-3.12202889],[-79.664798664,-3.124227298],[-79.658157189,-3.127332013],[-79.652323053,-3.126890056],[-79.64439053,-3.13084258],[-79.64132763,-3.131418249],[-79.640700981,-3.134198906],[-79.638213243,-3.134150263],[-79.636785221,-3.137183905],[-79.630089953,-3.136246588],[-79.619716342,-3.136649961],[-79.616700634,-3.148195446],[-79.616633617,-3.151423113],[-79.611519304,-3.157624414],[-79.607167269,-3.158157445],[-79.60643665,-3.16118912],[-79.607157162,-3.1644789],[-79.604555284,-3.165909267],[-79.602937893,-3.169036158],[-79.603984436,-3.170948381],[-79.602049299,-3.174814008],[-79.59986013,-3.176181693],[-79.600268415,-3.178690136],[-79.598653086,-3.180915878],[-79.598927738,-3.186003659],[-79.600235364,-3.189063678],[-79.601253666,-3.195455425],[-79.59941039,-3.199057097],[-79.60140351,-3.202469274],[-79.600749227,-3.211658739],[-79.602099043,-3.216162136],[-79.609633873,-3.22225077],[-79.613624405,-3.223346859],[-79.615715115,-3.2255808],[-79.622160512,-3.227311809],[-79.625769744,-3.229887005],[-79.62889429,-3.23405579],[-79.630429331,-3.239133604],[-79.632632568,-3.243554322],[-79.636780377,-3.248273204],[-79.638466482,-3.258385242],[-79.63330906,-3.267822144],[-79.636697915,-3.275109437],[-79.637744923,-3.280528663],[-79.639725486,-3.281697966],[-79.638811698,-3.288298057],[-79.644477142,-3.302538951],[-79.645624682,-3.30255832],[-79.650452888,-3.306946992],[-79.652238268,-3.307236593],[-79.6550207,-3.31015374],[-79.660337579,-3.318607482],[-79.662617539,-3.320312033],[-79.669466073,-3.320306841],[-79.666861977,-3.322644494],[-79.662278276,-3.32362181],[-79.658915665,-3.322251243],[-79.656153318,-3.325994964],[-79.649099923,-3.326473468],[-79.646395335,-3.324500286],[-79.641817495,-3.325181482],[-79.63746601,-3.323984847],[-79.63509236,-3.322062357],[-79.631674409,-3.321167409],[-79.631092305,-3.318529503],[-79.627679394,-3.320898614],[-79.628022332,-3.324297161],[-79.62456449,-3.327262506],[-79.62115824,-3.324729633],[-79.616751823,-3.324948382],[-79.615779148,-3.327620616],[-79.61082168,-3.329326366],[-79.608792465,-3.324734372],[-79.607431292,-3.324182058],[-79.603694149,-3.326207051],[-79.596595386,-3.322414989],[-79.591359535,-3.323085162],[-79.588914301,-3.322384855],[-79.580134084,-3.325083439],[-79.577322167,-3.323392339],[-79.573981553,-3.317808095],[-79.569327135,-3.314712738],[-79.567825979,-3.315362264],[-79.564347788,-3.316400696],[-79.557548552,-3.314419933],[-79.553931077,-3.316428371],[-79.540123282,-3.314583613],[-79.536931038,-3.313213484],[-79.534634728,-3.313636492],[-79.526058178,-3.311549543],[-79.522857415,-3.308889537],[-79.514452265,-3.307647708],[-79.512440785,-3.310110209],[-79.507947528,-3.310818141],[-79.502132877,-3.313490023],[-79.496969644,-3.314986866],[-79.49366045,-3.314200783],[-79.491984545,-3.315302767],[-79.487222824,-3.316043248],[-79.482712418,-3.315326822],[-79.479962279,-3.317627245],[-79.475552191,-3.318590454],[-79.4733161,-3.322178144],[-79.467371097,-3.327855711],[-79.461519468,-3.330171432],[-79.462641263,-3.336331033],[-79.460801615,-3.339029654],[-79.460267832,-3.342683616],[-79.461134822,-3.349574048],[-79.462174999,-3.350268252],[-79.46886934,-3.36105008],[-79.468119798,-3.366524621],[-79.470408461,-3.380303307],[-79.471513193,-3.382229576],[-79.470974228,-3.385555237],[-79.4716622,-3.391292659],[-79.474710107,-3.397411698],[-79.473869365,-3.399592892],[-79.468402996,-3.405778402],[-79.469103905,-3.411204732],[-79.46762516,-3.415065373],[-79.46541409,-3.416155772],[-79.461500794,-3.422676573],[-79.46128439,-3.43148515],[-79.433856775,-3.429656232],[-79.431706232,-3.432053347],[-79.431069119,-3.437840514],[-79.426723469,-3.437953212],[-79.425564419,-3.439580556],[-79.422125011,-3.443327097],[-79.423776652,-3.444761118],[-79.426302071,-3.45020681],[-79.426557848,-3.453612589],[-79.425669097,-3.456394065],[-79.429771357,-3.460782272],[-79.429584317,-3.463744738],[-79.434508068,-3.464754879],[-79.43540749,-3.466567652],[-79.439053796,-3.466867991],[-79.444212727,-3.470388773],[-79.446690884,-3.481093597],[-79.451492144,-3.483946719],[-79.453514041,-3.488322443],[-79.455506053,-3.490070026],[-79.458522741,-3.495008498],[-79.45924599,-3.49868683],[-79.46390234,-3.501727283],[-79.466759919,-3.501394998],[-79.469530405,-3.502863457],[-79.471009205,-3.505567982],[-79.479024801,-3.511208],[-79.481244481,-3.513979211],[-79.481242351,-3.516466804],[-79.479022277,-3.518036705],[-79.479101539,-3.520262176],[-79.474308151,-3.524017762],[-79.475147986,-3.529537324],[-79.478101712,-3.534381193],[-79.481885254,-3.538160981],[-79.48227382,-3.544471467],[-79.480974004,-3.546597143],[-79.481758125,-3.55091764],[-79.480525885,-3.553453381],[-79.482050959,-3.560908683],[-79.479407137,-3.563708981],[-79.477420589,-3.567731501],[-79.480126893,-3.57222183],[-79.478953813,-3.579666409],[-79.480115526,-3.583494405],[-79.482767731,-3.586382234],[-79.482290342,-3.588066179],[-79.485144814,-3.591388666],[-79.488517638,-3.592119913],[-79.491974389,-3.596523959],[-79.492731924,-3.599832689],[-79.496260895,-3.603525417],[-79.497143449,-3.608068521],[-79.498653992,-3.609605986],[-79.490847489,-3.621577666],[-79.492155215,-3.623616618],[-79.489515211,-3.628886121],[-79.490599526,-3.635711928],[-79.487328307,-3.638051172],[-79.482345946,-3.636100428],[-79.479594801,-3.6329425],[-79.479774563,-3.629585026],[-79.473220527,-3.622793075],[-79.472777249,-3.620855957],[-79.467890442,-3.618931595],[-79.463361669,-3.616013757],[-79.459570952,-3.612155593],[-79.454357765,-3.610521017],[-79.452514403,-3.608211586],[-79.447827816,-3.604711515],[-79.448430512,-3.598553887],[-79.444609952,-3.594100868],[-79.435206243,-3.586721071],[-79.432863489,-3.581344711],[-79.431380726,-3.579615396],[-79.428073239,-3.578944071],[-79.421590801,-3.582561814],[-79.420248447,-3.585321135],[-79.421362796,-3.593132397],[-79.420282405,-3.594148012],[-79.415611506,-3.606996895],[-79.413446454,-3.607885768],[-79.397048438,-3.610048033],[-79.391240518,-3.614010179],[-79.391945493,-3.615441098],[-79.39129194,-3.621847712],[-79.38644539,-3.62598266],[-79.383664727,-3.625958755],[-79.380294224,-3.628068302],[-79.377897968,-3.632777647],[-79.374538221,-3.635726343],[-79.371135153,-3.640967642],[-79.371180116,-3.646803936],[-79.367958604,-3.648179472],[-79.366116393,-3.655510881],[-79.366339668,-3.660107151],[-79.36965267,-3.662564061],[-79.368186196,-3.66796673],[-79.369245929,-3.672331957],[-79.372963156,-3.680923352],[-79.375530558,-3.690040816],[-79.378785986,-3.696224963],[-79.381685424,-3.698911257],[-79.383580974,-3.702365031],[-79.38740735,-3.704281423],[-79.39118997,-3.708279402],[-79.397369835,-3.708077705],[-79.401597922,-3.709811507],[-79.402088056,-3.712096506],[-79.407249371,-3.71707957],[-79.410645119,-3.718444969],[-79.410964104,-3.71987402],[-79.415978906,-3.725693504],[-79.413588302,-3.727686324],[-79.410815678,-3.733076961],[-79.410015121,-3.739171041],[-79.407141067,-3.741331366],[-79.407366113,-3.744122677],[-79.403162196,-3.753101039],[-79.405092252,-3.755455651],[-79.405066408,-3.758537458],[-79.403005205,-3.765724452],[-79.403898858,-3.770808761],[-79.405210729,-3.772305443],[-79.40586281,-3.77814797],[-79.405113009,-3.782862592],[-79.4064025,-3.786003334],[-79.413842624,-3.786892463],[-79.42138106,-3.790822834],[-79.426247049,-3.79206716],[-79.428754638,-3.794211431],[-79.429805404,-3.801069514],[-79.431169827,-3.801064226],[-79.4356918,-3.806604038],[-79.439469717,-3.808543339],[-79.44184381,-3.808418328],[-79.444418365,-3.811623522],[-79.448937855,-3.813054445],[-79.455688047,-3.812102487],[-79.459269201,-3.809012472],[-79.463310103,-3.808849592],[-79.466642532,-3.805575484],[-79.470281744,-3.803392175],[-79.476612317,-3.801303236],[-79.478736415,-3.802478163],[-79.484920979,-3.801470214],[-79.489020073,-3.803050237],[-79.492604161,-3.801035774],[-79.493294891,-3.796037665],[-79.501019532,-3.789742632],[-79.506430541,-3.793689222],[-79.510861922,-3.793674875],[-79.511739756,-3.790107059],[-79.513305616,-3.788798948],[-79.516875207,-3.788391602],[-79.521782426,-3.790613907],[-79.533040822,-3.792748642],[-79.537061279,-3.79665708],[-79.543263811,-3.798461069],[-79.546549191,-3.798598588],[-79.549003572,-3.797765077],[-79.551594252,-3.802040813],[-79.55507881,-3.800827249],[-79.559454509,-3.803080096],[-79.568289738,-3.800291068],[-79.568068506,-3.798656334],[-79.57282581,-3.795735292],[-79.576289457,-3.79553303],[-79.576485328,-3.794005515],[-79.581028053,-3.791276148],[-79.583873568,-3.790695171],[-79.588384401,-3.78328783],[-79.591942186,-3.780465442],[-79.595321958,-3.774386133],[-79.59685782,-3.774040448],[-79.597407407,-3.769693709],[-79.600364325,-3.767791299],[-79.602338176,-3.765106709],[-79.60246461,-3.762039125],[-79.60487081,-3.759109943],[-79.607356588,-3.752360164],[-79.610472087,-3.750852352],[-79.611967663,-3.751790556],[-79.619074232,-3.750124335],[-79.623486325,-3.754015633],[-79.62549923,-3.754069373],[-79.626943118,-3.757529751],[-79.629759064,-3.757325704],[-79.632453935,-3.760784344],[-79.632653771,-3.763549024],[-79.638039374,-3.763872162],[-79.644618763,-3.766868621],[-79.646643205,-3.770526973],[-79.65573342,-3.773795586],[-79.658579562,-3.773764201],[-79.661594482,-3.769649786],[-79.664298757,-3.771484385],[-79.670211103,-3.772862334],[-79.671245938,-3.776336616],[-79.673119596,-3.777952605],[-79.679275109,-3.778426269],[-79.682111346,-3.782573888],[-79.684879174,-3.783914114],[-79.686057563,-3.788058956],[-79.685468174,-3.796726506],[-79.689478362,-3.801659904],[-79.693202342,-3.802678599],[-79.697319253,-3.808518118],[-79.698901489,-3.812818],[-79.70187949,-3.813878519],[-79.705856834,-3.819587276],[-79.706142905,-3.822347169],[-79.709139885,-3.823701708],[-79.713994155,-3.827884035],[-79.720720561,-3.830711719],[-79.726151693,-3.831975659],[-79.729006578,-3.830900503],[-79.731082437,-3.832672134],[-79.735416292,-3.834186211],[-79.738572952,-3.834262678],[-79.742781746,-3.831708285],[-79.745891228,-3.831461586],[-79.752215103,-3.834937257],[-79.755852948,-3.834335922],[-79.760906576,-3.835743248],[-79.762238291,-3.837468221],[-79.770702585,-3.839192699],[-79.775464911,-3.837415135],[-79.778749445,-3.839887965],[-79.78383092,-3.842600691],[-79.785533581,-3.844514439],[-79.791595,-3.845948544],[-79.796095844,-3.844540586],[-79.80037148,-3.8452885],[-79.801805572,-3.842023881],[-79.803211733,-3.839681248],[-79.80547332,-3.83885448],[-79.806687,-3.83601372],[-79.809231882,-3.835773177],[-79.81950739,-3.840399083],[-79.822104397,-3.840386885],[-79.824791732,-3.8384017],[-79.830652453,-3.837418545],[-79.832566637,-3.833252815],[-79.837410151,-3.832530707],[-79.842087489,-3.830472951],[-79.845010776,-3.827885096],[-79.84849886,-3.827368441],[-79.853661624,-3.82450693],[-79.86100318,-3.823197957],[-79.864574675,-3.820438563],[-79.866979673,-3.822390413],[-79.872485218,-3.8212851],[-79.875122333,-3.825427448],[-79.880486897,-3.826028404],[-79.884753351,-3.823829831],[-79.894083851,-3.827645866],[-79.896021319,-3.82686699],[-79.898485798,-3.828112355],[-79.903285495,-3.82814007],[-79.905967535,-3.827104433],[-79.907880888,-3.828641356],[-79.911322166,-3.827590258],[-79.911838491,-3.824311659],[-79.914692686,-3.823483636],[-79.914189483,-3.827087173],[-79.917865271,-3.827803791],[-79.920205511,-3.825782144],[-79.925200573,-3.828223566],[-79.92598086,-3.826093269],[-79.931274105,-3.826101193],[-79.933138781,-3.830911675],[-79.936279569,-3.832219809],[-79.942718674,-3.832189519],[-79.9489024,-3.830575722],[-79.954212738,-3.828291407],[-79.959438566,-3.831257309],[-79.964371594,-3.832883305],[-79.96663145,-3.832280198],[-79.968461458,-3.834161136],[-79.96887902,-3.837639075],[-79.970319198,-3.838756564],[-79.974228318,-3.839071449],[-79.976019407,-3.838047363],[-79.978725016,-3.842191953],[-79.981156683,-3.842685012],[-79.984105109,-3.841409563],[-79.986004484,-3.84228186],[-79.992171215,-3.846926155],[-79.996733033,-3.854761913],[-79.998232307,-3.856127507],[-80.007461528,-3.858671883],[-80.009280655,-3.86184993],[-80.009590914,-3.866041572],[-80.011994953,-3.867958288],[-80.01716925,-3.866649936],[-80.021709356,-3.86919532],[-80.02646672,-3.870354871],[-80.031277528,-3.873566255],[-80.034922807,-3.873947379],[-80.037617457,-3.872593672],[-80.041804793,-3.872537169],[-80.049394292,-3.875141654],[-80.052682886,-3.879561549],[-80.05659129,-3.880927901],[-80.060987166,-3.880191085],[-80.063408349,-3.882171877],[-80.067687746,-3.88151642],[-80.070226517,-3.878920371],[-80.073657225,-3.881790833],[-80.077332689,-3.883636023],[-80.085173192,-3.882864342],[-80.088674014,-3.884739745],[-80.094126343,-3.884477572],[-80.102203945,-3.887118893],[-80.103735191,-3.883506573],[-80.106349621,-3.884821674],[-80.10556075,-3.888986988],[-80.10962719,-3.888909883],[-80.111359347,-3.884567738],[-80.114301213,-3.885715414],[-80.119666835,-3.886206357],[-80.121669488,-3.88523195],[-80.127674918,-3.888668402],[-80.131394064,-3.889697584],[-80.13499978,-3.88895954],[-80.135668309,-3.886759367],[-80.13869196,-3.884842118],[-80.144422138,-3.883221058],[-80.147766669,-3.880841216],[-80.149122897,-3.878346912],[-80.152503551,-3.876199018],[-80.154182563,-3.873499592],[-80.156986698,-3.872354921],[-80.158836533,-3.870113195],[-80.156312698,-3.863589293],[-80.158948363,-3.860908622],[-80.158152966,-3.858510208],[-80.154124911,-3.857607486],[-80.152911113,-3.854477654],[-80.15418087,-3.85064743],[-80.153053223,-3.848378766],[-80.155683896,-3.844955783],[-80.158983806,-3.843522558],[-80.160274728,-3.841480536],[-80.158355792,-3.838316455],[-80.158184159,-3.835353471],[-80.161458696,-3.831264495],[-80.163019733,-3.828044947],[-80.160942622,-3.824832324],[-80.161893303,-3.818762523],[-80.159789008,-3.808541536],[-80.162522513,-3.804078631],[-80.160859369,-3.803315465],[-80.166423698,-3.7983829],[-80.172424266,-3.791087998],[-80.176276991,-3.792860928],[-80.179907332,-3.787097857],[-80.182248775,-3.785626782],[-80.18267183,-3.779822735],[-80.185383632,-3.777875292],[-80.185611623,-3.775049641],[-80.191417975,-3.775115585],[-80.193045776,-3.774417228],[-80.192963609,-3.770911102],[-80.188953518,-3.762572909],[-80.191771018,-3.759873842],[-80.192400564,-3.753695309],[-80.189103954,-3.752083462],[-80.192378324,-3.748914784],[-80.191119176,-3.747405367],[-80.18774037,-3.747642163],[-80.184779238,-3.751727014],[-80.184118422,-3.747830731],[-80.188215803,-3.745065629],[-80.188777103,-3.742808749],[-80.185747936,-3.742401352],[-80.183856543,-3.740253599],[-80.180701609,-3.738951903],[-80.184944681,-3.734903381],[-80.180373333,-3.735594645],[-80.182897177,-3.729756796],[-80.182772888,-3.724262688],[-80.185508804,-3.721404483],[-80.186168003,-3.718694544],[-80.185272333,-3.715723997],[-80.186993364,-3.713490769],[-80.191138005,-3.712215025],[-80.19404764,-3.708471003],[-80.195022474,-3.701235567],[-80.19770019,-3.69504475],[-80.199572112,-3.687922134],[-80.19711987,-3.685597795],[-80.194666319,-3.680435616],[-80.191588627,-3.679959441],[-80.190299793,-3.677919472],[-80.193093196,-3.674005165],[-80.188734621,-3.672891344],[-80.187007635,-3.668982968],[-80.187321659,-3.66434264],[-80.186557655,-3.661355034],[-80.187762673,-3.658456333],[-80.185625428,-3.647612176],[-80.186344515,-3.641165538],[-80.187606375,-3.637486662],[-80.1870329,-3.635598597],[-80.187732638,-3.630207065],[-80.190177656,-3.626017871],[-80.1956152,-3.62551643],[-80.197162695,-3.622432197],[-80.197255317,-3.617554551],[-80.191110171,-3.613438727],[-80.19072198,-3.611049227],[-80.192004827,-3.607366819],[-80.188678533,-3.601387756],[-80.189701475,-3.598271672],[-80.194014547,-3.596583894],[-80.199957921,-3.592040868],[-80.20208637,-3.59221802],[-80.206642038,-3.593864079],[-80.210535148,-3.593019394],[-80.213416673,-3.590223748],[-80.21522141,-3.582841508],[-80.218794005,-3.575129772],[-80.218251441,-3.572925492],[-80.214267,-3.571695879],[-80.21309334,-3.570207148],[-80.21427387,-3.567424763],[-80.211147185,-3.561981206],[-80.207983905,-3.549974035],[-80.208797662,-3.546832118],[-80.207906884,-3.544103591],[-80.208959335,-3.540815059],[-80.206819213,-3.533541242],[-80.209699278,-3.531790843],[-80.209756613,-3.528717838],[-80.211424484,-3.526471028],[-80.215605061,-3.525372848],[-80.214987907,-3.522377336],[-80.211394106,-3.519993894],[-80.214892637,-3.516917196],[-80.214600806,-3.51418095],[-80.217840887,-3.511152141],[-80.216292632,-3.508741764],[-80.216323805,-3.505578088],[-80.214943856,-3.50258275],[-80.215949,-3.500414876],[-80.218458689,-3.499220114],[-80.224928997,-3.501626777],[-80.228128219,-3.502226112],[-80.229833152,-3.500446241],[-80.229623939,-3.498121387],[-80.230941905,-3.49371862],[-80.232957243,-3.492468014],[-80.232720503,-3.490105775],[-80.237079737,-3.486275115],[-80.2393143,-3.488898423],[-80.243110709,-3.486484447],[-80.243171181,-3.480881014],[-80.244699523,-3.478287616],[-80.239796327,-3.477301337],[-80.240683512,-3.473026103],[-80.243026714,-3.466275008],[-80.240523435,-3.464021671],[-80.241181042,-3.461546891],[-80.238057683,-3.457741632],[-80.236168648,-3.457975036],[-80.234224892,-3.455274899],[-80.236107965,-3.453145051],[-80.234555122,-3.451078283],[-80.229369146,-3.451542759],[-80.222836005,-3.446790271],[-80.22120186,-3.444790997],[-80.222070884,-3.441285874],[-80.221058011,-3.438043024],[-80.221594796,-3.435587403],[-80.226310603,-3.432204818],[-80.22909833,-3.428387696],[-80.239482365,-3.42460351],[-80.241476052,-3.421359773],[-80.253811973,-3.41323829],[-80.259686549,-3.411518818],[-80.272825353,-3.41539661],[-80.277452952,-3.415174139],[-80.287945404,-3.408460969],[-80.298003892,-3.40341231],[-80.301714945,-3.396345767],[-80.303205135,-3.395292859],[-80.313685272,-3.39212503],[-80.309824088,-3.385725153],[-80.308611897,-3.381436321],[-80.304662967,-3.37750738],[-80.297064646,-3.366311594],[-80.289114842,-3.355929694],[-80.28350428,-3.347268277],[-80.27918946,-3.339322459],[-80.2723199,-3.329303147],[-80.271646644,-3.326814922],[-80.268901907,-3.326007765],[-80.268009406,-3.327897771],[-80.251793766,-3.334127452],[-80.247708769,-3.332143202],[-80.246133028,-3.33286569],[-80.23868065,-3.332190513],[-80.236338602,-3.334486427],[-80.236120446,-3.337245349],[-80.219098881,-3.337874201],[-80.216760673,-3.335257993],[-80.215363933,-3.33724703],[-80.211007276,-3.337424453],[-80.210968211,-3.341259988],[-80.209886597,-3.343113575],[-80.205396898,-3.340812217],[-80.191248302,-3.339497983],[-80.188870174,-3.34175754],[-80.183028083,-3.342259258],[-80.180777036,-3.343207213],[-80.177818474,-3.339866728],[-80.170491627,-3.339905774],[-80.166944135,-3.341214437],[-80.162138024,-3.340721846],[-80.158234753,-3.337018669],[-80.153968353,-3.336969763],[-80.150999866,-3.334850427],[-80.144267117,-3.334944077],[-80.141433214,-3.33335855],[-80.138380192,-3.335345988],[-80.136761014,-3.334222861],[-80.13191551,-3.337692233],[-80.125670739,-3.335615153],[-80.122343107,-3.332590832],[-80.119606131,-3.333411559],[-80.111564674,-3.327542549],[-80.109903748,-3.322846215],[-80.104695604,-3.319232171],[-80.099839296,-3.314768118],[-80.094765548,-3.311923066],[-80.088344435,-3.306145892],[-80.085022306,-3.307183096],[-80.083134904,-3.304241444],[-80.076668956,-3.298418954],[-80.074693536,-3.293369536],[-80.070467691,-3.288716033],[-80.06485622,-3.283663206],[-80.060543108,-3.276169221],[-80.05569456,-3.263844278],[-80.052005906,-3.252777801],[-80.050213812,-3.244336397],[-80.043607534,-3.225560186],[-80.041271725,-3.22117983],[-80.034583413,-3.213321782],[-80.030627108,-3.209627359],[-80.027846699,-3.209172421],[-80.025908223,-3.212960725],[-80.02582157,-3.218921772],[-80.024029112,-3.220548278],[-80.024382422,-3.227550001],[-80.021689253,-3.229935468],[-80.024070881,-3.233366094],[-80.022764847,-3.234495545],[-80.022679871,-3.238647443],[-80.021687167,-3.241495877],[-80.017425152,-3.246819645],[-80.014995975,-3.255311168],[-80.011714208,-3.261283337],[-80.006421449,-3.262127667],[-80.001077871,-3.262533636],[-80.000578238,-3.254396244],[-79.999003722,-3.253942393],[-80.001024315,-3.249227101],[-80.001390825,-3.24258796],[-79.998738955,-3.239496242],[-79.999861413,-3.232867259],[-79.998873665,-3.230613915],[-79.994154889,-3.224512478],[-79.987686602,-3.222127041],[-79.987958819,-3.219865909],[-79.984721338,-3.217519863],[-79.977450303,-3.217024106],[-79.979019626,-3.213578952],[-79.977404455,-3.208837442],[-79.970572906,-3.200897594],[-79.964015823,-3.197553152],[-79.955795679,-3.19249738],[-79.952877629,-3.185909259],[-79.951169824,-3.1839175],[-79.948255322,-3.182747647],[-79.937783436,-3.179860402],[-79.936166033,-3.177506906],[-79.936487693,-3.170958314],[-79.927833194,-3.170951652],[-79.928490802,-3.167937893],[-79.930688697,-3.165814491],[-79.928757009,-3.162836533],[-79.926426279,-3.16287934],[-79.918115635,-3.167483835],[-79.915103009,-3.16559018],[-79.912322769,-3.165225437],[-79.908860938,-3.162652891],[-79.907558385,-3.160489666],[-79.906476864,-3.153487391],[-79.904412458,-3.148437885],[-79.904858627,-3.143418167],[-79.900502727,-3.126761033],[-79.900237662,-3.122066203],[-79.901027078,-3.110397864],[-79.902345657,-3.102376615],[-79.899650165,-3.098538561],[-79.899697901,-3.09587927],[-79.896507024,-3.083818459],[-79.896241176,-3.079847264],[-79.894352691,-3.070049166],[-79.892784644,-3.05487846],[-79.890354553,-3.055554344],[-79.891032351,-3.061425485],[-79.890488338,-3.065450103],[-79.892286544,-3.075827416],[-79.885908134,-3.074427348],[-79.879168657,-3.074474532],[-79.877041341,-3.07123723],[-79.877241746,-3.067163884],[-79.872296305,-3.063956623],[-79.870808191,-3.059885925],[-79.869323811,-3.060151211],[-79.865214115,-3.055061501],[-79.861993757,-3.05244766],[-79.863521783,-3.050594041],[-79.856067333,-3.051318026],[-79.855331061,-3.048493087],[-79.850993893,-3.049315303],[-79.850045083,-3.047198915],[-79.847617795,-3.048109562]]]]},"properties":{"codigo":"07","nombre":"EL ORO","nivel":"Provincia","codigo_provincia":"07","provincia":"EL ORO"},"id":"07"},{"type":"Feature","geometry":{"type":"MultiPolygon","coordinates":[[[[-78.779480724,1.392121318],[-78.774738345,1.390232074],[-78.76774184,1.390715774],[-78.762102937,1.394003968],[-78.758877099,1.39386419],[-78.752350105,1.389388784],[-78.750002062,1.385637099],[-78.747034553,1.378868093],[-78.743915708,1.376384215],[-78.740062944,1.376749111],[-78.736466982,1.372547967],[-78.731723006,1.368450702],[-78.727683805,1.368160463],[-78.726337461,1.369404],[-78.720809755,1.369301263],[-78.717848128,1.363442827],[-78.715210273,1.361147485],[-78.713769313,1.362158683],[-78.709688708,1.358693639],[-78.705854498,1.350446156],[-78.702806687,1.339552195],[-78.700683323,1.339690489],[-78.69945885,1.336960177],[-78.694963004,1.334612608],[-78.69492567,1.33042755],[-78.687487397,1.333008743],[-78.68509095,1.333120287],[-78.680599709,1.330041773],[-78.678784987,1.326344223],[-78.676357388,1.326078782],[-78.675127896,1.322596673],[-78.671463432,1.323303106],[-78.671671619,1.321096156],[-78.667608748,1.320544241],[-78.662746312,1.320896077],[-78.660898987,1.319445808],[-78.662481862,1.313608929],[-78.65977685,1.309200622],[-78.659423583,1.307191131],[-78.656646494,1.303509925],[-78.654160357,1.297449408],[-78.65385301,1.293351904],[-78.651300597,1.290298835],[-78.646551621,1.28938666],[-78.648266066,1.285089381],[-78.649297791,1.277073829],[-78.646617602,1.274873201],[-78.64377574,1.270512605],[-78.641349637,1.268516159],[-78.634103814,1.26744835],[-78.630167082,1.265469056],[-78.632467967,1.261413339],[-78.627448494,1.261889002],[-78.625065939,1.254084228],[-78.621458888,1.250064892],[-78.614431434,1.246328371],[-78.612636151,1.247498687],[-78.607472835,1.246361336],[-78.604491856,1.246874481],[-78.601560596,1.243760558],[-78.596083407,1.241177813],[-78.593439514,1.238607794],[-78.590662444,1.239514419],[-78.588449122,1.242184382],[-78.585303001,1.243324042],[-78.580417197,1.242410109],[-78.558813675,1.249285763],[-78.554117383,1.251201736],[-78.551024982,1.249778243],[-78.550019584,1.247534015],[-78.550211372,1.243894262],[-78.545180455,1.244754253],[-78.543147465,1.243367586],[-78.543244587,1.239431323],[-78.541076521,1.23513049],[-78.545596763,1.231319097],[-78.54762545,1.228088743],[-78.546461544,1.226448458],[-78.542419482,1.227762867],[-78.539508069,1.229761288],[-78.534891044,1.225541369],[-78.530525771,1.224546665],[-78.528484683,1.221140937],[-78.525415241,1.220504293],[-78.521009292,1.221311255],[-78.521601767,1.216748316],[-78.520865517,1.213844929],[-78.518319785,1.212665553],[-78.515578007,1.214157753],[-78.513910038,1.213444863],[-78.515751069,1.20506496],[-78.514715125,1.203463524],[-78.511221924,1.203356823],[-78.512713332,1.200207031],[-78.512179734,1.19691953],[-78.517106448,1.19071496],[-78.51549293,1.187858526],[-78.508755903,1.188937309],[-78.50715931,1.183157423],[-78.502841372,1.187192333],[-78.495950828,1.185397159],[-78.498142618,1.182513104],[-78.497734781,1.178788833],[-78.499589703,1.176853862],[-78.501830147,1.179416561],[-78.50423331,1.176522833],[-78.508532602,1.173184705],[-78.511806366,1.172537894],[-78.51266279,1.170515812],[-78.511055192,1.168748955],[-78.513474338,1.158733394],[-78.51177571,1.157739081],[-78.508559893,1.161001158],[-78.506098252,1.158501165],[-78.506162264,1.151882616],[-78.509338129,1.150815773],[-78.507518371,1.147993456],[-78.507743065,1.146083046],[-78.504808333,1.145261167],[-78.503394519,1.136809334],[-78.500441835,1.133152141],[-78.503646166,1.131762749],[-78.503131553,1.128464329],[-78.504615021,1.123194987],[-78.506223222,1.121580924],[-78.505678819,1.113929717],[-78.507306749,1.109509115],[-78.507234116,1.106050048],[-78.505335838,1.106254476],[-78.503488506,1.10408968],[-78.507738678,1.095626121],[-78.505526818,1.093194139],[-78.500564907,1.0905641],[-78.500367527,1.087145672],[-78.502142999,1.085486667],[-78.501098309,1.082269849],[-78.501874163,1.07936137],[-78.499914926,1.074965619],[-78.50340741,1.074998523],[-78.504677437,1.071914629],[-78.511475113,1.071414077],[-78.518931722,1.068316299],[-78.524352445,1.062664585],[-78.523500949,1.058891962],[-78.52447867,1.057746854],[-78.52973573,1.056882153],[-78.531963661,1.054966989],[-78.539099929,1.051800181],[-78.543246665,1.047354417],[-78.544231716,1.045312813],[-78.542440197,1.042837065],[-78.542465356,1.038620852],[-78.546232802,1.034906628],[-78.547516104,1.031024347],[-78.545249895,1.027455141],[-78.545576795,1.023016105],[-78.548356856,1.021462664],[-78.549386857,1.019177672],[-78.546088338,1.017008359],[-78.547697939,1.014313518],[-78.547696127,1.010964243],[-78.542314251,1.009080225],[-78.54432421,1.007364927],[-78.544137245,1.004862332],[-78.541445866,1.000221723],[-78.541019632,0.99647992],[-78.537976748,0.99368799],[-78.539949005,0.990440401],[-78.537848731,0.986486219],[-78.53633298,0.980556458],[-78.537713389,0.97883488],[-78.536751771,0.973148009],[-78.538389548,0.968976222],[-78.539421914,0.961761536],[-78.542910596,0.955748653],[-78.545991418,0.956368329],[-78.547565161,0.951956389],[-78.545641118,0.948327474],[-78.544463358,0.944046075],[-78.546826206,0.941583601],[-78.542992533,0.937792552],[-78.537851823,0.933691562],[-78.533449417,0.932331886],[-78.530358593,0.929592521],[-78.532939929,0.927889002],[-78.532200731,0.923033995],[-78.529550224,0.920278887],[-78.525618989,0.919718048],[-78.520232511,0.917975846],[-78.515772564,0.911213272],[-78.511240298,0.91038869],[-78.508604782,0.904869783],[-78.506445712,0.903997436],[-78.5047163,0.900419087],[-78.499121793,0.894067707],[-78.494603433,0.890716248],[-78.492310928,0.890545923],[-78.488334089,0.886763674],[-78.484537318,0.885208169],[-78.481188202,0.885884053],[-78.475700902,0.884604282],[-78.471667238,0.885615966],[-78.461571314,0.885405252],[-78.460087458,0.883772932],[-78.458689748,0.880064716],[-78.453019291,0.878629762],[-78.453495811,0.875991772],[-78.454383781,0.873734104],[-78.452956588,0.871468276],[-78.453430833,0.868554416],[-78.451901828,0.866981379],[-78.450606255,0.862952798],[-78.453199783,0.85784921],[-78.452278516,0.850956498],[-78.454486808,0.842519047],[-78.452576255,0.83823085],[-78.448390277,0.837681795],[-78.446401654,0.832650345],[-78.446726345,0.826441945],[-78.449199718,0.826820189],[-78.450927517,0.82337776],[-78.442976786,0.818919902],[-78.441842326,0.817216519],[-78.441954125,0.813223006],[-78.443847998,0.80861365],[-78.442709462,0.805810243],[-78.446157931,0.799613976],[-78.44878444,0.801083929],[-78.450885592,0.799282141],[-78.452474475,0.796073892],[-78.449502204,0.792829328],[-78.451124517,0.789305431],[-78.453371556,0.789775531],[-78.456766239,0.785970522],[-78.459436806,0.785350395],[-78.45925385,0.783097453],[-78.461500769,0.778457637],[-78.466421097,0.777764716],[-78.467371315,0.77382902],[-78.477094979,0.77350723],[-78.481482994,0.770152868],[-78.483680396,0.770282715],[-78.49388797,0.76732814],[-78.498742822,0.769098301],[-78.502785943,0.769605288],[-78.506805862,0.77325946],[-78.507535402,0.775021947],[-78.512480139,0.775451034],[-78.516058067,0.771442818],[-78.521430346,0.771532313],[-78.524750894,0.769455415],[-78.527891983,0.771113184],[-78.534656633,0.771687433],[-78.532446666,0.768158559],[-78.532416815,0.763634203],[-78.528845776,0.764400726],[-78.524651148,0.762725778],[-78.51866279,0.757109647],[-78.51801356,0.753399103],[-78.519488703,0.743563721],[-78.517949328,0.737087145],[-78.52040742,0.735253714],[-78.52132747,0.730917773],[-78.524716399,0.731659227],[-78.524447822,0.728547574],[-78.518502034,0.725962933],[-78.516023511,0.722360943],[-78.514701258,0.716945422],[-78.510806129,0.713836358],[-78.5093186,0.708972817],[-78.505734018,0.709075199],[-78.50134403,0.707250776],[-78.498766243,0.708190423],[-78.492350433,0.705870292],[-78.491217681,0.701467159],[-78.491429803,0.697707826],[-78.490123938,0.691523039],[-78.48724386,0.688682192],[-78.486393084,0.683922094],[-78.482070461,0.682476661],[-78.479397614,0.67846983],[-78.477690211,0.671831823],[-78.477612294,0.666114649],[-78.47336569,0.662764202],[-78.472723548,0.657120586],[-78.470271532,0.651870282],[-78.466552534,0.651017492],[-78.464077929,0.645676969],[-78.462783223,0.640382499],[-78.463177676,0.635855717],[-78.46078313,0.62881497],[-78.455683076,0.626783355],[-78.452969782,0.621858187],[-78.449266996,0.621017482],[-78.444657867,0.618721688],[-78.442970156,0.616059273],[-78.43893555,0.614275013],[-78.434705496,0.608422249],[-78.433145742,0.608306914],[-78.431295963,0.602678714],[-78.429780492,0.600856625],[-78.430423673,0.596987729],[-78.428478192,0.587916623],[-78.426389164,0.585932275],[-78.427380378,0.581874623],[-78.429333726,0.578563743],[-78.428847906,0.574564797],[-78.430271458,0.572036591],[-78.434108179,0.572923121],[-78.438816603,0.569626516],[-78.43914741,0.562811275],[-78.443004432,0.561932721],[-78.445082969,0.557720206],[-78.447185883,0.556852097],[-78.447329856,0.553995954],[-78.44580181,0.551768275],[-78.446478443,0.549868857],[-78.450485199,0.546436312],[-78.453971535,0.541320198],[-78.454355633,0.538967048],[-78.457987981,0.540276495],[-78.464540913,0.53945302],[-78.465242113,0.532011785],[-78.472070494,0.534557276],[-78.475077084,0.534753726],[-78.475402541,0.536994944],[-78.479576192,0.538383658],[-78.484488589,0.541812649],[-78.487457094,0.542157861],[-78.490428353,0.54506965],[-78.498140268,0.545590039],[-78.500175332,0.543217349],[-78.502384574,0.544571607],[-78.506286816,0.54366562],[-78.50879418,0.541209389],[-78.510180456,0.537726761],[-78.51432316,0.535159973],[-78.519134598,0.530555895],[-78.519837532,0.528917657],[-78.523525237,0.529266245],[-78.528859219,0.526078398],[-78.531186107,0.527829236],[-78.536584706,0.526356963],[-78.53939848,0.522468801],[-78.548181254,0.519324043],[-78.549900615,0.519432564],[-78.554425799,0.516277458],[-78.555479409,0.513152312],[-78.558933113,0.509165951],[-78.557891611,0.505080296],[-78.555838718,0.50402842],[-78.555954303,0.500252596],[-78.557337527,0.496509756],[-78.558453862,0.492745217],[-78.558177691,0.488155947],[-78.560296199,0.482586156],[-78.562728409,0.481591698],[-78.564899794,0.478147503],[-78.567627943,0.4757224],[-78.573404222,0.473520579],[-78.582146654,0.468764039],[-78.586294618,0.469497658],[-78.589447085,0.467329333],[-78.592339724,0.467751717],[-78.5953731,0.462590532],[-78.59788515,0.459866816],[-78.600589959,0.459723396],[-78.601276703,0.454683234],[-78.606772561,0.452935593],[-78.607365898,0.450495161],[-78.606147023,0.447188335],[-78.60870206,0.443703789],[-78.607748711,0.438954873],[-78.609550957,0.436882572],[-78.614472058,0.429004823],[-78.613269208,0.42680367],[-78.614670254,0.42146542],[-78.613329735,0.416382404],[-78.617063715,0.41061479],[-78.619328126,0.408997551],[-78.624895097,0.406843957],[-78.627585426,0.404438031],[-78.635666087,0.398724493],[-78.64132369,0.397136557],[-78.641593806,0.394126449],[-78.644260669,0.389842433],[-78.647316498,0.388724956],[-78.648431235,0.383529002],[-78.652734956,0.382243437],[-78.653827545,0.380000917],[-78.657964778,0.377259152],[-78.664968601,0.378827563],[-78.669055959,0.375680912],[-78.672787287,0.374040044],[-78.680745734,0.373950672],[-78.683055434,0.375653851],[-78.685890139,0.375332311],[-78.690231519,0.377214886],[-78.692719276,0.380116151],[-78.694987033,0.379841569],[-78.696362673,0.38230577],[-78.699243895,0.38302353],[-78.702745056,0.390916388],[-78.702059533,0.393414093],[-78.706030049,0.39739898],[-78.709464756,0.397581796],[-78.709836629,0.399562549],[-78.715260828,0.40094323],[-78.717763696,0.402772711],[-78.722124991,0.401787213],[-78.727980113,0.402340568],[-78.730462844,0.401500973],[-78.734804151,0.403912371],[-78.737463346,0.403323527],[-78.740497122,0.400969552],[-78.743690164,0.401830109],[-78.748185171,0.4009956],[-78.750352624,0.402402663],[-78.754503994,0.407822771],[-78.759268352,0.407337758],[-78.765495788,0.407789178],[-78.769557824,0.403880676],[-78.773199977,0.401515782],[-78.775353967,0.4055392],[-78.779649264,0.404654847],[-78.786634908,0.401429758],[-78.789432667,0.402062933],[-78.792395706,0.404203715],[-78.796957729,0.404972601],[-78.793322867,0.410252118],[-78.796382896,0.412864972],[-78.800123514,0.412539228],[-78.804791762,0.41483072],[-78.808054781,0.414971694],[-78.814091356,0.417967016],[-78.815103128,0.41953168],[-78.816195448,0.426210211],[-78.821968513,0.429082295],[-78.82581743,0.430303336],[-78.830164687,0.433820888],[-78.83363075,0.435600101],[-78.843637313,0.433537719],[-78.846703442,0.43023754],[-78.850719099,0.430037244],[-78.852913583,0.427153758],[-78.855994818,0.424862922],[-78.857422202,0.418643893],[-78.859680198,0.416192621],[-78.862353519,0.415595327],[-78.865562437,0.411410026],[-78.867167444,0.407224279],[-78.87150472,0.404175493],[-78.87251601,0.398673906],[-78.878041798,0.393891102],[-78.88148772,0.391978284],[-78.88226038,0.390363796],[-78.887131905,0.388869947],[-78.888676152,0.389946798],[-78.892538364,0.386239952],[-78.89016302,0.382830561],[-78.891173885,0.378764173],[-78.896401458,0.37888506],[-78.899371896,0.378048532],[-78.897531023,0.375237307],[-78.893313824,0.373023552],[-78.893017439,0.37033232],[-78.895334764,0.368000532],[-78.89973054,0.368719221],[-78.902759523,0.371530726],[-78.905314608,0.368660742],[-78.903948922,0.365969238],[-78.907216249,0.365730791],[-78.907573231,0.363338709],[-78.911008381,0.362646296],[-78.910998984,0.401543712],[-78.913218954,0.400169864],[-78.917797172,0.394450896],[-78.921640981,0.393396909],[-78.927748368,0.393700495],[-78.935693483,0.388892605],[-78.940790579,0.383674412],[-78.943471641,0.382021593],[-78.945110781,0.378117558],[-78.948092826,0.374904725],[-78.952235785,0.368646395],[-78.954960409,0.361144886],[-78.957785259,0.355529849],[-78.9590413,0.351541829],[-78.967169757,0.344641361],[-78.973490516,0.342245497],[-78.977787103,0.33775149],[-78.982569504,0.333918148],[-78.983802166,0.33121991],[-78.987216185,0.328991404],[-78.990375314,0.328750529],[-78.993351975,0.326413445],[-78.995761415,0.325781389],[-79.002845544,0.319141564],[-79.006159949,0.317618746],[-79.010955575,0.31760739],[-79.013401788,0.314064898],[-79.018569844,0.3128409],[-79.022614334,0.306930594],[-79.028901628,0.307193144],[-79.036017362,0.30447985],[-79.04018946,0.304844615],[-79.042768918,0.303172897],[-79.046069136,0.305759421],[-79.046381782,0.308916768],[-79.049772963,0.317873025],[-79.052717273,0.319151321],[-79.056412186,0.322832581],[-79.057824042,0.32483398],[-79.062065779,0.326106866],[-79.06450223,0.328378886],[-79.070367778,0.323896388],[-79.075510668,0.329882788],[-79.079812574,0.333704586],[-79.085050115,0.332958274],[-79.087208378,0.334742277],[-79.091442869,0.336192763],[-79.098707825,0.335083434],[-79.101757363,0.332774533],[-79.106244586,0.334066466],[-79.108738146,0.336009066],[-79.114677523,0.335813459],[-79.116154464,0.33471808],[-79.119577526,0.336994896],[-79.126998683,0.33835858],[-79.129748131,0.341446391],[-79.131831116,0.340317213],[-79.134721403,0.3425151],[-79.137312126,0.341531422],[-79.143618474,0.341604991],[-79.148183674,0.343878272],[-79.150874762,0.343756361],[-79.153292647,0.345331688],[-79.158472114,0.346947799],[-79.163446419,0.347757998],[-79.167516089,0.345987882],[-79.172383622,0.345380255],[-79.174957694,0.347669639],[-79.177680227,0.345848425],[-79.182422708,0.3464184],[-79.185324911,0.344998074],[-79.188591608,0.34125753],[-79.19499271,0.341877721],[-79.198509903,0.343141395],[-79.206051944,0.344513537],[-79.207680781,0.346200067],[-79.215374793,0.344008356],[-79.218033444,0.34156691],[-79.226961331,0.342336319],[-79.23185518,0.339629401],[-79.23633167,0.340082193],[-79.239923194,0.342554309],[-79.24068161,0.34001933],[-79.24587413,0.338979879],[-79.246709213,0.341163023],[-79.249416094,0.341435173],[-79.252921733,0.339643296],[-79.258504002,0.341353367],[-79.265264878,0.338252801],[-79.272035972,0.336896819],[-79.274743075,0.333027544],[-79.27479169,0.330330124],[-79.269947401,0.330755442],[-79.268769984,0.329230896],[-79.272656947,0.325635256],[-79.273044297,0.322333894],[-79.274088479,0.314484233],[-79.271881442,0.314081761],[-79.272144675,0.308883364],[-79.279022778,0.309238809],[-79.279022811,0.292309587],[-79.281209184,0.289509022],[-79.281849818,0.285580564],[-79.285522925,0.287008059],[-79.287649665,0.282518047],[-79.291429757,0.28219962],[-79.292786848,0.277976012],[-79.295808145,0.272845052],[-79.294995021,0.270650825],[-79.295752413,0.267718671],[-79.300374012,0.267200098],[-79.301614988,0.264812342],[-79.298103791,0.26180781],[-79.298288311,0.259395984],[-79.304029657,0.263080999],[-79.308790954,0.260727755],[-79.312554007,0.262706571],[-79.315422075,0.260483156],[-79.316681694,0.257277543],[-79.318995079,0.254652061],[-79.323638423,0.253593164],[-79.326349288,0.254026365],[-79.328230231,0.251382625],[-79.330574063,0.253267218],[-79.333768288,0.249663546],[-79.340943352,0.247977562],[-79.34254444,0.250053487],[-79.345202977,0.2468714],[-79.351642423,0.246305443],[-79.353028237,0.24752248],[-79.359845,0.2475225],[-79.359679041,0.242931555],[-79.362562024,0.240574548],[-79.362762758,0.236361513],[-79.357410688,0.230357205],[-79.353330053,0.227753389],[-79.350472398,0.220870812],[-79.349167504,0.213568553],[-79.347274384,0.211451593],[-79.343434943,0.211672861],[-79.338286647,0.213840147],[-79.332083552,0.21165728],[-79.328632789,0.209072739],[-79.324113064,0.200984785],[-79.320310722,0.196677465],[-79.314571258,0.193255277],[-79.312515478,0.189451324],[-79.306477873,0.182815933],[-79.304483383,0.179651665],[-79.304101836,0.173231301],[-79.30763888,0.168793493],[-79.311297324,0.160342999],[-79.313947565,0.15789067],[-79.32357218,0.157374231],[-79.324909263,0.156202617],[-79.327296787,0.1455377],[-79.329894489,0.142162741],[-79.33159629,0.137924594],[-79.3313856,0.133880521],[-79.33006153,0.1279978],[-79.330759666,0.118638896],[-79.331805087,0.1150807],[-79.334364197,0.111050696],[-79.337428368,0.108788416],[-79.338776045,0.105481663],[-79.348095735,0.096652836],[-79.348852366,0.09109894],[-79.353265266,0.080877614],[-79.354693721,0.076023562],[-79.354735222,0.067419375],[-79.357749398,0.063509148],[-79.365895051,0.056571718],[-79.368022343,0.053772207],[-79.368378925,0.051259781],[-79.366703414,0.046402366],[-79.367018269,0.043447553],[-79.37149289,0.032811374],[-79.369763816,0.0306339],[-79.368160738,0.026375895],[-79.36798035,0.022421211],[-79.371416932,0.023744335],[-79.385391024,0.024815989],[-79.390229652,0.024614413],[-79.393584175,0.02623713],[-79.396232433,0.025511074],[-79.406947227,0.025887225],[-79.40811691,0.024950893],[-79.405592249,0.018769085],[-79.403681986,0.018325527],[-79.402044639,0.014121215],[-79.405516349,0.014768847],[-79.408556543,0.016934286],[-79.412491394,0.01768385],[-79.41656454,0.021022066],[-79.420992037,0.022506803],[-79.424466688,0.020823722],[-79.425451474,0.023281383],[-79.428853192,0.023413234],[-79.425317135,0.012107933],[-79.422469688,0.0100692],[-79.421696806,0.006825166],[-79.424476717,0.004817146],[-79.430849121,0.004774135],[-79.433105553,0.006002038],[-79.437906773,0.004260886],[-79.443779181,0.003883698],[-79.446562745,0.004665791],[-79.452038503,0.001696295],[-79.455928668,-0.001879391],[-79.464389409,0.001657733],[-79.463553219,-0.003040979],[-79.461105978,-0.001853617],[-79.459679097,-0.003970145],[-79.458840317,-0.008554936],[-79.455586369,-0.007839446],[-79.453844106,-0.010594859],[-79.452659192,-0.016963542],[-79.447679618,-0.019952219],[-79.449081941,-0.022945739],[-79.447187533,-0.026585301],[-79.441577603,-0.030272182],[-79.438525729,-0.029164235],[-79.435442941,-0.029422623],[-79.432443164,-0.027611248],[-79.43254902,-0.029224306],[-79.43629647,-0.033341658],[-79.440556863,-0.03573882],[-79.445410856,-0.037232971],[-79.448641388,-0.039680875],[-79.451002217,-0.038060426],[-79.456643461,-0.036006463],[-79.458116502,-0.034809203],[-79.464201063,-0.036486775],[-79.464631178,-0.034650231],[-79.468310397,-0.034063015],[-79.471581604,-0.031017666],[-79.477220685,-0.031040613],[-79.479062609,-0.030187013],[-79.488613556,-0.029679969],[-79.498961828,-0.027936871],[-79.500419995,-0.028752389],[-79.504566451,-0.027850013],[-79.510690611,-0.028074023],[-79.512901811,-0.027459159],[-79.512682256,-0.031916154],[-79.516058307,-0.030935919],[-79.514899343,-0.028444529],[-79.515702612,-0.026475899],[-79.519264072,-0.025869453],[-79.523419158,-0.02683902],[-79.528467956,-0.026697823],[-79.530643306,-0.024367784],[-79.532116993,-0.02625093],[-79.534542271,-0.024219713],[-79.536438569,-0.027885934],[-79.540398525,-0.024374197],[-79.543452678,-0.02530629],[-79.552376479,-0.025150499],[-79.561722465,-0.023209982],[-79.563673057,-0.021492375],[-79.566125569,-0.022601139],[-79.571144529,-0.020913253],[-79.575227125,-0.023517312],[-79.577281897,-0.021445229],[-79.577879162,-0.018866099],[-79.5799299,-0.018347737],[-79.588431738,-0.020723978],[-79.598220242,-0.020675189],[-79.598220155,-0.028625319],[-79.600941518,-0.029223351],[-79.60269105,-0.026416318],[-79.603142728,-0.02253957],[-79.60576212,-0.021465022],[-79.6028991,-0.020435473],[-79.60338879,-0.017970628],[-79.607277669,-0.010918306],[-79.606464499,-0.0069743],[-79.609219967,-0.006420074],[-79.612395693,-0.008066513],[-79.613178944,0.000141107],[-79.612026058,0.009313729],[-79.61421174,0.012235674],[-79.622968793,0.013843868],[-79.624923888,0.019051219],[-79.624497175,0.022698268],[-79.621715993,0.0250973],[-79.61942808,0.024917796],[-79.616373543,0.027215111],[-79.614757114,0.030086775],[-79.616374124,0.033664029],[-79.619116588,0.033005782],[-79.624806553,0.034321002],[-79.625701015,0.036301379],[-79.624105931,0.039468958],[-79.623767128,0.043656838],[-79.617833268,0.050518265],[-79.617146888,0.053360393],[-79.619754797,0.055633188],[-79.616436606,0.056906537],[-79.61190833,0.056798739],[-79.60704956,0.060450432],[-79.603265324,0.059990868],[-79.600434655,0.060663615],[-79.597205206,0.063924888],[-79.5979116,0.066106892],[-79.602318467,0.071522502],[-79.604400626,0.075583586],[-79.603116935,0.078337954],[-79.602860132,0.082267229],[-79.597469714,0.08320913],[-79.591910347,0.085607958],[-79.588564503,0.090381953],[-79.58844553,0.093471965],[-79.586993001,0.097581354],[-79.582186464,0.102222442],[-79.580239476,0.106906718],[-79.575502914,0.109519685],[-79.569358151,0.114551985],[-79.573781773,0.119573449],[-79.576400174,0.120365096],[-79.579226293,0.117890315],[-79.581962539,0.1175641],[-79.587265096,0.119633394],[-79.59158655,0.119304813],[-79.593665899,0.120854179],[-79.597327004,0.120912281],[-79.598505921,0.122714311],[-79.599596685,0.128285397],[-79.599313677,0.130841162],[-79.60180236,0.132268998],[-79.60892166,0.131376789],[-79.610323866,0.135897365],[-79.611821411,0.135849592],[-79.616095561,0.132181262],[-79.617743944,0.13407906],[-79.613661092,0.13858976],[-79.617799971,0.141518525],[-79.618015991,0.146377073],[-79.621209543,0.146690912],[-79.621448223,0.150333039],[-79.623587516,0.151370574],[-79.62773125,0.157753568],[-79.635981811,0.155175186],[-79.640665716,0.155116142],[-79.640558704,0.152405019],[-79.648096359,0.152575448],[-79.649549217,0.143975469],[-79.657330208,0.152996862],[-79.656443032,0.156638628],[-79.653042664,0.156039532],[-79.652037532,0.160471691],[-79.657300267,0.160296692],[-79.654577447,0.165583894],[-79.657648393,0.167266805],[-79.658011533,0.169799362],[-79.655528014,0.171553903],[-79.657280007,0.174137486],[-79.660250861,0.174512718],[-79.665332386,0.178078083],[-79.66683629,0.177189257],[-79.667351629,0.173485393],[-79.670046598,0.173342058],[-79.672107071,0.171004112],[-79.675303385,0.169999648],[-79.67702733,0.163670071],[-79.682801895,0.164023849],[-79.686870628,0.169040741],[-79.689441711,0.166790863],[-79.69399386,0.168668516],[-79.693527507,0.17098756],[-79.695782887,0.173810641],[-79.694816078,0.175763844],[-79.702645317,0.177904025],[-79.698723646,0.179587842],[-79.700094699,0.181265134],[-79.704530491,0.180595956],[-79.705901507,0.182825416],[-79.708133525,0.180122548],[-79.711454776,0.182805111],[-79.710097169,0.184779002],[-79.708714354,0.192956811],[-79.705669429,0.194000369],[-79.707785383,0.199641987],[-79.705527366,0.20233441],[-79.707144809,0.203921756],[-79.705525088,0.207219608],[-79.704789062,0.211785728],[-79.699831055,0.215089708],[-79.698195991,0.217994538],[-79.695942449,0.219700039],[-79.689048099,0.21490987],[-79.685781977,0.216069598],[-79.685814637,0.224759686],[-79.686460933,0.227259488],[-79.68288367,0.232386627],[-79.680538962,0.233801662],[-79.677841745,0.241419101],[-79.675896915,0.242069599],[-79.674825445,0.247455084],[-79.672335619,0.248135369],[-79.668606054,0.2548678],[-79.666658517,0.25564681],[-79.665731318,0.260905565],[-79.666005784,0.264360906],[-79.670759568,0.269777029],[-79.673283713,0.274136663],[-79.673283525,0.275833328],[-79.678951016,0.277107659],[-79.678256651,0.273901982],[-79.680039592,0.273106462],[-79.686540961,0.274196058],[-79.68800836,0.278647462],[-79.693315159,0.280383087],[-79.695014022,0.287532806],[-79.697493039,0.289517437],[-79.701494363,0.290099056],[-79.703535981,0.288993608],[-79.709386892,0.289787912],[-79.718082361,0.292769186],[-79.721124739,0.29853976],[-79.721330915,0.300672576],[-79.716526158,0.3057346],[-79.7185465,0.308975226],[-79.718872276,0.311402192],[-79.722526466,0.318913082],[-79.721128035,0.321757252],[-79.720669122,0.325621451],[-79.718237659,0.329196225],[-79.716018725,0.330318184],[-79.712689565,0.335837169],[-79.706612983,0.339282997],[-79.707343101,0.341322665],[-79.70565862,0.343173544],[-79.707132072,0.346141262],[-79.710779143,0.348642244],[-79.711937393,0.353093896],[-79.713908888,0.355303988],[-79.715544947,0.36285518],[-79.716769322,0.365922577],[-79.721682921,0.372516858],[-79.724552844,0.372904857],[-79.728720508,0.375050725],[-79.735827747,0.372390653],[-79.748176405,0.379701721],[-79.755699952,0.378769308],[-79.75930606,0.381172322],[-79.762301103,0.381806392],[-79.764549835,0.380353936],[-79.767919592,0.381132709],[-79.77195886,0.377917064],[-79.776410472,0.381223455],[-79.779466903,0.377092327],[-79.781650925,0.376899923],[-79.785039813,0.374403262],[-79.796357783,0.369562652],[-79.800536329,0.366577041],[-79.801141766,0.365031611],[-79.805207166,0.36304576],[-79.806253476,0.360682566],[-79.805796213,0.357888387],[-79.807989747,0.354017591],[-79.808340839,0.350523491],[-79.812871192,0.346916238],[-79.81564565,0.345524909],[-79.815264418,0.342915014],[-79.813330574,0.340833974],[-79.817464115,0.337054196],[-79.817158066,0.331871855],[-79.811432131,0.329118923],[-79.808084944,0.329032364],[-79.803770578,0.33205832],[-79.803186932,0.32893716],[-79.806795534,0.326777388],[-79.810604963,0.322194112],[-79.812748851,0.322272426],[-79.817693311,0.320372301],[-79.820714877,0.318171356],[-79.823777618,0.319448156],[-79.826366604,0.318334388],[-79.828154011,0.321073689],[-79.832141067,0.324390678],[-79.838073025,0.324106512],[-79.840762422,0.322337711],[-79.842919058,0.322747687],[-79.848217842,0.320462226],[-79.852746612,0.320282268],[-79.856381758,0.317852456],[-79.862369304,0.317281211],[-79.864261691,0.31467811],[-79.870020431,0.318353744],[-79.872503465,0.317114722],[-79.876378428,0.316714103],[-79.880379345,0.322240218],[-79.885501669,0.32214336],[-79.887435542,0.318446672],[-79.889313519,0.31710955],[-79.896261665,0.315709953],[-79.901498722,0.316018587],[-79.904760733,0.314807633],[-79.903502146,0.312272869],[-79.896727934,0.312972328],[-79.895253526,0.312566071],[-79.894670386,0.302098436],[-79.897424628,0.301286517],[-79.900335602,0.298038008],[-79.904147016,0.297079151],[-79.90191481,0.293641074],[-79.901817693,0.29104342],[-79.903459311,0.288466939],[-79.907493153,0.288866429],[-79.905990448,0.293340401],[-79.907958614,0.294278829],[-79.909593663,0.287711342],[-79.908606617,0.281759756],[-79.906060998,0.282844787],[-79.903665506,0.277558242],[-79.905741748,0.275517427],[-79.90905226,0.276070871],[-79.909622856,0.272867619],[-79.911194051,0.27146995],[-79.91320461,0.273487602],[-79.918629166,0.275904584],[-79.921225358,0.274507107],[-79.923641245,0.268887747],[-79.927102873,0.26657129],[-79.926466072,0.262732301],[-79.921488086,0.260539565],[-79.921046142,0.257667513],[-79.923685197,0.255298323],[-79.931744527,0.254035309],[-79.934911091,0.254954621],[-79.936665361,0.257625755],[-79.94538042,0.261920179],[-79.955418827,0.259615967],[-79.963178522,0.260420786],[-79.971109236,0.263350943],[-79.976757539,0.267889275],[-79.980778232,0.27306556],[-79.984559914,0.281123832],[-79.987979203,0.292504345],[-79.988572203,0.303777099],[-79.992862563,0.329920613],[-79.994858183,0.34370681],[-79.997520394,0.348493898],[-80.005817798,0.357040349],[-80.010072927,0.359861929],[-80.021246202,0.366385215],[-80.03002213,0.373884706],[-80.026129598,0.378862278],[-80.027485511,0.381652384],[-80.033683983,0.391283655],[-80.037591608,0.39499153],[-80.040960283,0.397071514],[-80.038714484,0.398654126],[-80.039118764,0.401638548],[-80.0340882,0.402542824],[-80.025248738,0.417415072],[-80.028776587,0.421979929],[-80.03331314,0.426049484],[-80.039960704,0.430932916],[-80.038298797,0.432334658],[-80.042184247,0.436313906],[-80.043935994,0.439343468],[-80.045777488,0.444633923],[-80.050391236,0.460481495],[-80.055373473,0.466132699],[-80.055537899,0.468262256],[-80.05215557,0.472758956],[-80.050179324,0.476692814],[-80.046810572,0.485555391],[-80.044829193,0.488294215],[-80.047057361,0.490529179],[-80.046357589,0.494642768],[-80.04370692,0.493602089],[-80.041819665,0.495230102],[-80.037505351,0.502963821],[-80.033955557,0.505677097],[-80.031169358,0.509702151],[-80.028878376,0.507033234],[-80.026452313,0.506354418],[-80.0226781,0.507575054],[-80.018858461,0.512097457],[-80.015757285,0.519152829],[-80.014219584,0.523830167],[-80.011262444,0.531590305],[-80.009642791,0.545294651],[-80.009731862,0.550089016],[-80.006990825,0.552304812],[-80.002340919,0.552344499],[-80.001217105,0.555872218],[-80.004720085,0.564647367],[-80.00293682,0.56609692],[-80.007043511,0.570374393],[-80.01255793,0.574351397],[-80.014110625,0.576642424],[-80.016732222,0.584943981],[-80.021446223,0.594746085],[-80.026961644,0.605034114],[-80.030384595,0.610199389],[-80.03592841,0.617203097],[-80.037304769,0.62018089],[-80.037028969,0.623237199],[-80.035509519,0.625159048],[-80.037091762,0.632871928],[-80.039091034,0.633241186],[-80.044841935,0.631839017],[-80.046055603,0.634023046],[-80.051413471,0.636141429],[-80.0597639,0.643161212],[-80.062168602,0.647326282],[-80.068409672,0.653046781],[-80.067823994,0.655536474],[-80.076518897,0.653367645],[-80.077976193,0.651925428],[-80.081177339,0.651541882],[-80.083828581,0.648153323],[-80.086852885,0.650097582],[-80.088997798,0.654580955],[-80.092339425,0.658249095],[-80.094225164,0.665757756],[-80.096695567,0.670190836],[-80.09835697,0.675912849],[-80.100467799,0.681001718],[-80.100377011,0.685977099],[-80.102172499,0.695385469],[-80.101857542,0.697692185],[-80.099071206,0.700767348],[-80.097857527,0.703526195],[-80.097677113,0.707099397],[-80.095744795,0.708455944],[-80.094798985,0.719944385],[-80.097459186,0.729526091],[-80.098656156,0.736164904],[-80.099940571,0.738292113],[-80.098748514,0.742289219],[-80.099275759,0.750605987],[-80.099600157,0.752421108],[-80.0983858,0.758210405],[-80.096676159,0.762064295],[-80.096855926,0.764858171],[-80.093478485,0.76908351],[-80.092124489,0.775519948],[-80.089083074,0.776853315],[-80.086295788,0.783613907],[-80.08325848,0.784609056],[-80.081522293,0.786864508],[-80.080450699,0.79265391],[-80.073916415,0.79668537],[-80.067263836,0.804761795],[-80.060221758,0.815713946],[-80.055664967,0.817572789],[-80.050950328,0.825364589],[-80.049228169,0.824261948],[-80.049876696,0.820179353],[-80.047297148,0.81800993],[-80.029936454,0.817884093],[-80.024561388,0.819148947],[-80.022505358,0.817331589],[-80.015684204,0.81897516],[-80.014115481,0.820366084],[-80.010748142,0.81854599],[-80.006540235,0.817707822],[-80.002782749,0.818705377],[-80.001550598,0.817807434],[-79.992994408,0.816695849],[-79.987376554,0.817421198],[-79.979402415,0.818116168],[-79.966839295,0.821665086],[-79.956305555,0.825791506],[-79.952633665,0.826328847],[-79.947834593,0.829109865],[-79.930832813,0.842468597],[-79.921078366,0.851600489],[-79.91776122,0.856574346],[-79.915200678,0.854775792],[-79.908206956,0.852862526],[-79.905473808,0.852692518],[-79.901923743,0.854681537],[-79.894081218,0.862266267],[-79.887992158,0.865713108],[-79.881565414,0.87154559],[-79.876803478,0.869282778],[-79.877433493,0.865913501],[-79.874940277,0.864533312],[-79.869009671,0.863988807],[-79.864689722,0.865716459],[-79.858247481,0.868915357],[-79.848720588,0.874746764],[-79.840811631,0.879040892],[-79.836625513,0.88032404],[-79.823042261,0.887151279],[-79.814186155,0.892442341],[-79.807272354,0.895981605],[-79.796393213,0.905710657],[-79.793196322,0.909208931],[-79.786701293,0.918202783],[-79.779135445,0.927776052],[-79.773723916,0.932394232],[-79.765921614,0.93774759],[-79.762795895,0.940543064],[-79.758328736,0.946584262],[-79.748651689,0.957015931],[-79.745087962,0.959906352],[-79.738062829,0.964445364],[-79.731581521,0.966933676],[-79.726806385,0.965953293],[-79.718459621,0.966604451],[-79.709450021,0.968392917],[-79.695852231,0.973533339],[-79.680814098,0.980572598],[-79.677141574,0.982788301],[-79.674960343,0.982698565],[-79.663881725,0.988723892],[-79.660638191,0.991179415],[-79.651991913,0.994120001],[-79.649664844,0.98997469],[-79.646692823,0.990974272],[-79.638340584,0.99034047],[-79.627106058,0.98951901],[-79.62641683,0.991913426],[-79.623998653,0.993204626],[-79.616991361,0.991801156],[-79.612788441,0.986320399],[-79.609354454,0.985119633],[-79.595122747,0.985687113],[-79.592262746,0.985434891],[-79.585847596,0.986784627],[-79.580511993,0.987299685],[-79.572419134,0.990233204],[-79.562885527,0.99476574],[-79.559550675,0.995581939],[-79.557061692,0.993766473],[-79.553743242,0.993717907],[-79.546258023,0.997642744],[-79.533738648,1.0052918],[-79.517345954,1.015702767],[-79.51296646,1.017993632],[-79.5103972,1.018121499],[-79.509428316,1.02012018],[-79.497250725,1.027697549],[-79.476941045,1.039212721],[-79.461516671,1.048686295],[-79.459404118,1.049646101],[-79.457221308,1.051266315],[-79.44061665,1.061266456],[-79.428233973,1.069504889],[-79.42251892,1.071156507],[-79.415955199,1.07640583],[-79.402893871,1.079981471],[-79.395905544,1.082616993],[-79.392731296,1.083147252],[-79.390666533,1.077459023],[-79.386172509,1.07248261],[-79.38346803,1.0715088],[-79.373676383,1.070056785],[-79.36803632,1.069622752],[-79.353731443,1.069869274],[-79.340310729,1.070995547],[-79.332980171,1.07233508],[-79.326005745,1.074248268],[-79.310759958,1.07920099],[-79.303336062,1.082294248],[-79.302629533,1.081482667],[-79.294742817,1.077740551],[-79.288703036,1.07836881],[-79.277488566,1.081259852],[-79.275273927,1.081501687],[-79.259489508,1.08720807],[-79.257210936,1.083844217],[-79.257839106,1.082592205],[-79.255403236,1.076439161],[-79.250513034,1.072904582],[-79.245152772,1.073215736],[-79.230965161,1.077116087],[-79.215051247,1.083248712],[-79.21068729,1.08432873],[-79.209615441,1.082416926],[-79.198291011,1.087237082],[-79.196698491,1.086694373],[-79.188943873,1.090058885],[-79.186523776,1.089345263],[-79.181306673,1.092220207],[-79.176977395,1.090622312],[-79.171763214,1.092926576],[-79.16032118,1.098788092],[-79.154004752,1.10284265],[-79.142604859,1.111587744],[-79.135320482,1.117833451],[-79.131152975,1.118878546],[-79.12909929,1.123242626],[-79.117603639,1.135725506],[-79.105974109,1.149985349],[-79.097680975,1.161364907],[-79.093947737,1.165807631],[-79.09107496,1.167948951],[-79.087552855,1.168617653],[-79.087665595,1.173130605],[-79.075065064,1.193230359],[-79.07047812,1.201228581],[-79.063795028,1.21093845],[-79.059183179,1.214909383],[-79.055783506,1.218832702],[-79.051116495,1.221729979],[-79.049102698,1.229226717],[-79.046883083,1.237489454],[-79.048048796,1.240428965],[-79.045487046,1.242371087],[-79.035511686,1.247246277],[-79.025265848,1.253432236],[-79.016905643,1.26079496],[-79.0133537,1.265358343],[-79.00881366,1.269785308],[-79.004814456,1.271816598],[-79.000727857,1.270683198],[-78.991891484,1.276124433],[-78.983055105,1.281565579],[-78.98180718,1.284321239],[-78.981579432,1.28834458],[-78.976586892,1.2968849],[-78.971822168,1.301311428],[-78.970068275,1.303977267],[-78.967237024,1.305828483],[-78.961078129,1.312378553],[-78.959908091,1.315090042],[-78.956896348,1.317935629],[-78.955819009,1.317121007],[-78.950153544,1.324394683],[-78.944623682,1.33058344],[-78.936442161,1.338623378],[-78.931233021,1.337217552],[-78.930108405,1.339250897],[-78.931408665,1.342009609],[-78.930011797,1.347297595],[-78.927539362,1.349691427],[-78.923491381,1.356152472],[-78.91449764,1.368305151],[-78.910943712,1.374676094],[-78.908920738,1.376663376],[-78.906046362,1.376344395],[-78.901961659,1.373266786],[-78.898728168,1.372721458],[-78.892373027,1.377910344],[-78.886007787,1.383107401],[-78.887614804,1.394319778],[-78.8886457,1.396761802],[-78.891203953,1.398979183],[-78.886622768,1.405506334],[-78.883418135,1.41405155],[-78.881935727,1.420628984],[-78.881394925,1.42610482],[-78.881629576,1.437711699],[-78.882816994,1.446357811],[-78.880908626,1.449879086],[-78.8686861,1.4695806],[-78.835366654,1.442009506],[-78.824564146,1.44066202],[-78.817305994,1.432188547],[-78.807004736,1.428617109],[-78.802232996,1.428218799],[-78.800614386,1.426409219],[-78.799597021,1.421546052],[-78.796098241,1.410965726],[-78.791967701,1.406959732],[-78.784123596,1.406820977],[-78.782574798,1.405684558],[-78.779480724,1.392121318]]]]},"properties":{"codigo":"08","nombre":"ESMERALDAS","nivel":"Provincia","codigo_provincia":"08","provincia":"ESMERALDAS"},"id":"08"},{"type":"Feature","geometry":{"type":"MultiPolygon","coordinates":[[[[-81.86169,-1.34792],[-81.86261,-1.3498],[-81.86022,-1.35345],[-81.85514,-1.35552],[-81.851,-1.35556],[-81.84844,-1.35659],[-81.84435,-1.36026],[-81.84091,-1.36618],[-81.83718,-1.36483],[-81.83275,-1.36751],[-81.83186,-1.37354],[-81.83064,-1.37589],[-81.82751,-1.37588],[-81.82564,-1.37922],[-81.82734,-1.38223],[-81.82713,-1.38467],[-81.82254,-1.38571],[-81.81993,-1.38781],[-81.81963,-1.39208],[-81.82088,-1.3949],[-81.8238,-1.39323],[-81.82761,-1.39706],[-81.82844,-1.3999],[-81.82637,-1.40466],[-81.82675,-1.4066],[-81.82973,-1.41039],[-81.83336,-1.41145],[-81.83544,-1.41011],[-81.83804,-1.41112],[-81.83838,-1.40771],[-81.84379,-1.40657],[-81.84609,-1.40858],[-81.84908,-1.4062],[-81.85412,-1.40672],[-81.85887,-1.40622],[-81.85958,-1.405],[-81.8657,-1.40594],[-81.87205,-1.40534],[-81.87362,-1.40356],[-81.87864,-1.40178],[-81.88247,-1.40183],[-81.88494,-1.40388],[-81.88917,-1.39558],[-81.89497,-1.39564],[-81.89694,-1.39472],[-81.90133,-1.39601],[-81.90391,-1.39534],[-81.90668,-1.39187],[-81.91244,-1.39165],[-81.91656,-1.3871],[-81.92464,-1.38313],[-81.92636,-1.38328],[-81.93359,-1.38027],[-81.93906,-1.37347],[-81.94462,-1.37467],[-81.94521,-1.3702],[-81.93855,-1.36933],[-81.93683,-1.36742],[-81.93687,-1.3641],[-81.93265,-1.35936],[-81.92561,-1.35955],[-81.923,-1.35658],[-81.92022,-1.35612],[-81.91903,-1.3536],[-81.91627,-1.35191],[-81.914,-1.35239],[-81.91204,-1.35094],[-81.90399,-1.3515],[-81.90274,-1.34977],[-81.89733,-1.34807],[-81.89519,-1.34631],[-81.89202,-1.34598],[-81.89088,-1.34803],[-81.8877,-1.34981],[-81.88286,-1.34861],[-81.88176,-1.34601],[-81.87836,-1.34691],[-81.87518,-1.34918],[-81.87129,-1.34741],[-81.86985,-1.34524],[-81.86644,-1.34532],[-81.8637,-1.34593],[-81.86169,-1.34792]]],[[[-81.8436,-1.34576],[-81.84596,-1.3475],[-81.84871,-1.34717],[-81.8474,-1.34444],[-81.84806,-1.34199],[-81.84605,-1.33983],[-81.84277,-1.33954],[-81.83998,-1.34136],[-81.83868,-1.34378],[-81.8436,-1.34576]]],[[[-82.49395,-1.33795],[-82.49697,-1.33855],[-82.50008,-1.33611],[-82.50018,-1.33165],[-82.49291,-1.32869],[-82.49041,-1.33139],[-82.49395,-1.33795]]],[[[-82.62032,-1.22502],[-82.62387,-1.22743],[-82.62136,-1.23281],[-82.61719,-1.23537],[-82.61547,-1.2345],[-82.61139,-1.23502],[-82.60284,-1.23929],[-82.59722,-1.24398],[-82.59375,-1.24615],[-82.5888,-1.24542],[-82.58214,-1.24873],[-82.5804,-1.24845],[-82.57239,-1.25438],[-82.5711,-1.2602],[-82.56886,-1.25976],[-82.56671,-1.26124],[-82.56374,-1.26059],[-82.56126,-1.26318],[-82.55868,-1.26367],[-82.55733,-1.26866],[-82.55271,-1.2753],[-82.55667,-1.27782],[-82.55752,-1.28144],[-82.56077,-1.28699],[-82.5611,-1.29279],[-82.56485,-1.29617],[-82.56476,-1.30054],[-82.56682,-1.30042],[-82.57554,-1.30838],[-82.57736,-1.31095],[-82.581,-1.3125],[-82.57916,-1.31507],[-82.57972,-1.31834],[-82.58184,-1.31997],[-82.5853,-1.32727],[-82.58727,-1.33279],[-82.59465,-1.33762],[-82.5978,-1.34039],[-82.59965,-1.34422],[-82.60174,-1.34508],[-82.60664,-1.34447],[-82.61047,-1.34717],[-82.61325,-1.34768],[-82.61937,-1.35356],[-82.62129,-1.35391],[-82.625,-1.3572],[-82.63003,-1.35835],[-82.63344,-1.36017],[-82.64352,-1.35832],[-82.64844,-1.35943],[-82.65475,-1.35988],[-82.6581,-1.35641],[-82.66161,-1.35665],[-82.66408,-1.35332],[-82.66642,-1.35292],[-82.66725,-1.34988],[-82.67038,-1.34929],[-82.67364,-1.34657],[-82.67751,-1.34658],[-82.68046,-1.3446],[-82.68513,-1.34344],[-82.68919,-1.34551],[-82.69011,-1.34267],[-82.69243,-1.33997],[-82.69807,-1.33829],[-82.69823,-1.33252],[-82.70101,-1.32905],[-82.70458,-1.32937],[-82.70858,-1.32501],[-82.70862,-1.31977],[-82.71123,-1.31572],[-82.70785,-1.31313],[-82.70323,-1.30656],[-82.7034,-1.3039],[-82.70206,-1.30076],[-82.70005,-1.29983],[-82.69799,-1.29657],[-82.69481,-1.2959],[-82.69602,-1.29111],[-82.69609,-1.28774],[-82.69455,-1.28512],[-82.68989,-1.28239],[-82.68862,-1.27926],[-82.68823,-1.27288],[-82.68931,-1.2679],[-82.68762,-1.26532],[-82.68976,-1.26031],[-82.68817,-1.25695],[-82.6878,-1.25163],[-82.68451,-1.24736],[-82.68235,-1.24795],[-82.68047,-1.24231],[-82.68096,-1.23762],[-82.67856,-1.23247],[-82.67501,-1.2306],[-82.66995,-1.23087],[-82.66819,-1.22994],[-82.66526,-1.23164],[-82.66377,-1.23779],[-82.65977,-1.23941],[-82.65496,-1.23963],[-82.65241,-1.2362],[-82.64978,-1.23682],[-82.64761,-1.23353],[-82.64299,-1.23001],[-82.6402,-1.23057],[-82.63804,-1.22621],[-82.63624,-1.22722],[-82.6332,-1.22478],[-82.62923,-1.22587],[-82.62753,-1.22518],[-82.62771,-1.22105],[-82.62574,-1.22018],[-82.62106,-1.22157],[-82.62032,-1.22502]]],[[[-83.06662,-1.0094],[-83.064,-1.01193],[-83.0619,-1.01706],[-83.06187,-1.02119],[-83.06401,-1.02047],[-83.06553,-1.01439],[-83.06808,-1.01237],[-83.07258,-1.01066],[-83.07823,-1.01149],[-83.0819,-1.01535],[-83.08322,-1.02042],[-83.08492,-1.01861],[-83.08368,-1.01371],[-83.08161,-1.01061],[-83.0775,-1.00808],[-83.07287,-1.00745],[-83.06662,-1.0094]]],[[[-82.97379,-0.86027],[-82.97188,-0.86541],[-82.9773,-0.86372],[-82.97973,-0.86532],[-82.98299,-0.86516],[-82.98052,-0.86082],[-82.97723,-0.86005],[-82.97379,-0.86027]]],[[[-82.99595,-0.84961],[-82.99918,-0.85072],[-83.00358,-0.8495],[-83.00123,-0.84647],[-82.99955,-0.8463],[-82.99723,-0.84689],[-82.99595,-0.84961]]],[[[-83.00894,-0.84733],[-83.0105,-0.85008],[-83.01349,-0.84938],[-83.01119,-0.84585],[-83.00894,-0.84733]]],[[[-82.2822,-0.79873],[-82.28002,-0.79959],[-82.27065,-0.79939],[-82.26735,-0.80006],[-82.2611,-0.79897],[-82.25356,-0.79904],[-82.24848,-0.79993],[-82.2445,-0.7996],[-82.2406,-0.80201],[-82.24109,-0.80442],[-82.23886,-0.80584],[-82.23589,-0.80588],[-82.23242,-0.80765],[-82.23515,-0.80931],[-82.23033,-0.81494],[-82.23038,-0.81884],[-82.2323,-0.8232],[-82.2275,-0.82693],[-82.23056,-0.83786],[-82.23914,-0.83883],[-82.24397,-0.8376],[-82.24743,-0.83897],[-82.25118,-0.83865],[-82.25285,-0.83694],[-82.25555,-0.83854],[-82.26039,-0.83758],[-82.26621,-0.83519],[-82.26852,-0.8351],[-82.27421,-0.83199],[-82.27998,-0.82959],[-82.288,-0.82872],[-82.29091,-0.82565],[-82.29149,-0.82072],[-82.28885,-0.81534],[-82.28412,-0.81229],[-82.28286,-0.80996],[-82.28378,-0.80644],[-82.28665,-0.8054],[-82.2886,-0.80005],[-82.28696,-0.79873],[-82.2822,-0.79873]]],[[[-81.5388,-0.68654],[-81.536,-0.69044],[-81.53351,-0.68807],[-81.53183,-0.69067],[-81.52482,-0.69027],[-81.52346,-0.69139],[-81.5168,-0.69248],[-81.51518,-0.68989],[-81.50999,-0.69015],[-81.50683,-0.68864],[-81.50391,-0.68993],[-81.5024,-0.69473],[-81.49942,-0.69741],[-81.48397,-0.70389],[-81.48176,-0.70676],[-81.47949,-0.70457],[-81.4742,-0.70373],[-81.4728,-0.70278],[-81.47021,-0.697],[-81.4674,-0.69746],[-81.46661,-0.69535],[-81.46295,-0.69437],[-81.4601,-0.69257],[-81.45575,-0.69638],[-81.452,-0.69688],[-81.45205,-0.69895],[-81.45472,-0.70294],[-81.45497,-0.70525],[-81.45283,-0.71209],[-81.44567,-0.71127],[-81.44139,-0.71343],[-81.44217,-0.71639],[-81.44108,-0.71898],[-81.44334,-0.72471],[-81.45061,-0.72884],[-81.45424,-0.73476],[-81.45521,-0.74066],[-81.45666,-0.74082],[-81.45823,-0.74466],[-81.46199,-0.74743],[-81.46808,-0.74932],[-81.47126,-0.75253],[-81.47448,-0.75445],[-81.47543,-0.75925],[-81.47819,-0.76406],[-81.47779,-0.76604],[-81.47916,-0.76943],[-81.48258,-0.77493],[-81.48405,-0.77916],[-81.48649,-0.77959],[-81.49158,-0.78373],[-81.49468,-0.78475],[-81.496,-0.78657],[-81.5021,-0.78839],[-81.50348,-0.79057],[-81.50605,-0.79154],[-81.50856,-0.80238],[-81.51368,-0.80542],[-81.51492,-0.80846],[-81.52134,-0.81445],[-81.52515,-0.81675],[-81.53501,-0.8192],[-81.53607,-0.8211],[-81.53941,-0.81893],[-81.54632,-0.82165],[-81.55087,-0.82174],[-81.55199,-0.82346],[-81.54912,-0.82565],[-81.55361,-0.82738],[-81.55866,-0.82716],[-81.56037,-0.83078],[-81.56038,-0.83548],[-81.5626,-0.8401],[-81.5615,-0.85055],[-81.56159,-0.85328],[-81.56424,-0.85523],[-81.56469,-0.85781],[-81.56967,-0.85702],[-81.57217,-0.85874],[-81.57134,-0.86045],[-81.57289,-0.86534],[-81.57519,-0.86709],[-81.5753,-0.87236],[-81.58045,-0.88041],[-81.5872,-0.88533],[-81.58733,-0.88728],[-81.59039,-0.89245],[-81.5924,-0.89354],[-81.59551,-0.89763],[-81.59596,-0.90662],[-81.59854,-0.90963],[-81.59831,-0.91282],[-81.60179,-0.91836],[-81.60513,-0.91809],[-81.60996,-0.92146],[-81.61333,-0.92182],[-81.61681,-0.92475],[-81.61929,-0.92382],[-81.62368,-0.92572],[-81.62933,-0.92576],[-81.62963,-0.92902],[-81.63179,-0.93253],[-81.6355,-0.9332],[-81.6368,-0.93462],[-81.64262,-0.93334],[-81.64925,-0.93716],[-81.65224,-0.93798],[-81.65682,-0.9376],[-81.65944,-0.93898],[-81.66287,-0.93726],[-81.66928,-0.93697],[-81.6726,-0.93769],[-81.67423,-0.93629],[-81.67929,-0.93817],[-81.68332,-0.93796],[-81.68771,-0.94094],[-81.6905,-0.94038],[-81.6923,-0.94168],[-81.6952,-0.94017],[-81.69783,-0.94296],[-81.70119,-0.9425],[-81.70546,-0.94475],[-81.70718,-0.94702],[-81.71413,-0.95159],[-81.71645,-0.95165],[-81.71882,-0.95398],[-81.7229,-0.95558],[-81.72864,-0.9552],[-81.73157,-0.95417],[-81.73702,-0.95446],[-81.73757,-0.95087],[-81.74058,-0.95058],[-81.74587,-0.95289],[-81.7468,-0.95206],[-81.75303,-0.95123],[-81.75643,-0.95232],[-81.76042,-0.95205],[-81.76167,-0.9493],[-81.76703,-0.94793],[-81.76844,-0.94839],[-81.77537,-0.9442],[-81.7759,-0.94256],[-81.77898,-0.94162],[-81.78126,-0.94294],[-81.79002,-0.93938],[-81.79485,-0.93824],[-81.79632,-0.93608],[-81.79903,-0.93616],[-81.8011,-0.93477],[-81.80397,-0.93576],[-81.80747,-0.93387],[-81.81006,-0.93089],[-81.81169,-0.92707],[-81.8131,-0.92705],[-81.81557,-0.92379],[-81.8216,-0.92255],[-81.82427,-0.91962],[-81.82692,-0.9194],[-81.82612,-0.91036],[-81.82386,-0.90746],[-81.82351,-0.90454],[-81.82144,-0.90108],[-81.81884,-0.90028],[-81.81585,-0.9005],[-81.8136,-0.90247],[-81.8097,-0.89965],[-81.80956,-0.89585],[-81.81303,-0.89199],[-81.81224,-0.88851],[-81.80871,-0.88738],[-81.80668,-0.88791],[-81.80611,-0.88454],[-81.80317,-0.88286],[-81.79806,-0.88269],[-81.79703,-0.88041],[-81.79446,-0.87973],[-81.7939,-0.87732],[-81.78235,-0.87343],[-81.78147,-0.87063],[-81.77408,-0.86686],[-81.77117,-0.8639],[-81.77047,-0.86007],[-81.76782,-0.85872],[-81.76544,-0.8592],[-81.76335,-0.85727],[-81.75777,-0.8562],[-81.75664,-0.85194],[-81.75234,-0.85019],[-81.75018,-0.84836],[-81.74544,-0.8479],[-81.74308,-0.84649],[-81.7407,-0.83968],[-81.73834,-0.83821],[-81.74081,-0.83429],[-81.73842,-0.82923],[-81.74188,-0.82849],[-81.7411,-0.82385],[-81.74139,-0.81775],[-81.73714,-0.81736],[-81.73447,-0.81868],[-81.73111,-0.81746],[-81.72749,-0.82023],[-81.72279,-0.82008],[-81.72381,-0.82218],[-81.72185,-0.82577],[-81.71891,-0.82315],[-81.71312,-0.82428],[-81.71172,-0.82319],[-81.70309,-0.82184],[-81.70191,-0.81929],[-81.69597,-0.81746],[-81.68814,-0.81716],[-81.68465,-0.81771],[-81.67968,-0.81369],[-81.67657,-0.81029],[-81.67393,-0.80532],[-81.6723,-0.80512],[-81.66811,-0.80192],[-81.66797,-0.79975],[-81.67066,-0.79632],[-81.67074,-0.79053],[-81.67259,-0.78533],[-81.66868,-0.78485],[-81.66321,-0.77943],[-81.66506,-0.77639],[-81.66533,-0.773],[-81.66194,-0.77322],[-81.65985,-0.77155],[-81.65779,-0.7672],[-81.65896,-0.76366],[-81.66473,-0.76054],[-81.65972,-0.75362],[-81.65657,-0.75669],[-81.6468,-0.74768],[-81.64423,-0.74874],[-81.64004,-0.74595],[-81.63589,-0.73659],[-81.62846,-0.73266],[-81.62569,-0.73267],[-81.62332,-0.73109],[-81.62303,-0.72819],[-81.61886,-0.7256],[-81.61563,-0.72602],[-81.61056,-0.72406],[-81.60749,-0.7241],[-81.60749,-0.72093],[-81.60289,-0.71521],[-81.59937,-0.71655],[-81.59638,-0.71929],[-81.59373,-0.71757],[-81.59006,-0.71838],[-81.59066,-0.71339],[-81.58867,-0.71283],[-81.58208,-0.71291],[-81.57991,-0.711],[-81.57504,-0.71177],[-81.5749,-0.70829],[-81.56771,-0.70481],[-81.56613,-0.70129],[-81.56331,-0.70299],[-81.56148,-0.70106],[-81.5636,-0.69369],[-81.56159,-0.69321],[-81.55957,-0.68959],[-81.55033,-0.68657],[-81.54844,-0.68711],[-81.54245,-0.6863],[-81.5388,-0.68654]]],[[[-82.8582,-0.59174],[-82.85437,-0.59865],[-82.8524,-0.60091],[-82.84773,-0.60253],[-82.84454,-0.60733],[-82.84519,-0.6108],[-82.843,-0.61627],[-82.84252,-0.61944],[-82.84605,-0.62154],[-82.84736,-0.62555],[-82.84896,-0.62728],[-82.84887,-0.63025],[-82.85099,-0.63151],[-82.85543,-0.63057],[-82.85699,-0.63443],[-82.85913,-0.63281],[-82.86594,-0.6323],[-82.87083,-0.62759],[-82.87452,-0.62482],[-82.87997,-0.62414],[-82.88417,-0.62213],[-82.8844,-0.61839],[-82.88559,-0.61674],[-82.88719,-0.60956],[-82.88774,-0.60133],[-82.88594,-0.59895],[-82.88429,-0.5947],[-82.88226,-0.59175],[-82.8787,-0.59203],[-82.87663,-0.58909],[-82.87096,-0.58751],[-82.8636,-0.58933],[-82.8582,-0.59174]]],[[[-82.73577,-0.55869],[-82.7348,-0.56185],[-82.73885,-0.56166],[-82.73827,-0.55835],[-82.73577,-0.55869]]],[[[-82.67541,-0.51515],[-82.67474,-0.52013],[-82.67848,-0.51885],[-82.67541,-0.51515]]],[[[-82.4506,-0.48175],[-82.44853,-0.49225],[-82.44657,-0.49791],[-82.44314,-0.50066],[-82.44241,-0.50723],[-82.4412,-0.50993],[-82.43818,-0.51339],[-82.43824,-0.51682],[-82.43634,-0.51899],[-82.43634,-0.52293],[-82.43456,-0.52513],[-82.43171,-0.52583],[-82.43035,-0.5294],[-82.42708,-0.53356],[-82.42431,-0.53496],[-82.42227,-0.5376],[-82.4175,-0.53941],[-82.41253,-0.54271],[-82.40272,-0.54558],[-82.39942,-0.54751],[-82.39843,-0.5509],[-82.39365,-0.55306],[-82.39137,-0.55572],[-82.38848,-0.55522],[-82.38696,-0.55712],[-82.38253,-0.55919],[-82.37639,-0.56552],[-82.37328,-0.56793],[-82.37207,-0.57026],[-82.36919,-0.57224],[-82.36893,-0.57512],[-82.37244,-0.57761],[-82.37173,-0.58187],[-82.37197,-0.58604],[-82.37477,-0.58753],[-82.37597,-0.59037],[-82.3758,-0.59332],[-82.37967,-0.5967],[-82.38143,-0.59977],[-82.38147,-0.60443],[-82.38412,-0.60776],[-82.38244,-0.61247],[-82.38336,-0.61351],[-82.37946,-0.62101],[-82.37847,-0.62624],[-82.37947,-0.62821],[-82.37768,-0.63118],[-82.3802,-0.63322],[-82.37912,-0.63623],[-82.38057,-0.64425],[-82.3832,-0.64706],[-82.38345,-0.64947],[-82.38598,-0.65027],[-82.38795,-0.65332],[-82.38673,-0.65453],[-82.387,-0.66016],[-82.38312,-0.66143],[-82.38138,-0.66494],[-82.37884,-0.66793],[-82.37954,-0.67088],[-82.38206,-0.6731],[-82.3859,-0.6736],[-82.38687,-0.67519],[-82.3904,-0.67685],[-82.39624,-0.68116],[-82.39505,-0.6837],[-82.39374,-0.69034],[-82.39542,-0.69165],[-82.39646,-0.69546],[-82.39895,-0.69735],[-82.40144,-0.6969],[-82.40828,-0.70231],[-82.4126,-0.70041],[-82.41288,-0.69837],[-82.41524,-0.6952],[-82.41953,-0.69368],[-82.4229,-0.69604],[-82.42543,-0.70166],[-82.42218,-0.70255],[-82.42125,-0.70705],[-82.42494,-0.70723],[-82.42755,-0.70909],[-82.42718,-0.71287],[-82.42813,-0.71492],[-82.43243,-0.71682],[-82.43307,-0.72151],[-82.4324,-0.72491],[-82.43398,-0.72882],[-82.43339,-0.73036],[-82.43476,-0.73555],[-82.43605,-0.73659],[-82.43484,-0.74048],[-82.43583,-0.74205],[-82.44202,-0.74607],[-82.44649,-0.74628],[-82.44873,-0.74814],[-82.45006,-0.74613],[-82.45503,-0.74561],[-82.45788,-0.74724],[-82.4654,-0.74709],[-82.47229,-0.74558],[-82.47803,-0.7464],[-82.4856,-0.74678],[-82.50274,-0.74411],[-82.5075,-0.74157],[-82.50798,-0.74283],[-82.51351,-0.74818],[-82.51562,-0.74803],[-82.51158,-0.74972],[-82.50894,-0.75051],[-82.51305,-0.75569],[-82.51315,-0.75872],[-82.5088,-0.76],[-82.50651,-0.75954],[-82.5046,-0.76162],[-82.50824,-0.76419],[-82.51181,-0.76448],[-82.51185,-0.76666],[-82.51522,-0.76705],[-82.51804,-0.76478],[-82.52163,-0.76322],[-82.52753,-0.76367],[-82.53119,-0.76107],[-82.53741,-0.7626],[-82.54161,-0.7665],[-82.54346,-0.76974],[-82.54676,-0.76812],[-82.5441,-0.76525],[-82.54114,-0.76476],[-82.54184,-0.762],[-82.54423,-0.76177],[-82.54775,-0.76402],[-82.55005,-0.7634],[-82.55523,-0.76827],[-82.55459,-0.77414],[-82.561,-0.77516],[-82.5665,-0.77368],[-82.56803,-0.77033],[-82.57313,-0.76699],[-82.57456,-0.76396],[-82.58388,-0.76945],[-82.5891,-0.76871],[-82.59191,-0.77102],[-82.59439,-0.77095],[-82.59764,-0.77352],[-82.59876,-0.7708],[-82.60609,-0.77231],[-82.60853,-0.76758],[-82.61104,-0.76841],[-82.61125,-0.76343],[-82.61468,-0.76174],[-82.61642,-0.75953],[-82.62227,-0.75861],[-82.62157,-0.75531],[-82.62511,-0.75543],[-82.62924,-0.75355],[-82.63393,-0.75375],[-82.63579,-0.75024],[-82.63805,-0.74992],[-82.64168,-0.74733],[-82.64406,-0.74695],[-82.64804,-0.74894],[-82.65099,-0.74647],[-82.65069,-0.74284],[-82.6537,-0.74101],[-82.65597,-0.73496],[-82.66081,-0.73343],[-82.66423,-0.7293],[-82.66747,-0.7215],[-82.67039,-0.72303],[-82.67382,-0.72353],[-82.67837,-0.72117],[-82.68103,-0.72335],[-82.68528,-0.72224],[-82.68564,-0.72006],[-82.6835,-0.71624],[-82.68771,-0.71565],[-82.69044,-0.7166],[-82.69329,-0.71374],[-82.69902,-0.71139],[-82.70213,-0.70817],[-82.70868,-0.70946],[-82.71411,-0.70936],[-82.71608,-0.70855],[-82.71811,-0.70567],[-82.72315,-0.70573],[-82.72625,-0.70391],[-82.7255,-0.70205],[-82.73057,-0.6992],[-82.73295,-0.69669],[-82.73565,-0.69576],[-82.73481,-0.69341],[-82.73737,-0.69035],[-82.73438,-0.68782],[-82.73528,-0.68526],[-82.73822,-0.6846],[-82.74165,-0.68163],[-82.73612,-0.67867],[-82.73495,-0.67502],[-82.73646,-0.67125],[-82.73806,-0.67052],[-82.73916,-0.66614],[-82.74122,-0.66161],[-82.74076,-0.65763],[-82.744,-0.65545],[-82.74452,-0.64998],[-82.74661,-0.64972],[-82.74757,-0.64626],[-82.74528,-0.64553],[-82.7439,-0.64148],[-82.74347,-0.63687],[-82.74534,-0.63146],[-82.74825,-0.62919],[-82.74877,-0.62418],[-82.74538,-0.62213],[-82.74626,-0.62042],[-82.74206,-0.6126],[-82.74281,-0.61077],[-82.73781,-0.60593],[-82.73739,-0.60128],[-82.74016,-0.60015],[-82.74046,-0.59749],[-82.73792,-0.59571],[-82.73672,-0.59105],[-82.73412,-0.58605],[-82.73095,-0.58558],[-82.73102,-0.57972],[-82.73551,-0.5766],[-82.73252,-0.57026],[-82.7353,-0.56827],[-82.73568,-0.56602],[-82.73014,-0.56085],[-82.72599,-0.55823],[-82.72385,-0.55902],[-82.71777,-0.55698],[-82.7156,-0.55428],[-82.71428,-0.54716],[-82.7119,-0.54493],[-82.71127,-0.54098],[-82.71432,-0.53972],[-82.71311,-0.53347],[-82.70882,-0.53154],[-82.70517,-0.53186],[-82.70147,-0.53104],[-82.6985,-0.53249],[-82.69516,-0.53021],[-82.68968,-0.52954],[-82.6868,-0.52423],[-82.68255,-0.52196],[-82.67381,-0.52026],[-82.67001,-0.5221],[-82.66846,-0.52014],[-82.66307,-0.51685],[-82.66005,-0.5168],[-82.65567,-0.51327],[-82.65075,-0.51075],[-82.63882,-0.51276],[-82.63602,-0.51135],[-82.6344,-0.51245],[-82.62995,-0.5127],[-82.62457,-0.51126],[-82.62187,-0.50881],[-82.61815,-0.50855],[-82.61486,-0.50644],[-82.61448,-0.50402],[-82.6069,-0.50515],[-82.60522,-0.50434],[-82.59673,-0.50694],[-82.59586,-0.50812],[-82.59163,-0.50822],[-82.59114,-0.51252],[-82.58869,-0.5131],[-82.58688,-0.51154],[-82.58068,-0.51176],[-82.57281,-0.50925],[-82.57067,-0.51424],[-82.56659,-0.51596],[-82.56307,-0.5156],[-82.56193,-0.51296],[-82.55913,-0.51172],[-82.55816,-0.50963],[-82.56026,-0.50826],[-82.56212,-0.50002],[-82.55992,-0.49459],[-82.55857,-0.49606],[-82.55549,-0.49349],[-82.55249,-0.49393],[-82.54808,-0.49602],[-82.5451,-0.49384],[-82.54113,-0.49256],[-82.53979,-0.49413],[-82.53663,-0.49291],[-82.53095,-0.49775],[-82.53171,-0.50071],[-82.53586,-0.50264],[-82.53631,-0.5079],[-82.53309,-0.50709],[-82.53039,-0.50422],[-82.52611,-0.50302],[-82.52616,-0.49955],[-82.52466,-0.49849],[-82.52475,-0.49521],[-82.51825,-0.49604],[-82.51467,-0.49711],[-82.51267,-0.49438],[-82.50292,-0.49121],[-82.50124,-0.49359],[-82.49721,-0.49685],[-82.48779,-0.4941],[-82.48486,-0.48868],[-82.48072,-0.48869],[-82.47635,-0.48748],[-82.47344,-0.48754],[-82.47304,-0.4897],[-82.46897,-0.4889],[-82.46537,-0.48922],[-82.4583,-0.48624],[-82.45403,-0.48308],[-82.4506,-0.48175]]],[[[-82.56953,-0.42118],[-82.57068,-0.42562],[-82.57357,-0.42472],[-82.57473,-0.42197],[-82.57204,-0.41881],[-82.56953,-0.42118]]],[[[-82.47491,-0.41182],[-82.47333,-0.41885],[-82.47185,-0.4202],[-82.47147,-0.42352],[-82.46827,-0.42924],[-82.46243,-0.43836],[-82.46048,-0.43942],[-82.4581,-0.44488],[-82.45953,-0.44667],[-82.45835,-0.44913],[-82.4563,-0.44906],[-82.4546,-0.4518],[-82.45193,-0.45362],[-82.45147,-0.45685],[-82.44974,-0.45875],[-82.44771,-0.46467],[-82.45474,-0.4698],[-82.45755,-0.4712],[-82.45867,-0.47318],[-82.46174,-0.47424],[-82.46637,-0.47858],[-82.47097,-0.48156],[-82.4754,-0.48213],[-82.4768,-0.48319],[-82.48297,-0.48399],[-82.4893,-0.48345],[-82.49358,-0.48412],[-82.49619,-0.47812],[-82.4988,-0.47587],[-82.49616,-0.47362],[-82.49469,-0.46909],[-82.4954,-0.46537],[-82.49822,-0.4618],[-82.49649,-0.45851],[-82.49669,-0.45579],[-82.49275,-0.45091],[-82.48369,-0.44566],[-82.48115,-0.4418],[-82.4815,-0.43737],[-82.48285,-0.4349],[-82.48778,-0.43771],[-82.49034,-0.43624],[-82.48992,-0.43119],[-82.48469,-0.42903],[-82.4853,-0.42242],[-82.48977,-0.41659],[-82.49343,-0.41637],[-82.49365,-0.41412],[-82.48831,-0.41445],[-82.48006,-0.41245],[-82.47669,-0.41104],[-82.47491,-0.41182]]],[[[-82.90465,-0.39761],[-82.90636,-0.40186],[-82.9046,-0.40382],[-82.90143,-0.4047],[-82.89717,-0.41004],[-82.89788,-0.4168],[-82.90271,-0.42177],[-82.90569,-0.42272],[-82.90537,-0.42745],[-82.90861,-0.42644],[-82.91131,-0.42429],[-82.91349,-0.42592],[-82.91618,-0.42435],[-82.92012,-0.41772],[-82.92033,-0.41217],[-82.91748,-0.41117],[-82.91192,-0.40622],[-82.91227,-0.40215],[-82.9101,-0.39939],[-82.90648,-0.39945],[-82.90465,-0.39761]]],[[[-82.48025,-0.38849],[-82.47622,-0.39012],[-82.47594,-0.39311],[-82.4771,-0.3966],[-82.48199,-0.3985],[-82.49211,-0.40096],[-82.4936,-0.39885],[-82.49257,-0.39356],[-82.49101,-0.39038],[-82.48659,-0.38851],[-82.48238,-0.39],[-82.48025,-0.38849]]],[[[-82.7809,-0.37019],[-82.78331,-0.37215],[-82.7859,-0.37098],[-82.78256,-0.3675],[-82.7809,-0.37019]]],[[[-82.76426,-0.35028],[-82.76611,-0.35307],[-82.76831,-0.34979],[-82.76623,-0.34832],[-82.76426,-0.35028]]],[[[-82.74218,-0.28579],[-82.74775,-0.28904],[-82.75252,-0.28813],[-82.75569,-0.28355],[-82.75264,-0.28293],[-82.75132,-0.28001],[-82.74884,-0.27994],[-82.74243,-0.28108],[-82.74044,-0.28314],[-82.74218,-0.28579]]],[[[-83.65967,-0.26005],[-83.65806,-0.26143],[-83.65538,-0.26082],[-83.65199,-0.26392],[-83.6491,-0.26252],[-83.64762,-0.26451],[-83.64547,-0.26282],[-83.64394,-0.26416],[-83.64531,-0.26859],[-83.64037,-0.27631],[-83.6383,-0.27511],[-83.63812,-0.27182],[-83.63399,-0.2748],[-83.63172,-0.27368],[-83.62898,-0.27637],[-83.62629,-0.2769],[-83.62406,-0.2818],[-83.61805,-0.28647],[-83.6146,-0.28483],[-83.61216,-0.28941],[-83.60963,-0.28983],[-83.60879,-0.29286],[-83.60529,-0.29496],[-83.60489,-0.29824],[-83.60734,-0.29994],[-83.60533,-0.30261],[-83.60265,-0.30397],[-83.60224,-0.3083],[-83.60064,-0.30817],[-83.59803,-0.31248],[-83.59778,-0.31531],[-83.59553,-0.32025],[-83.59336,-0.32239],[-83.59454,-0.32619],[-83.59426,-0.33006],[-83.58938,-0.33144],[-83.58584,-0.33437],[-83.58468,-0.33828],[-83.58609,-0.3451],[-83.58293,-0.34612],[-83.58063,-0.34999],[-83.58177,-0.35313],[-83.58058,-0.35501],[-83.58437,-0.36066],[-83.58026,-0.36025],[-83.57946,-0.36194],[-83.58145,-0.37148],[-83.58152,-0.37605],[-83.58276,-0.37935],[-83.58031,-0.38001],[-83.57907,-0.38318],[-83.57828,-0.39013],[-83.57706,-0.39069],[-83.57731,-0.39537],[-83.58179,-0.39789],[-83.58285,-0.40444],[-83.58448,-0.40903],[-83.58577,-0.41007],[-83.58434,-0.41603],[-83.58795,-0.42418],[-83.59148,-0.42506],[-83.59413,-0.43347],[-83.59025,-0.43486],[-83.58937,-0.43837],[-83.59037,-0.43989],[-83.58834,-0.44992],[-83.58783,-0.45471],[-83.58998,-0.45466],[-83.59406,-0.46278],[-83.59804,-0.4643],[-83.59874,-0.46841],[-83.60121,-0.47184],[-83.60173,-0.47413],[-83.60851,-0.47711],[-83.60874,-0.47871],[-83.6167,-0.48364],[-83.61801,-0.4878],[-83.62408,-0.48958],[-83.62469,-0.49272],[-83.62977,-0.49489],[-83.64099,-0.49414],[-83.64211,-0.4935],[-83.64651,-0.49577],[-83.65224,-0.49575],[-83.66021,-0.49864],[-83.66578,-0.4998],[-83.67108,-0.49929],[-83.67316,-0.50075],[-83.68022,-0.50166],[-83.68482,-0.50133],[-83.6917,-0.50227],[-83.69486,-0.50576],[-83.69884,-0.50514],[-83.70226,-0.50612],[-83.70767,-0.50641],[-83.70953,-0.50517],[-83.71445,-0.50509],[-83.71902,-0.50328],[-83.72103,-0.49929],[-83.72286,-0.49862],[-83.72643,-0.49985],[-83.72887,-0.49801],[-83.73446,-0.49776],[-83.73717,-0.49453],[-83.74075,-0.49416],[-83.74673,-0.49205],[-83.7497,-0.49254],[-83.75254,-0.49067],[-83.75814,-0.48986],[-83.76177,-0.49086],[-83.77089,-0.48912],[-83.77664,-0.48965],[-83.78286,-0.48694],[-83.78612,-0.48806],[-83.78914,-0.48638],[-83.7928,-0.48662],[-83.80106,-0.48565],[-83.80331,-0.48231],[-83.80933,-0.48086],[-83.81173,-0.47805],[-83.81283,-0.47231],[-83.811,-0.46996],[-83.81406,-0.46536],[-83.81501,-0.46197],[-83.81649,-0.46108],[-83.81988,-0.45583],[-83.82482,-0.45245],[-83.82682,-0.4478],[-83.82722,-0.4437],[-83.8301,-0.43843],[-83.83272,-0.42858],[-83.83588,-0.42499],[-83.83732,-0.42087],[-83.84045,-0.41894],[-83.84239,-0.41274],[-83.84467,-0.41157],[-83.84703,-0.40861],[-83.84766,-0.40312],[-83.85084,-0.39611],[-83.85202,-0.38963],[-83.851,-0.38249],[-83.85188,-0.38039],[-83.85159,-0.37255],[-83.85164,-0.35902],[-83.85291,-0.35701],[-83.85201,-0.35152],[-83.85329,-0.33973],[-83.85713,-0.33543],[-83.85978,-0.32552],[-83.86157,-0.32184],[-83.8618,-0.31582],[-83.86094,-0.31201],[-83.85911,-0.31009],[-83.85851,-0.30712],[-83.85624,-0.30468],[-83.85186,-0.30415],[-83.84475,-0.30018],[-83.84001,-0.2999],[-83.83772,-0.29864],[-83.83006,-0.30026],[-83.82439,-0.29893],[-83.82131,-0.29715],[-83.81767,-0.29652],[-83.81577,-0.29801],[-83.80808,-0.29764],[-83.80445,-0.29655],[-83.79189,-0.29834],[-83.78827,-0.29649],[-83.78226,-0.29781],[-83.78036,-0.29681],[-83.77606,-0.29772],[-83.76708,-0.29679],[-83.76017,-0.29683],[-83.75298,-0.29499],[-83.7474,-0.29263],[-83.73619,-0.28551],[-83.73328,-0.2842],[-83.72979,-0.28463],[-83.72311,-0.28257],[-83.72064,-0.2832],[-83.71478,-0.28213],[-83.70914,-0.28221],[-83.70411,-0.27839],[-83.70133,-0.27795],[-83.7002,-0.27476],[-83.69425,-0.27085],[-83.69334,-0.26934],[-83.68832,-0.26653],[-83.6879,-0.26522],[-83.68305,-0.26488],[-83.67833,-0.26242],[-83.67255,-0.26121],[-83.66571,-0.26243],[-83.66178,-0.26246],[-83.65967,-0.26005]]],[[[-82.99048,-0.14604],[-82.98574,-0.1477],[-82.98099,-0.14608],[-82.97876,-0.1484],[-82.9729,-0.14861],[-82.9716,-0.14998],[-82.96828,-0.15027],[-82.96621,-0.15179],[-82.96341,-0.15042],[-82.96041,-0.15139],[-82.95158,-0.15015],[-82.94918,-0.15051],[-82.9438,-0.15565],[-82.94158,-0.16157],[-82.93873,-0.16402],[-82.93484,-0.16574],[-82.92811,-0.16655],[-82.92319,-0.16944],[-82.91987,-0.16998],[-82.91627,-0.16904],[-82.91387,-0.17003],[-82.91122,-0.16942],[-82.90643,-0.17224],[-82.90334,-0.17229],[-82.90082,-0.17936],[-82.90017,-0.18697],[-82.89676,-0.18892],[-82.89258,-0.1893],[-82.88905,-0.18672],[-82.88632,-0.18824],[-82.88246,-0.18803],[-82.88093,-0.18948],[-82.87599,-0.19003],[-82.876,-0.19443],[-82.87386,-0.19618],[-82.86856,-0.19764],[-82.86464,-0.19652],[-82.86368,-0.19378],[-82.86029,-0.196],[-82.85741,-0.19604],[-82.85247,-0.19746],[-82.84858,-0.19557],[-82.84687,-0.1959],[-82.84534,-0.19944],[-82.84613,-0.20324],[-82.8404,-0.20376],[-82.83575,-0.20597],[-82.83208,-0.20985],[-82.82485,-0.20742],[-82.82414,-0.21006],[-82.82158,-0.21047],[-82.81945,-0.21378],[-82.81421,-0.21647],[-82.81211,-0.21594],[-82.80519,-0.21886],[-82.80523,-0.22339],[-82.8003,-0.22341],[-82.7973,-0.22905],[-82.79457,-0.22786],[-82.78885,-0.23131],[-82.78832,-0.23548],[-82.78611,-0.23731],[-82.78234,-0.23766],[-82.78287,-0.24058],[-82.7806,-0.24796],[-82.78138,-0.25113],[-82.78043,-0.25405],[-82.77604,-0.2576],[-82.77563,-0.26317],[-82.773,-0.26728],[-82.77387,-0.26923],[-82.77262,-0.27179],[-82.77382,-0.27447],[-82.77366,-0.27914],[-82.77533,-0.28162],[-82.77086,-0.28141],[-82.76594,-0.28431],[-82.76503,-0.28691],[-82.76606,-0.28927],[-82.76465,-0.29166],[-82.75962,-0.2935],[-82.75748,-0.29639],[-82.75481,-0.29729],[-82.75432,-0.29912],[-82.75108,-0.29914],[-82.74747,-0.30808],[-82.74654,-0.31429],[-82.74926,-0.32088],[-82.75615,-0.32234],[-82.76017,-0.32383],[-82.76226,-0.32361],[-82.76547,-0.32723],[-82.76765,-0.3282],[-82.76895,-0.33069],[-82.76696,-0.33258],[-82.76672,-0.33503],[-82.77092,-0.33714],[-82.77053,-0.33976],[-82.77404,-0.34825],[-82.77707,-0.34796],[-82.77681,-0.35467],[-82.77848,-0.36259],[-82.78186,-0.36411],[-82.78362,-0.36635],[-82.78631,-0.36647],[-82.78875,-0.37147],[-82.79225,-0.37043],[-82.79615,-0.37367],[-82.79956,-0.37513],[-82.80482,-0.37498],[-82.80954,-0.37201],[-82.81185,-0.37273],[-82.8145,-0.37147],[-82.81578,-0.36925],[-82.81815,-0.37012],[-82.82257,-0.36778],[-82.83004,-0.36939],[-82.83778,-0.36423],[-82.8416,-0.36447],[-82.84607,-0.3635],[-82.8493,-0.36186],[-82.85395,-0.36336],[-82.85728,-0.3555],[-82.86291,-0.35677],[-82.86491,-0.35395],[-82.86756,-0.35412],[-82.86954,-0.35064],[-82.86883,-0.34888],[-82.87088,-0.34669],[-82.87348,-0.34914],[-82.87377,-0.35176],[-82.87984,-0.35274],[-82.88123,-0.35127],[-82.88593,-0.35285],[-82.88898,-0.35266],[-82.89138,-0.35717],[-82.89374,-0.35482],[-82.89513,-0.35702],[-82.8982,-0.35408],[-82.90122,-0.35384],[-82.90238,-0.35225],[-82.90617,-0.35385],[-82.90731,-0.35609],[-82.91074,-0.35842],[-82.91623,-0.35875],[-82.92021,-0.35785],[-82.92452,-0.35496],[-82.92624,-0.3571],[-82.93039,-0.35819],[-82.93248,-0.36047],[-82.93492,-0.35897],[-82.93836,-0.35899],[-82.94055,-0.36038],[-82.9468,-0.35627],[-82.94826,-0.35327],[-82.95152,-0.35387],[-82.95292,-0.35101],[-82.95699,-0.35008],[-82.95807,-0.34766],[-82.96127,-0.34782],[-82.96372,-0.34376],[-82.96623,-0.34398],[-82.96831,-0.33835],[-82.96973,-0.33787],[-82.97191,-0.33424],[-82.97513,-0.33706],[-82.97884,-0.33794],[-82.98418,-0.33718],[-82.98648,-0.33265],[-82.98905,-0.33048],[-82.98877,-0.32853],[-82.99162,-0.32772],[-82.99506,-0.32806],[-82.99835,-0.33075],[-83.00224,-0.33524],[-83.00516,-0.33522],[-83.00894,-0.33171],[-83.01167,-0.33217],[-83.01685,-0.3303],[-83.01779,-0.32799],[-83.02029,-0.32662],[-83.02217,-0.32889],[-83.02523,-0.32814],[-83.03124,-0.33116],[-83.03305,-0.32919],[-83.03433,-0.32565],[-83.03118,-0.3151],[-83.03309,-0.31204],[-83.0319,-0.30981],[-83.03382,-0.30594],[-83.03151,-0.30326],[-83.03294,-0.30165],[-83.03315,-0.29684],[-83.03645,-0.29355],[-83.0403,-0.29133],[-83.0449,-0.29042],[-83.04457,-0.28515],[-83.04347,-0.28131],[-83.04713,-0.27774],[-83.04815,-0.27482],[-83.05129,-0.27408],[-83.05357,-0.27132],[-83.057,-0.27357],[-83.05718,-0.27543],[-83.06221,-0.27305],[-83.0655,-0.27076],[-83.06903,-0.2703],[-83.07123,-0.26575],[-83.07054,-0.26158],[-83.06867,-0.2612],[-83.06702,-0.2571],[-83.06902,-0.25232],[-83.06943,-0.24847],[-83.06781,-0.24335],[-83.06589,-0.24149],[-83.06131,-0.23955],[-83.06094,-0.24205],[-83.0582,-0.24308],[-83.0541,-0.24085],[-83.04973,-0.23493],[-83.05002,-0.23275],[-83.04658,-0.23014],[-83.04514,-0.22138],[-83.04294,-0.21855],[-83.03902,-0.21548],[-83.03663,-0.21494],[-83.03147,-0.20808],[-83.02863,-0.1997],[-83.03428,-0.19345],[-83.03504,-0.19117],[-83.03395,-0.18521],[-83.0382,-0.17799],[-83.03708,-0.17601],[-83.03208,-0.17219],[-83.02731,-0.17105],[-83.02608,-0.167],[-83.02289,-0.16527],[-83.02133,-0.16143],[-83.01854,-0.15942],[-83.01733,-0.15659],[-83.01091,-0.15314],[-83.00812,-0.15309],[-83.00635,-0.15009],[-82.99941,-0.15009],[-82.99586,-0.14936],[-82.99048,-0.14604]]],[[[-82.7081,-0.14519],[-82.71403,-0.14618],[-82.71897,-0.13822],[-82.71897,-0.13125],[-82.71106,-0.12628],[-82.69919,-0.11932],[-82.6992,-0.13425],[-82.7081,-0.14519]]],[[[-83.53495,0.15968],[-83.53756,0.15684],[-83.53425,0.15198],[-83.52989,0.14863],[-83.52872,0.14199],[-83.52546,0.13747],[-83.52329,0.13614],[-83.51893,0.13856],[-83.51696,0.13614],[-83.51114,0.13389],[-83.51083,0.13027],[-83.50816,0.12688],[-83.50764,0.12322],[-83.50594,0.12091],[-83.50306,0.11461],[-83.50365,0.10502],[-83.50292,0.10122],[-83.49704,0.09372],[-83.49826,0.08842],[-83.49646,0.08423],[-83.49412,0.08538],[-83.49299,0.08119],[-83.49388,0.07626],[-83.49046,0.07056],[-83.48815,0.0693],[-83.48606,0.06576],[-83.48953,0.06446],[-83.48914,0.06132],[-83.48381,0.06074],[-83.48134,0.05726],[-83.47638,0.05204],[-83.47418,0.04382],[-83.46773,0.04075],[-83.46281,0.03553],[-83.46159,0.03276],[-83.45785,0.0301],[-83.45674,0.02565],[-83.45017,0.02526],[-83.44354,0.01831],[-83.44085,0.01609],[-83.44117,0.01295],[-83.43806,0.00641],[-83.43506,0.0044],[-83.43075,0.00308],[-83.42729,0.00396],[-83.42442,0.00051],[-83.42188,0.00025],[-83.41717,-0.00498],[-83.41734,-0.00578],[-83.41399,-0.01555],[-83.41483,-0.01725],[-83.41175,-0.02015],[-83.40801,-0.01946],[-83.40601,-0.01729],[-83.39886,-0.02175],[-83.39738,-0.0282],[-83.39742,-0.03395],[-83.39581,-0.0404],[-83.39404,-0.04308],[-83.39533,-0.0507],[-83.39301,-0.05691],[-83.38992,-0.06137],[-83.39057,-0.06382],[-83.38871,-0.0666],[-83.38897,-0.07032],[-83.38726,-0.07775],[-83.38886,-0.07928],[-83.38641,-0.08138],[-83.38684,-0.08494],[-83.38539,-0.09704],[-83.38666,-0.09835],[-83.38569,-0.10182],[-83.38714,-0.10331],[-83.38498,-0.10652],[-83.38709,-0.11119],[-83.38657,-0.11423],[-83.38889,-0.11906],[-83.38689,-0.12352],[-83.38928,-0.12693],[-83.38961,-0.13033],[-83.38813,-0.13659],[-83.38925,-0.13807],[-83.38926,-0.14174],[-83.39137,-0.14741],[-83.39343,-0.15054],[-83.39126,-0.15271],[-83.39179,-0.15557],[-83.39004,-0.15751],[-83.38885,-0.16893],[-83.38955,-0.17292],[-83.38855,-0.17569],[-83.38723,-0.1844],[-83.3841,-0.19001],[-83.38502,-0.19759],[-83.38399,-0.203],[-83.38189,-0.2061],[-83.37962,-0.21401],[-83.37706,-0.2156],[-83.3764,-0.22076],[-83.37394,-0.22322],[-83.37123,-0.22337],[-83.36639,-0.22754],[-83.36432,-0.23238],[-83.3617,-0.23293],[-83.35717,-0.23788],[-83.35525,-0.24433],[-83.35104,-0.24634],[-83.35021,-0.24935],[-83.34606,-0.253],[-83.3428,-0.25426],[-83.34127,-0.25664],[-83.33651,-0.25975],[-83.33583,-0.26203],[-83.33184,-0.26403],[-83.32966,-0.26636],[-83.32581,-0.26856],[-83.32167,-0.26977],[-83.32052,-0.27216],[-83.31755,-0.27503],[-83.31582,-0.28149],[-83.31326,-0.28193],[-83.31033,-0.28562],[-83.31048,-0.29492],[-83.30672,-0.29592],[-83.30505,-0.29791],[-83.30054,-0.29794],[-83.29921,-0.30286],[-83.29967,-0.30517],[-83.30578,-0.30635],[-83.30914,-0.30448],[-83.31004,-0.3071],[-83.30295,-0.31164],[-83.29835,-0.31362],[-83.29477,-0.31698],[-83.29277,-0.31697],[-83.28948,-0.31943],[-83.2837,-0.32094],[-83.28051,-0.32377],[-83.27501,-0.32663],[-83.27185,-0.33025],[-83.26815,-0.33271],[-83.26324,-0.33402],[-83.26137,-0.33715],[-83.25813,-0.33996],[-83.253,-0.34277],[-83.24747,-0.3446],[-83.2443,-0.3438],[-83.24052,-0.34734],[-83.23767,-0.34891],[-83.22935,-0.35723],[-83.22603,-0.35846],[-83.22197,-0.36336],[-83.21839,-0.36492],[-83.21629,-0.36887],[-83.21032,-0.37369],[-83.20739,-0.37519],[-83.2053,-0.37832],[-83.20171,-0.3797],[-83.19906,-0.38233],[-83.19571,-0.39163],[-83.19188,-0.39317],[-83.18726,-0.39943],[-83.18753,-0.40314],[-83.18393,-0.40528],[-83.1812,-0.41068],[-83.17592,-0.41292],[-83.17294,-0.41671],[-83.17003,-0.41786],[-83.17028,-0.42195],[-83.16631,-0.42448],[-83.16339,-0.42898],[-83.16193,-0.42672],[-83.15872,-0.42455],[-83.1566,-0.42432],[-83.15237,-0.42174],[-83.14703,-0.42757],[-83.14997,-0.43415],[-83.15208,-0.43319],[-83.15473,-0.43468],[-83.15449,-0.43793],[-83.15226,-0.44543],[-83.15624,-0.4516],[-83.15489,-0.45388],[-83.1513,-0.45546],[-83.14576,-0.45996],[-83.14427,-0.46434],[-83.14542,-0.46615],[-83.14275,-0.46913],[-83.14217,-0.47391],[-83.14421,-0.47888],[-83.1428,-0.48255],[-83.14429,-0.48458],[-83.14448,-0.48804],[-83.14693,-0.49162],[-83.14535,-0.49601],[-83.14519,-0.5002],[-83.14281,-0.50294],[-83.14369,-0.50523],[-83.14629,-0.50756],[-83.14716,-0.51089],[-83.15059,-0.51348],[-83.14857,-0.51715],[-83.14976,-0.52088],[-83.14913,-0.52272],[-83.15014,-0.52716],[-83.14864,-0.52976],[-83.15118,-0.53653],[-83.14912,-0.54161],[-83.15319,-0.55027],[-83.15383,-0.55603],[-83.15606,-0.55822],[-83.15715,-0.5613],[-83.16037,-0.56039],[-83.16328,-0.56367],[-83.16642,-0.56224],[-83.16909,-0.56602],[-83.1707,-0.5703],[-83.17514,-0.57195],[-83.1752,-0.57429],[-83.17896,-0.57496],[-83.18037,-0.57691],[-83.17218,-0.57599],[-83.17018,-0.5737],[-83.16286,-0.5733],[-83.15935,-0.57381],[-83.15392,-0.57991],[-83.15258,-0.5807],[-83.15258,-0.58566],[-83.15427,-0.58612],[-83.15643,-0.59084],[-83.15643,-0.59601],[-83.15939,-0.59847],[-83.16043,-0.6032],[-83.15463,-0.60721],[-83.15656,-0.60866],[-83.15752,-0.61298],[-83.15536,-0.61293],[-83.15248,-0.6157],[-83.15223,-0.61829],[-83.14755,-0.61866],[-83.14462,-0.61561],[-83.14093,-0.61882],[-83.14149,-0.62089],[-83.13506,-0.62614],[-83.1277,-0.62391],[-83.1247,-0.62438],[-83.12212,-0.62611],[-83.11951,-0.62269],[-83.11508,-0.62062],[-83.11349,-0.62132],[-83.11133,-0.61811],[-83.10936,-0.61756],[-83.10862,-0.61439],[-83.10627,-0.61368],[-83.10403,-0.61043],[-83.10233,-0.61325],[-83.09949,-0.61158],[-83.09687,-0.60789],[-83.09402,-0.60802],[-83.09425,-0.61133],[-83.09178,-0.61629],[-83.09288,-0.62323],[-83.08879,-0.62444],[-83.08144,-0.6282],[-83.0818,-0.63258],[-83.08068,-0.63403],[-83.08237,-0.63704],[-83.08321,-0.64092],[-83.08082,-0.64148],[-83.07754,-0.64532],[-83.07504,-0.64665],[-83.07381,-0.65033],[-83.0708,-0.65055],[-83.06923,-0.64804],[-83.06566,-0.64742],[-83.06776,-0.65118],[-83.0624,-0.65223],[-83.063,-0.65515],[-83.05997,-0.65811],[-83.05825,-0.65829],[-83.05552,-0.6609],[-83.05828,-0.6627],[-83.0599,-0.66793],[-83.06035,-0.6724],[-83.05787,-0.67488],[-83.05428,-0.67456],[-83.05057,-0.67659],[-83.04908,-0.68084],[-83.04707,-0.68376],[-83.04334,-0.68338],[-83.0413,-0.68692],[-83.04527,-0.68855],[-83.04798,-0.69137],[-83.04818,-0.69593],[-83.04954,-0.69907],[-83.05226,-0.70111],[-83.05225,-0.70405],[-83.04922,-0.70501],[-83.04693,-0.70714],[-83.04055,-0.7068],[-83.03861,-0.70364],[-83.03668,-0.70278],[-83.03291,-0.70536],[-83.0282,-0.70459],[-83.02642,-0.70623],[-83.02531,-0.71174],[-83.02258,-0.71343],[-83.02348,-0.71639],[-83.02646,-0.71524],[-83.0293,-0.71605],[-83.03125,-0.72021],[-83.02849,-0.72301],[-83.02796,-0.7273],[-83.02344,-0.72323],[-83.01923,-0.72707],[-83.01523,-0.7262],[-83.01289,-0.72741],[-83.00912,-0.72537],[-83.00643,-0.72515],[-83.00514,-0.73249],[-83.01042,-0.73485],[-83.0138,-0.73492],[-83.01455,-0.73731],[-83.00806,-0.74097],[-83.00129,-0.74191],[-82.99747,-0.74393],[-82.99406,-0.74089],[-82.99165,-0.74008],[-82.98573,-0.74303],[-82.98539,-0.74496],[-82.98678,-0.74845],[-82.98563,-0.751],[-82.98153,-0.75668],[-82.98103,-0.75903],[-82.98281,-0.76111],[-82.9812,-0.76422],[-82.98316,-0.76571],[-82.98664,-0.77052],[-82.99222,-0.76978],[-82.99291,-0.77194],[-82.99551,-0.77359],[-82.99472,-0.77874],[-82.99751,-0.78255],[-83.00067,-0.78501],[-83.00542,-0.78651],[-83.01378,-0.78789],[-83.01581,-0.78922],[-83.02349,-0.7888],[-83.02495,-0.79066],[-83.02478,-0.79416],[-83.02308,-0.79713],[-83.02543,-0.79915],[-83.02696,-0.80665],[-83.02642,-0.81],[-83.02839,-0.81182],[-83.0279,-0.81658],[-83.02954,-0.81898],[-83.03073,-0.8231],[-83.02934,-0.82547],[-83.02919,-0.82879],[-83.03234,-0.83015],[-83.03429,-0.83354],[-83.04029,-0.83566],[-83.03818,-0.84039],[-83.0401,-0.84115],[-83.03982,-0.84539],[-83.03852,-0.84713],[-83.0385,-0.85063],[-83.03968,-0.85491],[-83.03828,-0.8592],[-83.03991,-0.85972],[-83.04592,-0.86419],[-83.0464,-0.86751],[-83.04473,-0.87189],[-83.04426,-0.87844],[-83.0473,-0.88116],[-83.05131,-0.88174],[-83.0521,-0.88435],[-83.04884,-0.89221],[-83.04854,-0.89793],[-83.0469,-0.89929],[-83.04738,-0.90389],[-83.0464,-0.90891],[-83.04834,-0.91358],[-83.05043,-0.91569],[-83.05918,-0.91824],[-83.06392,-0.91807],[-83.06644,-0.91678],[-83.07525,-0.91723],[-83.08113,-0.91454],[-83.08329,-0.91514],[-83.0879,-0.91953],[-83.08712,-0.92449],[-83.08896,-0.92965],[-83.09261,-0.93178],[-83.09597,-0.93799],[-83.09814,-0.93905],[-83.09815,-0.94365],[-83.10014,-0.94681],[-83.1035,-0.94981],[-83.10608,-0.95433],[-83.11203,-0.95576],[-83.11834,-0.95813],[-83.12204,-0.95812],[-83.12447,-0.96038],[-83.12653,-0.95914],[-83.12791,-0.96125],[-83.13255,-0.9637],[-83.13442,-0.96174],[-83.13753,-0.96418],[-83.14195,-0.96542],[-83.14753,-0.96397],[-83.15115,-0.96095],[-83.15312,-0.96038],[-83.15669,-0.96222],[-83.15799,-0.96087],[-83.15813,-0.96232],[-83.16246,-0.96238],[-83.1643,-0.95845],[-83.16667,-0.9589],[-83.1704,-0.95694],[-83.17373,-0.95692],[-83.17692,-0.95816],[-83.18143,-0.95666],[-83.18501,-0.95674],[-83.18954,-0.96221],[-83.192,-0.95952],[-83.19467,-0.96145],[-83.19769,-0.96772],[-83.1975,-0.97132],[-83.20081,-0.97104],[-83.20372,-0.97392],[-83.20555,-0.97394],[-83.20746,-0.97706],[-83.20832,-0.98078],[-83.21354,-0.98144],[-83.21374,-0.9841],[-83.21608,-0.98569],[-83.21898,-0.98927],[-83.22112,-0.98794],[-83.22707,-0.98838],[-83.23009,-0.98986],[-83.23262,-0.98934],[-83.23856,-0.99124],[-83.24018,-0.99265],[-83.23989,-0.99628],[-83.24536,-0.99608],[-83.24893,-0.9983],[-83.24983,-1.00132],[-83.25393,-0.99811],[-83.2604,-1.00051],[-83.26266,-1.00352],[-83.26117,-1.01128],[-83.26173,-1.01225],[-83.26829,-1.00966],[-83.27148,-1.00549],[-83.28042,-1.00573],[-83.28778,-1.00808],[-83.28986,-1.00956],[-83.29468,-1.01012],[-83.29797,-1.00888],[-83.29982,-1.0138],[-83.30344,-1.01469],[-83.30719,-1.01317],[-83.31148,-1.0134],[-83.31609,-1.01909],[-83.31859,-1.01711],[-83.32134,-1.01838],[-83.32316,-1.01741],[-83.32676,-1.02364],[-83.33075,-1.02502],[-83.33707,-1.02145],[-83.34025,-1.02675],[-83.33789,-1.0282],[-83.33898,-1.03077],[-83.34229,-1.03145],[-83.34599,-1.03375],[-83.34801,-1.03267],[-83.3495,-1.03473],[-83.35528,-1.03483],[-83.35894,-1.03741],[-83.36212,-1.03502],[-83.36507,-1.03673],[-83.36282,-1.04003],[-83.36246,-1.04332],[-83.36359,-1.04768],[-83.36785,-1.04428],[-83.37104,-1.04424],[-83.37334,-1.04564],[-83.37762,-1.05031],[-83.38031,-1.04798],[-83.38275,-1.04419],[-83.38498,-1.04611],[-83.39015,-1.04513],[-83.39681,-1.04607],[-83.40174,-1.044],[-83.40459,-1.04619],[-83.4116,-1.04651],[-83.41428,-1.0454],[-83.41708,-1.04251],[-83.41773,-1.04022],[-83.42042,-1.03945],[-83.42089,-1.03751],[-83.4245,-1.03449],[-83.42263,-1.03294],[-83.43178,-1.03093],[-83.43525,-1.03167],[-83.43864,-1.03104],[-83.4426,-1.02876],[-83.44562,-1.02998],[-83.44947,-1.0264],[-83.45458,-1.02785],[-83.45803,-1.02547],[-83.46506,-1.02428],[-83.46963,-1.02528],[-83.47858,-1.02177],[-83.48163,-1.021],[-83.48642,-1.02214],[-83.49103,-1.02057],[-83.49289,-1.01907],[-83.49762,-1.01858],[-83.5,-1.01723],[-83.50317,-1.01787],[-83.5054,-1.01683],[-83.50971,-1.01659],[-83.51489,-1.01731],[-83.51842,-1.01621],[-83.52569,-1.01709],[-83.5292,-1.01554],[-83.53484,-1.01811],[-83.53983,-1.01766],[-83.54199,-1.01597],[-83.54897,-1.01475],[-83.55561,-1.01725],[-83.56011,-1.01817],[-83.5707,-1.01929],[-83.57223,-1.02045],[-83.58024,-1.0224],[-83.58518,-1.02087],[-83.58923,-1.0213],[-83.59288,-1.01922],[-83.59574,-1.01947],[-83.59859,-1.01762],[-83.60265,-1.01741],[-83.60592,-1.01437],[-83.60698,-1.01191],[-83.61127,-1.01079],[-83.61659,-1.01203],[-83.62072,-1.01183],[-83.62431,-1.00635],[-83.62758,-1.00403],[-83.63262,-1.00406],[-83.64229,-0.99959],[-83.64378,-0.99784],[-83.64231,-0.99571],[-83.64562,-0.99285],[-83.64723,-0.98929],[-83.64695,-0.98427],[-83.64774,-0.97927],[-83.64566,-0.97795],[-83.64487,-0.97526],[-83.64727,-0.97048],[-83.6475,-0.96322],[-83.64856,-0.96012],[-83.64772,-0.95706],[-83.65572,-0.94906],[-83.65962,-0.94978],[-83.66443,-0.94787],[-83.6708,-0.94742],[-83.67497,-0.94456],[-83.68406,-0.94154],[-83.6893,-0.93655],[-83.69667,-0.92852],[-83.70064,-0.92745],[-83.70327,-0.92438],[-83.70716,-0.91663],[-83.70988,-0.91216],[-83.70964,-0.91054],[-83.71238,-0.90742],[-83.71158,-0.90432],[-83.71267,-0.89864],[-83.71089,-0.89655],[-83.71029,-0.89193],[-83.71195,-0.88961],[-83.70958,-0.883],[-83.71004,-0.88164],[-83.70814,-0.87784],[-83.70556,-0.87501],[-83.70434,-0.87111],[-83.70069,-0.86903],[-83.7008,-0.86391],[-83.69818,-0.85863],[-83.69511,-0.8569],[-83.69329,-0.85358],[-83.69046,-0.85126],[-83.68685,-0.84582],[-83.68114,-0.8438],[-83.67837,-0.83979],[-83.67356,-0.83623],[-83.67126,-0.83146],[-83.66571,-0.82949],[-83.66509,-0.82698],[-83.66017,-0.82517],[-83.65508,-0.82108],[-83.65341,-0.81753],[-83.64928,-0.81393],[-83.64445,-0.806],[-83.6399,-0.80301],[-83.63815,-0.79799],[-83.63448,-0.79578],[-83.63576,-0.7918],[-83.63369,-0.78712],[-83.63186,-0.7861],[-83.62592,-0.78613],[-83.62319,-0.78229],[-83.61948,-0.78292],[-83.61545,-0.7807],[-83.61102,-0.77597],[-83.61032,-0.77163],[-83.60443,-0.76692],[-83.59461,-0.76522],[-83.58748,-0.76196],[-83.58493,-0.76283],[-83.5808,-0.75914],[-83.57988,-0.75617],[-83.57686,-0.75405],[-83.57484,-0.75594],[-83.57099,-0.75346],[-83.57005,-0.75157],[-83.57082,-0.74719],[-83.56824,-0.74172],[-83.56316,-0.73867],[-83.55827,-0.73794],[-83.55743,-0.7362],[-83.55345,-0.73311],[-83.54794,-0.72338],[-83.54378,-0.72351],[-83.54336,-0.72127],[-83.53919,-0.71769],[-83.53682,-0.71695],[-83.53428,-0.71447],[-83.52995,-0.71675],[-83.52976,-0.7133],[-83.5279,-0.71205],[-83.52826,-0.70602],[-83.53085,-0.70418],[-83.52959,-0.69931],[-83.525,-0.69736],[-83.52053,-0.69085],[-83.51747,-0.69085],[-83.51528,-0.69314],[-83.51234,-0.693],[-83.50968,-0.69151],[-83.5066,-0.69355],[-83.49633,-0.69341],[-83.49524,-0.69194],[-83.48911,-0.69076],[-83.48591,-0.69251],[-83.47834,-0.69341],[-83.47599,-0.691],[-83.47232,-0.69371],[-83.46713,-0.6902],[-83.46584,-0.6878],[-83.46072,-0.68837],[-83.45735,-0.68788],[-83.45505,-0.69015],[-83.45088,-0.6884],[-83.44972,-0.6868],[-83.44987,-0.68068],[-83.44576,-0.67524],[-83.44141,-0.67398],[-83.43684,-0.67107],[-83.43208,-0.67105],[-83.43016,-0.66968],[-83.42486,-0.67179],[-83.42453,-0.66962],[-83.42183,-0.66763],[-83.41775,-0.66633],[-83.41541,-0.66782],[-83.41073,-0.66826],[-83.41085,-0.67395],[-83.40943,-0.67467],[-83.40561,-0.67353],[-83.40308,-0.67573],[-83.40094,-0.67914],[-83.38942,-0.67987],[-83.38557,-0.68639],[-83.38682,-0.68826],[-83.38467,-0.6912],[-83.38338,-0.68828],[-83.37747,-0.68626],[-83.37111,-0.68816],[-83.36746,-0.6855],[-83.36814,-0.68164],[-83.36516,-0.67932],[-83.3554,-0.67587],[-83.35233,-0.67604],[-83.34835,-0.6719],[-83.34613,-0.66835],[-83.34216,-0.66685],[-83.34096,-0.66506],[-83.34576,-0.66384],[-83.34571,-0.66064],[-83.34284,-0.65447],[-83.33947,-0.65518],[-83.33631,-0.65293],[-83.33298,-0.65282],[-83.33109,-0.65453],[-83.32769,-0.65254],[-83.32571,-0.65323],[-83.3224,-0.6522],[-83.32034,-0.64961],[-83.31711,-0.63917],[-83.30899,-0.63551],[-83.30647,-0.63585],[-83.30596,-0.63928],[-83.30286,-0.64125],[-83.29904,-0.64217],[-83.29196,-0.63895],[-83.28828,-0.63434],[-83.29006,-0.631],[-83.28907,-0.62828],[-83.28482,-0.62617],[-83.28225,-0.62303],[-83.28118,-0.61964],[-83.27905,-0.61724],[-83.27526,-0.61674],[-83.27297,-0.61746],[-83.27362,-0.61054],[-83.27565,-0.61003],[-83.27634,-0.60742],[-83.28026,-0.60258],[-83.27775,-0.59914],[-83.274,-0.59647],[-83.27523,-0.59516],[-83.28305,-0.59489],[-83.2844,-0.59107],[-83.28227,-0.58944],[-83.28876,-0.58616],[-83.2898,-0.58451],[-83.29326,-0.58768],[-83.29603,-0.58714],[-83.29821,-0.58244],[-83.29773,-0.5774],[-83.3003,-0.57644],[-83.30169,-0.57393],[-83.30167,-0.57078],[-83.30718,-0.56803],[-83.30884,-0.56886],[-83.312,-0.5677],[-83.32009,-0.56264],[-83.3233,-0.56182],[-83.32559,-0.55923],[-83.33158,-0.55644],[-83.33239,-0.55451],[-83.33538,-0.55233],[-83.33844,-0.54799],[-83.34134,-0.54841],[-83.34413,-0.54602],[-83.34652,-0.54234],[-83.35125,-0.5387],[-83.35232,-0.53659],[-83.35581,-0.53406],[-83.35655,-0.53159],[-83.36037,-0.52759],[-83.36241,-0.52711],[-83.36477,-0.52442],[-83.36692,-0.51993],[-83.37028,-0.51818],[-83.37175,-0.51514],[-83.37482,-0.51225],[-83.37905,-0.5104],[-83.38116,-0.51096],[-83.3842,-0.50815],[-83.38654,-0.50753],[-83.39152,-0.50197],[-83.39763,-0.49975],[-83.40125,-0.49729],[-83.4034,-0.49425],[-83.40758,-0.49224],[-83.41075,-0.4887],[-83.41319,-0.48796],[-83.41377,-0.4849],[-83.41707,-0.48177],[-83.42144,-0.47575],[-83.42126,-0.47253],[-83.42475,-0.46863],[-83.42398,-0.46305],[-83.4278,-0.44914],[-83.42597,-0.44491],[-83.42747,-0.43869],[-83.42786,-0.43223],[-83.42675,-0.43055],[-83.42813,-0.42756],[-83.42649,-0.42367],[-83.42623,-0.41909],[-83.42768,-0.41692],[-83.42761,-0.41357],[-83.42443,-0.40235],[-83.42384,-0.39765],[-83.42605,-0.39435],[-83.43204,-0.39449],[-83.43663,-0.39714],[-83.44041,-0.39547],[-83.44019,-0.3887],[-83.44403,-0.38837],[-83.44611,-0.3854],[-83.45636,-0.38212],[-83.45947,-0.3835],[-83.46117,-0.38241],[-83.46261,-0.37882],[-83.46965,-0.37567],[-83.47256,-0.37321],[-83.46997,-0.37112],[-83.47155,-0.36832],[-83.47541,-0.36619],[-83.47826,-0.36199],[-83.48172,-0.35964],[-83.4805,-0.35795],[-83.48516,-0.3533],[-83.48707,-0.35473],[-83.49159,-0.35256],[-83.49472,-0.35196],[-83.49783,-0.34793],[-83.50295,-0.34871],[-83.50781,-0.34665],[-83.50978,-0.34501],[-83.51307,-0.34539],[-83.52301,-0.34163],[-83.52467,-0.33785],[-83.52958,-0.33662],[-83.53477,-0.33349],[-83.53661,-0.33091],[-83.53633,-0.32864],[-83.53839,-0.3243],[-83.54681,-0.31939],[-83.54809,-0.31397],[-83.55196,-0.31252],[-83.55323,-0.3098],[-83.55388,-0.30476],[-83.55739,-0.30296],[-83.55745,-0.29393],[-83.56279,-0.29116],[-83.56497,-0.28461],[-83.56529,-0.27837],[-83.56615,-0.27324],[-83.57017,-0.27127],[-83.57124,-0.26639],[-83.56931,-0.26238],[-83.5695,-0.26018],[-83.57237,-0.26003],[-83.57615,-0.26566],[-83.57851,-0.26795],[-83.58118,-0.26823],[-83.5859,-0.26087],[-83.58802,-0.25976],[-83.5863,-0.25685],[-83.58781,-0.25416],[-83.58674,-0.24563],[-83.58941,-0.24284],[-83.58998,-0.23849],[-83.59154,-0.23436],[-83.59194,-0.22681],[-83.59387,-0.22313],[-83.59226,-0.22122],[-83.59127,-0.21396],[-83.59321,-0.20924],[-83.59161,-0.20692],[-83.58846,-0.20697],[-83.58687,-0.20908],[-83.58313,-0.20819],[-83.58129,-0.2056],[-83.58364,-0.19952],[-83.58298,-0.19656],[-83.58549,-0.1921],[-83.59023,-0.18941],[-83.59069,-0.18685],[-83.59365,-0.18273],[-83.59853,-0.1707],[-83.60375,-0.16607],[-83.60492,-0.15981],[-83.60393,-0.15512],[-83.60573,-0.15233],[-83.60475,-0.14968],[-83.60681,-0.13448],[-83.60548,-0.13272],[-83.60588,-0.12615],[-83.6031,-0.12168],[-83.60306,-0.11775],[-83.60712,-0.10708],[-83.60495,-0.10336],[-83.6048,-0.09538],[-83.60795,-0.07995],[-83.60744,-0.07847],[-83.60896,-0.06644],[-83.60684,-0.06359],[-83.60604,-0.05973],[-83.60915,-0.05407],[-83.60903,-0.04955],[-83.6105,-0.04824],[-83.61026,-0.04381],[-83.61198,-0.04057],[-83.61825,-0.03647],[-83.6188,-0.03093],[-83.62158,-0.02968],[-83.628,-0.02409],[-83.62839,-0.02288],[-83.63269,-0.02151],[-83.63646,-0.01822],[-83.64384,-0.01718],[-83.64918,-0.01694],[-83.65266,-0.01459],[-83.65936,-0.0155],[-83.67226,-0.01504],[-83.67782,-0.01702],[-83.67858,-0.01879],[-83.682,-0.01948],[-83.68368,-0.02145],[-83.68666,-0.0217],[-83.69068,-0.02586],[-83.70026,-0.0296],[-83.70215,-0.03153],[-83.70865,-0.03397],[-83.71563,-0.0384],[-83.71889,-0.03868],[-83.72418,-0.04051],[-83.73117,-0.03929],[-83.73461,-0.03962],[-83.73812,-0.04339],[-83.74431,-0.04504],[-83.74627,-0.04699],[-83.74756,-0.05029],[-83.75374,-0.04821],[-83.75837,-0.04849],[-83.76066,-0.04973],[-83.76137,-0.05391],[-83.76463,-0.05043],[-83.76802,-0.04807],[-83.77063,-0.03818],[-83.77247,-0.03546],[-83.77472,-0.02996],[-83.77786,-0.02754],[-83.77938,-0.0227],[-83.78196,-0.02288],[-83.78594,-0.01783],[-83.78857,-0.01722],[-83.78967,-0.01504],[-83.79432,-0.01117],[-83.79286,-0.00795],[-83.793,-0.00545],[-83.7882,0.0018],[-83.78742,0.00612],[-83.78412,0.00624],[-83.78037,0.00804],[-83.7782,0.00738],[-83.77381,0.01114],[-83.77165,0.01494],[-83.76995,0.01431],[-83.76494,0.01586],[-83.76379,0.01823],[-83.76116,0.01951],[-83.75693,0.0182],[-83.75425,0.0195],[-83.75283,0.02204],[-83.75035,0.02231],[-83.74778,0.02502],[-83.742,0.02708],[-83.7353,0.02775],[-83.7305,0.0321],[-83.72205,0.03645],[-83.71858,0.04261],[-83.71711,0.04677],[-83.7087,0.0526],[-83.7097,0.05651],[-83.70793,0.06088],[-83.7048,0.06443],[-83.69936,0.06533],[-83.69826,0.06694],[-83.69904,0.07334],[-83.69655,0.07697],[-83.69342,0.07922],[-83.69109,0.07901],[-83.69211,0.08416],[-83.69508,0.08566],[-83.69333,0.0882],[-83.69101,0.08921],[-83.6914,0.09139],[-83.69016,0.09481],[-83.69081,0.09891],[-83.68403,0.10224],[-83.68263,0.10138],[-83.67542,0.1056],[-83.67353,0.1082],[-83.67064,0.10669],[-83.66555,0.10629],[-83.66106,0.10843],[-83.65768,0.10862],[-83.65394,0.11132],[-83.65113,0.10878],[-83.6467,0.1104],[-83.64259,0.10761],[-83.63805,0.11031],[-83.63083,0.11147],[-83.62696,0.11614],[-83.61501,0.12024],[-83.61098,0.11848],[-83.60891,0.12155],[-83.60186,0.12257],[-83.60107,0.12537],[-83.59927,0.12654],[-83.59522,0.1258],[-83.59265,0.12409],[-83.58765,0.12687],[-83.58607,0.13426],[-83.58385,0.13583],[-83.57899,0.1358],[-83.57878,0.14012],[-83.57493,0.14173],[-83.57453,0.14543],[-83.57126,0.14547],[-83.56735,0.14926],[-83.56714,0.15312],[-83.56546,0.15769],[-83.5623,0.16072],[-83.55862,0.16154],[-83.55624,0.15965],[-83.55177,0.15884],[-83.54884,0.15965],[-83.54336,0.16402],[-83.53871,0.16021],[-83.53495,0.15968]]],[[[-82.14514,0.34285],[-82.14165,0.33611],[-82.13959,0.33536],[-82.13829,0.32935],[-82.13586,0.32317],[-82.13822,0.31862],[-82.13737,0.31668],[-82.14006,0.31463],[-82.14326,0.30919],[-82.14237,0.30644],[-82.14475,0.30329],[-82.14526,0.3005],[-82.14887,0.29963],[-82.15359,0.30086],[-82.15372,0.30319],[-82.14662,0.30554],[-82.14505,0.30734],[-82.14522,0.31287],[-82.14871,0.3185],[-82.15564,0.31723],[-82.15773,0.31767],[-82.16367,0.31282],[-82.16377,0.30751],[-82.16725,0.30728],[-82.17043,0.30909],[-82.1752,0.31368],[-82.17683,0.31426],[-82.17805,0.31737],[-82.17769,0.32457],[-82.17557,0.33098],[-82.17208,0.33627],[-82.17169,0.33845],[-82.16873,0.33984],[-82.16522,0.33945],[-82.16144,0.34138],[-82.15878,0.34409],[-82.15431,0.34638],[-82.15022,0.34617],[-82.1474,0.3429],[-82.14514,0.34285]]],[[[-82.67876,0.3875],[-82.67447,0.38543],[-82.6711,0.38639],[-82.66491,0.38498],[-82.6615,0.3858],[-82.65552,0.37893],[-82.65217,0.37768],[-82.65177,0.37513],[-82.6497,0.37387],[-82.64911,0.37087],[-82.64725,0.36795],[-82.64296,0.36575],[-82.64044,0.36555],[-82.63673,0.36339],[-82.63578,0.36068],[-82.63024,0.35612],[-82.62995,0.35508],[-82.61971,0.34658],[-82.61857,0.34301],[-82.61131,0.33514],[-82.60631,0.32907],[-82.6057,0.32736],[-82.60174,0.32301],[-82.60206,0.31791],[-82.60695,0.31228],[-82.60678,0.30744],[-82.61074,0.30545],[-82.61459,0.29976],[-82.62494,0.29209],[-82.62995,0.28986],[-82.63187,0.2905],[-82.63669,0.28718],[-82.63982,0.28739],[-82.64532,0.2847],[-82.64811,0.28493],[-82.65066,0.28377],[-82.65422,0.28477],[-82.65546,0.28328],[-82.66376,0.28106],[-82.66888,0.27813],[-82.68,0.2772],[-82.68236,0.27754],[-82.68898,0.28264],[-82.70183,0.28728],[-82.70341,0.29092],[-82.70726,0.29318],[-82.70825,0.3002],[-82.71061,0.30166],[-82.71435,0.30201],[-82.71821,0.30371],[-82.72209,0.30227],[-82.72402,0.30346],[-82.72351,0.30635],[-82.73082,0.30916],[-82.73526,0.31187],[-82.73714,0.31166],[-82.73965,0.31387],[-82.73949,0.32029],[-82.73881,0.32308],[-82.74081,0.32724],[-82.74244,0.33305],[-82.74095,0.33635],[-82.74309,0.34524],[-82.74255,0.34907],[-82.74065,0.35523],[-82.73652,0.36032],[-82.73666,0.36198],[-82.73297,0.36429],[-82.73037,0.36693],[-82.72994,0.36918],[-82.72638,0.37112],[-82.72355,0.37098],[-82.71726,0.37537],[-82.71443,0.37555],[-82.70929,0.37906],[-82.70084,0.38372],[-82.69732,0.38399],[-82.69544,0.38624],[-82.69195,0.38601],[-82.68571,0.38747],[-82.68223,0.38661],[-82.67876,0.3875]]],[[[-82.96993,0.63992],[-82.96805,0.63923],[-82.9632,0.63986],[-82.95902,0.63416],[-82.95778,0.62752],[-82.95657,0.62525],[-82.9532,0.62227],[-82.94716,0.6188],[-82.93983,0.60785],[-82.93532,0.60338],[-82.93425,0.60332],[-82.92963,0.59889],[-82.92929,0.59646],[-82.92526,0.58649],[-82.92414,0.57811],[-82.92122,0.57381],[-82.92009,0.56821],[-82.91804,0.56526],[-82.91911,0.55993],[-82.91869,0.55634],[-82.91722,0.55525],[-82.91997,0.54788],[-82.9196,0.54642],[-82.92178,0.54119],[-82.9246,0.54065],[-82.92795,0.54219],[-82.93095,0.54587],[-82.93795,0.54565],[-82.94146,0.54126],[-82.94733,0.54312],[-82.95103,0.54534],[-82.9528,0.54414],[-82.95713,0.54451],[-82.96206,0.54613],[-82.9627,0.54721],[-82.96852,0.55015],[-82.96939,0.55167],[-82.9739,0.55146],[-82.97995,0.55242],[-82.98004,0.5544],[-82.98335,0.56183],[-82.98198,0.56561],[-82.98259,0.57064],[-82.98361,0.57247],[-82.98423,0.57755],[-82.98287,0.57991],[-82.98318,0.58392],[-82.98525,0.59064],[-82.98866,0.59397],[-82.98776,0.59693],[-82.98939,0.59959],[-82.98935,0.60393],[-82.99053,0.60593],[-82.98964,0.60913],[-82.98776,0.61092],[-82.98736,0.61987],[-82.98928,0.6265],[-82.98468,0.63204],[-82.98475,0.63624],[-82.9831,0.6401],[-82.97911,0.64389],[-82.97609,0.64308],[-82.96993,0.63992]]],[[[-84.01469,1.376],[-84.01925,1.37429],[-84.02226,1.3764],[-84.01755,1.37852],[-84.01719,1.38265],[-84.01832,1.38661],[-84.02055,1.39103],[-84.01809,1.39472],[-84.01731,1.39284],[-84.01808,1.38836],[-84.01627,1.38607],[-84.01223,1.38408],[-84.01154,1.38104],[-84.01469,1.376]]],[[[-84.19876,1.67918],[-84.19921,1.67464],[-84.20344,1.67546],[-84.20485,1.67464],[-84.20769,1.67815],[-84.20759,1.68094],[-84.2046,1.68158],[-84.20056,1.68079],[-84.19876,1.67918]]]]},"properties":{"codigo":"20","nombre":"GALÁPAGOS","nivel":"Provincia","codigo_provincia":"20","provincia":"GALÁPAGOS"},"id":"20"},{"type":"Feature","geometry":{"type":"MultiPolygon","coordinates":[[[[-80.129406615,-2.701945111],[-80.139580261,-2.702567531],[-80.140805948,-2.699329902],[-80.137317572,-2.696586456],[-80.130553632,-2.695514183],[-80.126730468,-2.695565709],[-80.124211402,-2.695989055],[-80.125000892,-2.698956732],[-80.129406615,-2.701945111]]],[[[-80.032581603,-2.675575282],[-80.027192078,-2.677353023],[-80.022874673,-2.676987739],[-80.014138872,-2.678844139],[-80.010494319,-2.680722705],[-80.005252856,-2.684586307],[-79.996023629,-2.687766798],[-79.988343271,-2.691806388],[-79.979944784,-2.698118392],[-79.977391368,-2.703318582],[-79.972035611,-2.707574538],[-79.967606356,-2.711804113],[-79.955134792,-2.716596571],[-79.951096753,-2.71561613],[-79.947830754,-2.71644547],[-79.944248315,-2.719119818],[-79.936510346,-2.721446742],[-79.932019146,-2.724355414],[-79.928417709,-2.728115137],[-79.919293871,-2.73104672],[-79.912624862,-2.734939273],[-79.911167754,-2.737685688],[-79.905084343,-2.737655063],[-79.90231251,-2.739063604],[-79.899905957,-2.744325829],[-79.903056101,-2.752234455],[-79.902826173,-2.757742916],[-79.906407975,-2.765814772],[-79.906477651,-2.768311381],[-79.909604629,-2.772104324],[-79.911193286,-2.775995343],[-79.917047162,-2.778488253],[-79.924219711,-2.785089011],[-79.927420278,-2.787199547],[-79.931283528,-2.792648482],[-79.935043321,-2.793149416],[-79.943796207,-2.793202584],[-79.948743062,-2.794165873],[-79.953610517,-2.793383275],[-79.959952762,-2.793208022],[-79.965979528,-2.793756105],[-79.974126794,-2.797245857],[-79.979095273,-2.80450483],[-79.982459956,-2.80430877],[-79.993071339,-2.808922253],[-79.996443019,-2.811096137],[-79.998554737,-2.813874993],[-80.002141914,-2.816564661],[-80.005536967,-2.82304432],[-80.006422517,-2.829015263],[-80.008937678,-2.833486018],[-80.019265412,-2.844232173],[-80.021154663,-2.844233785],[-80.022771439,-2.847301679],[-80.02258583,-2.854031574],[-80.024967131,-2.857326268],[-80.030093003,-2.859908679],[-80.031574561,-2.863338292],[-80.031076409,-2.867308971],[-80.033683651,-2.869436948],[-80.03799764,-2.874714308],[-80.041047878,-2.885056254],[-80.041180821,-2.887453507],[-80.045002177,-2.890206671],[-80.04607746,-2.895399883],[-80.047515075,-2.897662555],[-80.051247189,-2.899601512],[-80.053358696,-2.902941205],[-80.053625932,-2.906152705],[-80.055781535,-2.910577938],[-80.058118709,-2.913058467],[-80.060539298,-2.912608205],[-80.063597378,-2.91373245],[-80.064088151,-2.918653813],[-80.065613259,-2.923983107],[-80.065618885,-2.928053754],[-80.070015509,-2.931711964],[-80.073479981,-2.931072593],[-80.074737998,-2.933018505],[-80.079227864,-2.932750849],[-80.081969757,-2.9355483],[-80.08528937,-2.936039514],[-80.093910895,-2.933468475],[-80.097600422,-2.943901453],[-80.094367645,-2.947245818],[-80.093780293,-2.950357141],[-80.094587179,-2.953921901],[-80.094547045,-2.959032826],[-80.096021842,-2.960020043],[-80.09759615,-2.971446362],[-80.101505227,-2.977501308],[-80.104293828,-2.978353909],[-80.107250951,-2.98223704],[-80.110896706,-2.99135835],[-80.113450203,-2.993712381],[-80.114175656,-2.997910307],[-80.116413781,-3.000843024],[-80.118797834,-3.001342486],[-80.119513799,-3.006173627],[-80.123920762,-3.008746254],[-80.124772042,-3.013170438],[-80.124235301,-3.020488221],[-80.134879834,-3.020804354],[-80.139818112,-3.022970297],[-80.14682759,-3.023102498],[-80.154054014,-3.021977421],[-80.161605585,-3.019269476],[-80.162499071,-3.015787422],[-80.16788911,-3.015610654],[-80.169282289,-3.017638052],[-80.170678431,-3.027616984],[-80.181318251,-3.03448208],[-80.188460259,-3.038096902],[-80.192687232,-3.041166731],[-80.197132229,-3.041486679],[-80.201578463,-3.040133066],[-80.211462808,-3.034576952],[-80.220757776,-3.035162678],[-80.230864139,-3.03362304],[-80.237640459,-3.032949389],[-80.250538269,-3.028616224],[-80.252823691,-3.028889198],[-80.257360306,-3.026856914],[-80.260151792,-3.023964014],[-80.261181002,-3.018953063],[-80.265803364,-3.009738011],[-80.267874127,-3.008020608],[-80.273941066,-3.004903695],[-80.273124187,-3.001926905],[-80.268055758,-2.991990641],[-80.266574354,-2.987023215],[-80.26567084,-2.979034705],[-80.264907802,-2.976320297],[-80.262077916,-2.955955133],[-80.262394777,-2.953024337],[-80.262168862,-2.940829743],[-80.262707634,-2.928771349],[-80.260867572,-2.92195825],[-80.260816928,-2.903033304],[-80.261137233,-2.89471994],[-80.262126135,-2.88203763],[-80.261807146,-2.874402317],[-80.262975713,-2.862027688],[-80.25857224,-2.854036927],[-80.257900589,-2.849151474],[-80.257988575,-2.838178332],[-80.257408174,-2.831275608],[-80.255879711,-2.829691516],[-80.252380447,-2.828875086],[-80.248166422,-2.820314537],[-80.244618733,-2.810931208],[-80.239852638,-2.793631577],[-80.23495619,-2.783288472],[-80.226405903,-2.775050757],[-80.224570968,-2.774542958],[-80.221209068,-2.770334226],[-80.217500019,-2.760498489],[-80.217868255,-2.747643998],[-80.22059786,-2.741838088],[-80.21930418,-2.739114315],[-80.21259555,-2.735328571],[-80.208297694,-2.731870064],[-80.203153072,-2.730184047],[-80.194156337,-2.731272611],[-80.189631894,-2.730455395],[-80.182571866,-2.727763873],[-80.183067998,-2.725755959],[-80.181567893,-2.72247117],[-80.174670017,-2.719553578],[-80.164594199,-2.720206978],[-80.158200051,-2.717461534],[-80.154925309,-2.717839173],[-80.151399912,-2.716461679],[-80.147848463,-2.713763426],[-80.145653395,-2.713906608],[-80.140293111,-2.712220217],[-80.136283451,-2.708779837],[-80.123753835,-2.706853032],[-80.117435636,-2.698896961],[-80.111448951,-2.692867928],[-80.107024195,-2.691435408],[-80.102157961,-2.690979516],[-80.097544461,-2.689365908],[-80.092724985,-2.686530926],[-80.084296469,-2.686262272],[-80.08301827,-2.687401099],[-80.078826145,-2.68775072],[-80.072737289,-2.686380153],[-80.073044558,-2.684489788],[-80.06855811,-2.681528346],[-80.063809964,-2.679697432],[-80.05890827,-2.6787167],[-80.049419088,-2.677623833],[-80.036674879,-2.674990541],[-80.035577062,-2.675505287],[-80.032581603,-2.675575282]]],[[[-79.908727894,-2.67682764],[-79.911863459,-2.68095518],[-79.916587612,-2.678878928],[-79.918137115,-2.676166655],[-79.916317827,-2.66855778],[-79.913659052,-2.664349271],[-79.911166799,-2.665143061],[-79.909425307,-2.671382889],[-79.908727894,-2.67682764]]],[[[-80.183476191,-2.666720789],[-80.186525317,-2.667256544],[-80.189089556,-2.666471225],[-80.189801845,-2.66395685],[-80.183229422,-2.658968034],[-80.181665436,-2.657112523],[-80.176180773,-2.653264232],[-80.172258008,-2.654428556],[-80.173074062,-2.658228498],[-80.174539282,-2.659785426],[-80.183476191,-2.666720789]]],[[[-80.190131478,-2.655073688],[-80.192676694,-2.655835243],[-80.20005395,-2.654311252],[-80.199982841,-2.652981409],[-80.195964876,-2.648338076],[-80.188195177,-2.644768779],[-80.184020836,-2.645525908],[-80.181752976,-2.647098444],[-80.185069722,-2.650990507],[-80.190131478,-2.655073688]]],[[[-79.79978471,-2.533775985],[-79.804688867,-2.540636776],[-79.808197792,-2.539075221],[-79.815728676,-2.525586743],[-79.815911811,-2.521977876],[-79.814638634,-2.517671197],[-79.812200258,-2.518944337],[-79.80626605,-2.527206169],[-79.799480423,-2.53215662],[-79.79978471,-2.533775985]]],[[[-79.83964642,-2.659496487],[-79.847026025,-2.664776838],[-79.856245681,-2.664568392],[-79.864921955,-2.658606536],[-79.869411905,-2.656801607],[-79.880206215,-2.655943133],[-79.885541584,-2.654211264],[-79.888774062,-2.650397023],[-79.889172179,-2.647756121],[-79.888392084,-2.634901885],[-79.885688447,-2.620580577],[-79.883080903,-2.619646565],[-79.881897502,-2.605118595],[-79.880743592,-2.59791743],[-79.879397251,-2.594750343],[-79.873973169,-2.575017533],[-79.869785682,-2.560541221],[-79.868755331,-2.556035716],[-79.863526113,-2.539830852],[-79.862407602,-2.533299122],[-79.861650811,-2.524497332],[-79.861808337,-2.5087857],[-79.859741043,-2.496970672],[-79.856753848,-2.488139815],[-79.855669795,-2.483326753],[-79.851792802,-2.473898147],[-79.848711585,-2.469870298],[-79.845363818,-2.472517652],[-79.839806532,-2.482245505],[-79.833713267,-2.497951737],[-79.830872194,-2.507166309],[-79.825627069,-2.519426926],[-79.82261083,-2.533209106],[-79.81755374,-2.546075801],[-79.81659429,-2.552777408],[-79.819079745,-2.559120395],[-79.822182961,-2.568548378],[-79.824841872,-2.581919678],[-79.826599231,-2.587854978],[-79.829551224,-2.595500944],[-79.831325618,-2.602485519],[-79.832188092,-2.603526525],[-79.834958953,-2.612565308],[-79.83589629,-2.62020942],[-79.835914325,-2.62987881],[-79.835547303,-2.637684516],[-79.835844787,-2.646621501],[-79.835445298,-2.650619123],[-79.837121731,-2.656536301],[-79.83964642,-2.659496487]]],[[[-79.794472752,-2.530315787],[-79.796118555,-2.530317323],[-79.804136088,-2.52557607],[-79.809259587,-2.518742645],[-79.813689056,-2.51354572],[-79.817130955,-2.506412192],[-79.825138255,-2.492715911],[-79.827661889,-2.486486],[-79.829713237,-2.475253629],[-79.832841326,-2.466726718],[-79.84129669,-2.454242602],[-79.842397609,-2.449865638],[-79.841588803,-2.438712088],[-79.839645663,-2.428959583],[-79.838574764,-2.419280202],[-79.836854287,-2.412051539],[-79.834653553,-2.409109931],[-79.832765387,-2.40873745],[-79.826297143,-2.411599207],[-79.8209603,-2.416397586],[-79.818961645,-2.41900991],[-79.813170126,-2.429524402],[-79.809955205,-2.434632092],[-79.806377619,-2.443049974],[-79.805014937,-2.44842159],[-79.80394111,-2.462657724],[-79.802934526,-2.472000471],[-79.803782015,-2.479644405],[-79.803390542,-2.484944515],[-79.802297619,-2.490207802],[-79.800828543,-2.493725025],[-79.797541174,-2.499049598],[-79.786827288,-2.512010375],[-79.784258821,-2.517814926],[-79.783932804,-2.520247751],[-79.788675579,-2.526430005],[-79.794472752,-2.530315787]]],[[[-79.56577876,-0.849013106],[-79.560517147,-0.851860451],[-79.554864182,-0.851085699],[-79.553888889,-0.848611111],[-79.542509625,-0.849516727],[-79.535047409,-0.847883641],[-79.53225053,-0.850058182],[-79.527282735,-0.856530178],[-79.525012058,-0.861581251],[-79.522132709,-0.855509527],[-79.518586868,-0.850860219],[-79.506969528,-0.858210818],[-79.509681167,-0.864064845],[-79.51172521,-0.8644702],[-79.513493404,-0.874113945],[-79.512749284,-0.875261903],[-79.516796288,-0.880956324],[-79.519142119,-0.885958554],[-79.518722769,-0.891669015],[-79.520855933,-0.89371777],[-79.520977429,-0.896579241],[-79.523440517,-0.899524785],[-79.522078292,-0.901614087],[-79.524101237,-0.90870734],[-79.527695005,-0.914028032],[-79.527596105,-0.915072063],[-79.530096297,-0.916926453],[-79.53219753,-0.92522375],[-79.534742371,-0.928420165],[-79.536437561,-0.927770224],[-79.537798527,-0.931671517],[-79.539409304,-0.932234205],[-79.542836167,-0.930518384],[-79.545841337,-0.935226045],[-79.545540424,-0.939372757],[-79.54696268,-0.942591969],[-79.542432764,-0.946307018],[-79.541986395,-0.950364753],[-79.54449458,-0.955483293],[-79.550900309,-0.958499244],[-79.552525054,-0.961564173],[-79.556707062,-0.959707241],[-79.563908474,-0.962938791],[-79.563324577,-0.964107988],[-79.53058103,-0.964108121],[-79.52764124,-0.965216437],[-79.525336416,-0.967702797],[-79.52462995,-0.971689463],[-79.531590787,-0.973560618],[-79.539463307,-0.977794742],[-79.543433674,-0.977716738],[-79.545591207,-0.974942058],[-79.549216683,-0.976262121],[-79.54939932,-0.979891706],[-79.551011369,-0.981509543],[-79.553567937,-0.979584745],[-79.557529239,-0.979151971],[-79.561528371,-0.983354652],[-79.560434322,-0.987143696],[-79.563920392,-0.992197069],[-79.56733877,-0.994427111],[-79.573510145,-1.002097609],[-79.573591753,-1.003918567],[-79.569155529,-1.006598927],[-79.570443348,-1.009585251],[-79.574254267,-1.01149984],[-79.576864487,-1.018948397],[-79.577120176,-1.026780667],[-79.577909269,-1.028211857],[-79.575380192,-1.035186541],[-79.576601593,-1.039177606],[-79.57484762,-1.041019168],[-79.574907743,-1.047778669],[-79.580239684,-1.05222186],[-79.582211352,-1.05523865],[-79.585738515,-1.056639904],[-79.587427369,-1.058768038],[-79.585220537,-1.060721544],[-79.585545546,-1.06407789],[-79.58806555,-1.067625891],[-79.59175647,-1.07111918],[-79.595885822,-1.070324164],[-79.597240237,-1.072002783],[-79.607001661,-1.068781893],[-79.610893092,-1.068485731],[-79.610641095,-1.065276368],[-79.612668844,-1.063641153],[-79.614085003,-1.065973113],[-79.616679178,-1.06405158],[-79.618748141,-1.06617256],[-79.619576074,-1.071610513],[-79.621616535,-1.072409794],[-79.622362091,-1.076114523],[-79.625000043,-1.077573694],[-79.625000024,-1.080391857],[-79.628806806,-1.082997165],[-79.632574216,-1.084082573],[-79.632188093,-1.087204467],[-79.640458171,-1.094294523],[-79.638285545,-1.09601404],[-79.642910008,-1.10413886],[-79.64126726,-1.108147314],[-79.646306527,-1.110974177],[-79.649341491,-1.111256945],[-79.651100165,-1.114262128],[-79.652295294,-1.118231114],[-79.662265176,-1.121816253],[-79.667631067,-1.119426426],[-79.666755954,-1.114669595],[-79.671350366,-1.114062398],[-79.671862525,-1.119669142],[-79.674100137,-1.118082975],[-79.677117964,-1.122766525],[-79.681050093,-1.121771533],[-79.684005049,-1.123709781],[-79.685302728,-1.12892452],[-79.683206495,-1.132381736],[-79.681470721,-1.133151946],[-79.682754788,-1.13749201],[-79.685897494,-1.139554745],[-79.68563451,-1.143942728],[-79.688060434,-1.147973082],[-79.687280695,-1.149471421],[-79.689764296,-1.153384007],[-79.694483022,-1.147223512],[-79.695994724,-1.148221785],[-79.698972684,-1.153797274],[-79.701194122,-1.155290781],[-79.702830262,-1.153752541],[-79.70590094,-1.15448322],[-79.70947802,-1.153536223],[-79.7130454,-1.154114628],[-79.71522454,-1.152951468],[-79.716720374,-1.155077305],[-79.715908828,-1.157641931],[-79.715815303,-1.163036379],[-79.718635303,-1.168975315],[-79.716064733,-1.173216862],[-79.713613348,-1.174510028],[-79.717507451,-1.176855929],[-79.718022365,-1.179174996],[-79.719754682,-1.180042123],[-79.721272981,-1.183184072],[-79.724747618,-1.181103388],[-79.727406408,-1.181944377],[-79.728106445,-1.179736403],[-79.736650186,-1.180389036],[-79.738413686,-1.182900564],[-79.741439869,-1.183955287],[-79.742559072,-1.189326579],[-79.744528693,-1.189439961],[-79.745497511,-1.193314693],[-79.748018364,-1.194392544],[-79.74899797,-1.196762729],[-79.748596566,-1.206058506],[-79.749764555,-1.207554319],[-79.745461399,-1.209777701],[-79.749958913,-1.21197723],[-79.747579495,-1.218766675],[-79.748938311,-1.223289958],[-79.753192075,-1.225520861],[-79.752602202,-1.227266223],[-79.754456408,-1.229934262],[-79.752845432,-1.232762002],[-79.753298011,-1.234952342],[-79.756824989,-1.232741559],[-79.758943623,-1.234378424],[-79.758379646,-1.236378552],[-79.75435081,-1.239780663],[-79.754726741,-1.242298743],[-79.752208082,-1.244358814],[-79.755303907,-1.247322316],[-79.75811798,-1.246869881],[-79.759169803,-1.252132849],[-79.763369199,-1.252037682],[-79.768147398,-1.254037994],[-79.768526926,-1.25852742],[-79.764229906,-1.259926456],[-79.764673846,-1.263301927],[-79.766268048,-1.265762045],[-79.766706897,-1.270244021],[-79.77328521,-1.270628231],[-79.775042273,-1.274554472],[-79.778926484,-1.279167885],[-79.777471761,-1.282654757],[-79.775159447,-1.282462786],[-79.775462926,-1.285807804],[-79.777210179,-1.287991209],[-79.77644274,-1.290952076],[-79.779803169,-1.292452233],[-79.788149917,-1.292949009],[-79.789890449,-1.294313424],[-79.787758161,-1.300407304],[-79.791906929,-1.301535647],[-79.791885642,-1.306512037],[-79.793479999,-1.31347867],[-79.793892172,-1.318398108],[-79.795046554,-1.320502078],[-79.798011226,-1.320059126],[-79.799923845,-1.326928055],[-79.799359806,-1.329246237],[-79.800161422,-1.332961104],[-79.804776362,-1.335814269],[-79.802769094,-1.33986382],[-79.807486672,-1.345801648],[-79.810050384,-1.347790474],[-79.810313736,-1.350749001],[-79.812030378,-1.351883286],[-79.813149463,-1.355070005],[-79.815841223,-1.355245595],[-79.820203671,-1.359354952],[-79.822569205,-1.36449758],[-79.826550427,-1.368807461],[-79.829157633,-1.369968356],[-79.830679705,-1.368343388],[-79.834747479,-1.37224911],[-79.834390398,-1.374529353],[-79.839345943,-1.380103479],[-79.842217294,-1.379149735],[-79.84457519,-1.380785013],[-79.846209021,-1.384842486],[-79.848063317,-1.386715172],[-79.846683941,-1.38950186],[-79.84740537,-1.392043222],[-79.845404416,-1.395840379],[-79.84793697,-1.398481289],[-79.849689911,-1.395441116],[-79.851465878,-1.397767969],[-79.849431473,-1.402735181],[-79.85190673,-1.40274234],[-79.854509191,-1.406122639],[-79.847892288,-1.410225982],[-79.852250144,-1.412561871],[-79.851443808,-1.415393251],[-79.854351213,-1.416723816],[-79.856048799,-1.418931749],[-79.861052721,-1.421460834],[-79.86481335,-1.423511559],[-79.862676225,-1.426399067],[-79.863137495,-1.430339344],[-79.866471798,-1.431385669],[-79.865834051,-1.434455859],[-79.868202008,-1.435436358],[-79.866457588,-1.44151255],[-79.868079781,-1.444195022],[-79.86546168,-1.446894658],[-79.86906801,-1.448117929],[-79.864714587,-1.450351459],[-79.86709143,-1.454297442],[-79.865904887,-1.457127206],[-79.871525578,-1.458268563],[-79.870082798,-1.463453377],[-79.866314745,-1.468496201],[-79.870322241,-1.469137585],[-79.870077632,-1.47373782],[-79.86811453,-1.476427051],[-79.869603771,-1.482832901],[-79.867515353,-1.485842155],[-79.862302387,-1.486793245],[-79.864360692,-1.490468554],[-79.869109035,-1.487059305],[-79.872363052,-1.490156701],[-79.872011153,-1.494358027],[-79.868581854,-1.49338438],[-79.866792721,-1.494519002],[-79.870445273,-1.497229503],[-79.873384541,-1.497581244],[-79.871646149,-1.502035627],[-79.869852526,-1.50360556],[-79.872946944,-1.50872372],[-79.875384531,-1.509909225],[-79.873494183,-1.513347452],[-79.876069181,-1.514455929],[-79.872010282,-1.520313254],[-79.875071095,-1.523700963],[-79.868387076,-1.52550478],[-79.870375388,-1.528099373],[-79.870016017,-1.530854311],[-79.867326401,-1.531999958],[-79.870710881,-1.534286277],[-79.870695651,-1.537695456],[-79.873217459,-1.53786851],[-79.874818623,-1.542258273],[-79.868655022,-1.542989813],[-79.868698428,-1.548533554],[-79.871536175,-1.554864609],[-79.869868102,-1.558352476],[-79.866544819,-1.559278122],[-79.865646137,-1.563028246],[-79.863812105,-1.564475698],[-79.861609582,-1.562463258],[-79.859328681,-1.562598762],[-79.854430328,-1.565625614],[-79.854020107,-1.568011617],[-79.856215092,-1.568992452],[-79.854997819,-1.572110194],[-79.855027318,-1.576125964],[-79.853393454,-1.5783347],[-79.855548533,-1.580060307],[-79.860252828,-1.579874037],[-79.864401117,-1.583606161],[-79.867781208,-1.591434702],[-79.865100328,-1.594114282],[-79.866266705,-1.598558797],[-79.871315527,-1.601856882],[-79.86892994,-1.60581727],[-79.867235596,-1.606949559],[-79.866220721,-1.610020083],[-79.862495545,-1.610162719],[-79.862721195,-1.614019747],[-79.861353829,-1.619820258],[-79.857005332,-1.627051544],[-79.856258099,-1.631378451],[-79.862182166,-1.640484728],[-79.86296891,-1.643690705],[-79.861902032,-1.647037769],[-79.86000427,-1.648981216],[-79.856027601,-1.647303628],[-79.852741461,-1.644178509],[-79.848585131,-1.644798351],[-79.84728182,-1.646933584],[-79.844569948,-1.648110686],[-79.844181229,-1.652017463],[-79.837650408,-1.654823717],[-79.840780927,-1.657670603],[-79.84579086,-1.659337448],[-79.849938732,-1.662201393],[-79.85533286,-1.66483007],[-79.855515547,-1.666342588],[-79.851249369,-1.671511695],[-79.846521876,-1.673019189],[-79.838885273,-1.673403183],[-79.837162808,-1.674404021],[-79.829223349,-1.673380218],[-79.827469237,-1.675530826],[-79.827074925,-1.678719592],[-79.829837977,-1.681539311],[-79.837988804,-1.682716906],[-79.839800362,-1.685889059],[-79.835843734,-1.690493701],[-79.831935908,-1.692998272],[-79.830155481,-1.697430688],[-79.827359084,-1.700600038],[-79.827720353,-1.702951625],[-79.826582238,-1.707049365],[-79.824512271,-1.708448142],[-79.81705041,-1.708395669],[-79.814446619,-1.707688049],[-79.810562738,-1.709851511],[-79.809603794,-1.711631285],[-79.80100559,-1.712933637],[-79.799107366,-1.716028139],[-79.794018775,-1.719460093],[-79.789064562,-1.720049325],[-79.785481348,-1.719160116],[-79.778374553,-1.720613782],[-79.766563191,-1.725692803],[-79.763223111,-1.729640404],[-79.756819318,-1.732251547],[-79.753460943,-1.732159751],[-79.749783432,-1.733404682],[-79.747479268,-1.737637062],[-79.748645282,-1.73854976],[-79.745213489,-1.74457608],[-79.743379762,-1.746106906],[-79.748822372,-1.783187767],[-79.748419899,-1.787495209],[-79.747333999,-1.789533449],[-79.738452339,-1.79792734],[-79.737387925,-1.805980535],[-79.730374833,-1.8090977],[-79.728867753,-1.817762941],[-79.728439589,-1.825802506],[-79.720661974,-1.825912895],[-79.719274999,-1.827811267],[-79.720394454,-1.83015001],[-79.724788145,-1.833427799],[-79.72780422,-1.836785832],[-79.731841333,-1.840594889],[-79.731522538,-1.845764962],[-79.727804503,-1.849974163],[-79.724169172,-1.850715633],[-79.716978811,-1.850624435],[-79.711065196,-1.853577069],[-79.709072387,-1.855417384],[-79.710063924,-1.859038929],[-79.708670791,-1.861481298],[-79.706060846,-1.862653206],[-79.70387955,-1.866564754],[-79.701211427,-1.86597885],[-79.698807125,-1.868877533],[-79.695820489,-1.868037711],[-79.686801902,-1.867724634],[-79.686219479,-1.870548072],[-79.683241811,-1.876834927],[-79.684115029,-1.879455546],[-79.683114461,-1.881580013],[-79.680350569,-1.882323485],[-79.680008559,-1.884848672],[-79.675445622,-1.886413867],[-79.67431047,-1.890423838],[-79.674224197,-1.896756522],[-79.670104166,-1.897999722],[-79.671407073,-1.901504155],[-79.671070524,-1.906175202],[-79.671015475,-1.910112505],[-79.6691925,-1.9101125],[-79.666883559,-1.913008732],[-79.663153296,-1.913727249],[-79.66016503,-1.91542878],[-79.661601065,-1.919364818],[-79.656373889,-1.923137822],[-79.653008745,-1.921012229],[-79.648194444,-1.921926112],[-79.648194444,-1.8992],[-79.637113208,-1.899138557],[-79.635062059,-1.903870792],[-79.631384738,-1.905690821],[-79.628833702,-1.90898785],[-79.624281722,-1.910198666],[-79.619993711,-1.912936485],[-79.617222354,-1.910410574],[-79.614500569,-1.910681047],[-79.612796977,-1.909259043],[-79.613424305,-1.906073222],[-79.609815479,-1.907024108],[-79.610149722,-1.904519947],[-79.608213837,-1.903635719],[-79.606259527,-1.905551208],[-79.60396862,-1.904170687],[-79.60202189,-1.906714314],[-79.598319006,-1.9078811],[-79.595739397,-1.907667214],[-79.591977958,-1.905053202],[-79.587762174,-1.906500877],[-79.583958432,-1.904732242],[-79.580366168,-1.905133156],[-79.577606513,-1.903013479],[-79.577032097,-1.901070624],[-79.573388748,-1.900564041],[-79.572271838,-1.898910668],[-79.568750961,-1.897972822],[-79.566348923,-1.899335706],[-79.562547295,-1.898992066],[-79.560252241,-1.897023077],[-79.557872222,-1.893329741],[-79.558416345,-1.890544115],[-79.555598189,-1.885547245],[-79.550813624,-1.886270135],[-79.541460576,-1.882450023],[-79.538243135,-1.885203278],[-79.532158734,-1.883052927],[-79.524597006,-1.885278613],[-79.52229529,-1.88048793],[-79.520102618,-1.882307921],[-79.516284402,-1.88163584],[-79.506354173,-1.883732787],[-79.502556183,-1.887087496],[-79.498717275,-1.887518826],[-79.496581771,-1.885027404],[-79.492263649,-1.886147554],[-79.489341786,-1.884254163],[-79.485580694,-1.893252773],[-79.48649755,-1.897977102],[-79.485494026,-1.901231891],[-79.482750634,-1.902992872],[-79.478035894,-1.908728834],[-79.475662894,-1.908357272],[-79.47418791,-1.910769345],[-79.468782791,-1.910538678],[-79.467725557,-1.914499347],[-79.462914459,-1.917430316],[-79.456012044,-1.916703719],[-79.45467003,-1.918146813],[-79.453759422,-1.925324764],[-79.455722477,-1.926761461],[-79.45190862,-1.928674883],[-79.451483135,-1.930031259],[-79.446737091,-1.935001576],[-79.442294158,-1.936399149],[-79.442920061,-1.938338873],[-79.441906404,-1.937170124],[-79.435380441,-1.939959067],[-79.427170512,-1.939212531],[-79.418442218,-1.936282947],[-79.418639975,-1.938400455],[-79.413520041,-1.940767896],[-79.411692178,-1.940458684],[-79.408352546,-1.94218224],[-79.409739381,-1.944663339],[-79.410231831,-1.950442646],[-79.411451569,-1.955318006],[-79.404813211,-1.958570475],[-79.399488035,-1.966379633],[-79.394783369,-1.965165682],[-79.392574564,-1.966558435],[-79.389631007,-1.965453254],[-79.386768525,-1.967353882],[-79.38490854,-1.967083476],[-79.375207884,-1.969417819],[-79.37331281,-1.968081223],[-79.369556556,-1.971885491],[-79.369052051,-1.976021321],[-79.364696259,-1.985021992],[-79.361310833,-1.987878897],[-79.35886412,-1.989397381],[-79.358096397,-1.998213999],[-79.356270322,-2.000123414],[-79.355508968,-2.00356604],[-79.35170887,-2.007057339],[-79.348633648,-2.011544974],[-79.345254936,-2.012617635],[-79.34514247,-2.01541124],[-79.342097099,-2.020873711],[-79.338016541,-2.021800684],[-79.336760094,-2.026828767],[-79.338483904,-2.032609032],[-79.334109289,-2.035453354],[-79.334317711,-2.042012943],[-79.330567131,-2.041946969],[-79.326900882,-2.045192197],[-79.327227245,-2.0477793],[-79.32308299,-2.052282438],[-79.317240418,-2.063109087],[-79.318374687,-2.068968932],[-79.316833635,-2.074368507],[-79.31889101,-2.078633659],[-79.31728645,-2.081818803],[-79.312590561,-2.08375896],[-79.30926716,-2.084233551],[-79.304899714,-2.086650068],[-79.299804499,-2.092852759],[-79.294026693,-2.095426998],[-79.291348562,-2.097452075],[-79.285097646,-2.097258872],[-79.283121895,-2.098891558],[-79.280006767,-2.099363978],[-79.276661009,-2.102315362],[-79.275082252,-2.101920492],[-79.271206442,-2.10410229],[-79.273691365,-2.112123696],[-79.272459672,-2.113197639],[-79.268511932,-2.112986233],[-79.268005717,-2.114454981],[-79.263575379,-2.114305121],[-79.256647546,-2.121304234],[-79.251799826,-2.123560542],[-79.24911526,-2.123628377],[-79.245902563,-2.12511526],[-79.24339717,-2.129391957],[-79.240812358,-2.132191117],[-79.23859306,-2.132480087],[-79.238542636,-2.115727814],[-79.244432602,-2.110313296],[-79.244432508,-2.103072345],[-79.2358107,-2.103995615],[-79.231560109,-2.108165412],[-79.229916065,-2.114577533],[-79.228263318,-2.117675441],[-79.223754392,-2.121921722],[-79.218973699,-2.124938361],[-79.208893267,-2.128782645],[-79.206695839,-2.130648822],[-79.200299866,-2.133257075],[-79.196265718,-2.132743853],[-79.194786072,-2.131172298],[-79.191186202,-2.135019952],[-79.187929237,-2.141686039],[-79.183602265,-2.143760237],[-79.181167554,-2.142548152],[-79.17993804,-2.14497001],[-79.175534881,-2.145871978],[-79.169050549,-2.141634169],[-79.169309515,-2.135561322],[-79.16872656,-2.13303088],[-79.165679192,-2.130347745],[-79.164180968,-2.124922785],[-79.162090615,-2.121994759],[-79.155543361,-2.119921706],[-79.147575686,-2.122212444],[-79.13565088,-2.120252561],[-79.133251728,-2.118229126],[-79.127291419,-2.117729183],[-79.122300412,-2.11963836],[-79.116453069,-2.125373517],[-79.116469964,-2.12700585],[-79.119665842,-2.130932139],[-79.121664374,-2.137049091],[-79.121067755,-2.141027422],[-79.117020711,-2.139451059],[-79.112082929,-2.142369462],[-79.110194136,-2.144647754],[-79.106355456,-2.144793764],[-79.113020703,-2.153987648],[-79.11665,-2.155691333],[-79.116650064,-2.16265734],[-79.121105066,-2.166980323],[-79.123302863,-2.167069056],[-79.132150437,-2.174742823],[-79.126607643,-2.191599221],[-79.126989719,-2.202705993],[-79.131342604,-2.20227534],[-79.143500163,-2.202807036],[-79.146203197,-2.20188086],[-79.149704613,-2.20240165],[-79.154049288,-2.201443053],[-79.157672222,-2.203375599],[-79.162119736,-2.202279386],[-79.1712633,-2.200982424],[-79.174172321,-2.199436655],[-79.179214848,-2.198313523],[-79.188319111,-2.192815977],[-79.193570217,-2.191430992],[-79.199524036,-2.194444772],[-79.202440025,-2.194261639],[-79.206280959,-2.196639844],[-79.208423527,-2.19605655],[-79.21052066,-2.197644628],[-79.218453558,-2.198420328],[-79.221982819,-2.199363821],[-79.225209636,-2.197740666],[-79.23086634,-2.19826304],[-79.23376252,-2.19634581],[-79.240882648,-2.195884363],[-79.242184666,-2.197385942],[-79.246136899,-2.197507128],[-79.248336944,-2.196348889],[-79.249626092,-2.211484796],[-79.253063513,-2.210910573],[-79.254568055,-2.2176575],[-79.249545764,-2.220471409],[-79.243009344,-2.219394229],[-79.23959009,-2.217434465],[-79.237289362,-2.214819578],[-79.232199337,-2.214409748],[-79.227798407,-2.213057529],[-79.224017912,-2.210763954],[-79.213094,-2.212800495],[-79.20064461,-2.212847043],[-79.197399086,-2.212452345],[-79.194469001,-2.213834007],[-79.188927432,-2.212901446],[-79.182176119,-2.213996494],[-79.179918375,-2.213709499],[-79.173068311,-2.214959497],[-79.169054558,-2.215058487],[-79.159101507,-2.214038836],[-79.155519222,-2.211708715],[-79.150110623,-2.21150708],[-79.147807051,-2.212369094],[-79.14295,-2.212581938],[-79.142949687,-2.234779886],[-79.147282941,-2.237092244],[-79.148461871,-2.241392931],[-79.148722488,-2.245967689],[-79.150968572,-2.252765207],[-79.154121663,-2.25699915],[-79.157325616,-2.258630133],[-79.158463218,-2.261808817],[-79.161976392,-2.267201206],[-79.167400074,-2.273964562],[-79.168209981,-2.280501927],[-79.172913567,-2.284977156],[-79.174142805,-2.29318697],[-79.175830852,-2.298556936],[-79.175368611,-2.303794746],[-79.182506334,-2.304418746],[-79.186472311,-2.305443048],[-79.188463023,-2.30737398],[-79.193556354,-2.308452353],[-79.197906661,-2.310290595],[-79.201132491,-2.309816198],[-79.206457021,-2.311498355],[-79.207553397,-2.314513623],[-79.204783451,-2.315066316],[-79.201923765,-2.318490395],[-79.193257838,-2.322562779],[-79.19054783,-2.326165586],[-79.190086389,-2.328748334],[-79.197828207,-2.328748432],[-79.200001618,-2.330116108],[-79.199619304,-2.33483879],[-79.202370804,-2.337935114],[-79.206837059,-2.34086238],[-79.209725186,-2.346470143],[-79.2143856,-2.347399942],[-79.215901591,-2.353817636],[-79.224557647,-2.3538175],[-79.22525693,-2.348867042],[-79.230015165,-2.345761474],[-79.23884327,-2.34678774],[-79.240198985,-2.3504303],[-79.246099202,-2.349801145],[-79.248309013,-2.352420774],[-79.251643463,-2.353221541],[-79.252948023,-2.356879396],[-79.255917173,-2.358392551],[-79.256360031,-2.362385094],[-79.255108631,-2.364239732],[-79.257269923,-2.368331665],[-79.262540434,-2.370917697],[-79.264769666,-2.374660014],[-79.262058097,-2.380573229],[-79.26372965,-2.383313022],[-79.263729722,-2.389488889],[-79.270579103,-2.387937248],[-79.274976978,-2.38808309],[-79.277915745,-2.390679229],[-79.282126349,-2.392483569],[-79.28350655,-2.392054629],[-79.287593267,-2.395852128],[-79.290202212,-2.397249131],[-79.292438898,-2.39671957],[-79.29687532,-2.398324865],[-79.300914536,-2.398268902],[-79.306328064,-2.401024157],[-79.308371686,-2.398887642],[-79.312468347,-2.398562538],[-79.314712497,-2.39583765],[-79.318026421,-2.393659607],[-79.322366959,-2.392315471],[-79.32324256,-2.388225024],[-79.325768839,-2.388213765],[-79.331809945,-2.385105841],[-79.333584852,-2.380872896],[-79.335965305,-2.371529826],[-79.341006557,-2.368994839],[-79.345259504,-2.368431447],[-79.349674315,-2.369459854],[-79.352491195,-2.366186914],[-79.358852941,-2.364331199],[-79.36124945,-2.362631897],[-79.365095652,-2.362159306],[-79.367238676,-2.360345737],[-79.372281241,-2.360744893],[-79.376119894,-2.358290838],[-79.37787773,-2.360422465],[-79.381541802,-2.359798656],[-79.382989713,-2.357383645],[-79.387331961,-2.357138486],[-79.393335833,-2.358752356],[-79.399176821,-2.353299246],[-79.39833247,-2.351520904],[-79.401475491,-2.347632401],[-79.401754502,-2.343095797],[-79.405218415,-2.340916753],[-79.407897106,-2.341296682],[-79.411293933,-2.340331469],[-79.412195906,-2.336267111],[-79.416019605,-2.335885682],[-79.420049173,-2.359554018],[-79.430647268,-2.359261577],[-79.433626412,-2.373333358],[-79.431396046,-2.379350702],[-79.42634806,-2.38058147],[-79.425627033,-2.379342646],[-79.418681086,-2.378333428],[-79.435122637,-2.401509786],[-79.448122229,-2.420070059],[-79.425254102,-2.430624],[-79.436269585,-2.438679786],[-79.458333418,-2.445948401],[-79.458906873,-2.446628975],[-79.466940266,-2.449162435],[-79.471177675,-2.44854065],[-79.464306652,-2.456057538],[-79.465052903,-2.461068173],[-79.467849875,-2.460362455],[-79.471881065,-2.462336418],[-79.47594945,-2.462690017],[-79.476953847,-2.464500773],[-79.480911098,-2.464548186],[-79.483509258,-2.463545294],[-79.485501868,-2.466473118],[-79.489475402,-2.466454688],[-79.490818684,-2.468940787],[-79.494269774,-2.471124426],[-79.493120405,-2.473525652],[-79.495092546,-2.476678201],[-79.498906664,-2.476053086],[-79.50217679,-2.477967722],[-79.503522822,-2.480434931],[-79.510255758,-2.483687313],[-79.512842077,-2.486444234],[-79.524194842,-2.487854837],[-79.524306684,-2.495713954],[-79.522338589,-2.505353435],[-79.51899403,-2.507129418],[-79.505663377,-2.499565464],[-79.499895908,-2.503844624],[-79.488475999,-2.510948969],[-79.500034463,-2.523152703],[-79.500938028,-2.525962917],[-79.509286465,-2.526260899],[-79.512250164,-2.524927057],[-79.515943427,-2.526941878],[-79.50892569,-2.539647946],[-79.508149765,-2.536994357],[-79.503869162,-2.53586347],[-79.504116389,-2.531637915],[-79.49942473,-2.533284222],[-79.496118672,-2.529276526],[-79.493785717,-2.528382789],[-79.489435909,-2.529777067],[-79.488473928,-2.525030047],[-79.481432044,-2.522690096],[-79.480699476,-2.521109036],[-79.482031399,-2.517983854],[-79.481102958,-2.515091671],[-79.478432773,-2.513108626],[-79.473493194,-2.512373445],[-79.474131828,-2.509143847],[-79.470722757,-2.506469358],[-79.467713015,-2.507044328],[-79.463052494,-2.501272579],[-79.459421195,-2.500882045],[-79.456215651,-2.4988815],[-79.452889988,-2.498576066],[-79.447220259,-2.500837757],[-79.440510116,-2.501705536],[-79.437953691,-2.502764897],[-79.434227901,-2.502846571],[-79.429319477,-2.501117834],[-79.425152068,-2.500466751],[-79.418802852,-2.497989692],[-79.410477996,-2.498015183],[-79.407312894,-2.499133415],[-79.405618731,-2.497395888],[-79.39905088,-2.496675199],[-79.393378218,-2.498224941],[-79.390851676,-2.500013134],[-79.390996124,-2.502959906],[-79.389256625,-2.50961675],[-79.387430029,-2.510819122],[-79.385408215,-2.514369565],[-79.382210523,-2.523031057],[-79.379187222,-2.529654167],[-79.3917025,-2.529654167],[-79.3917025,-2.524604166],[-79.397492101,-2.516904945],[-79.4116775,-2.520628333],[-79.41958512,-2.520143633],[-79.424328786,-2.520653563],[-79.42828735,-2.518038778],[-79.428285802,-2.553095638],[-79.424997658,-2.555767189],[-79.424997779,-2.606784633],[-79.429683968,-2.605053126],[-79.433612166,-2.604430859],[-79.437172937,-2.601764413],[-79.440523641,-2.603178916],[-79.444134113,-2.608920312],[-79.447312364,-2.611099526],[-79.452309259,-2.607572031],[-79.473097778,-2.607571944],[-79.473097778,-2.618543611],[-79.471518697,-2.621858189],[-79.467388267,-2.624874503],[-79.466176466,-2.629419923],[-79.46636197,-2.632526995],[-79.464276654,-2.636222538],[-79.46382857,-2.640516282],[-79.46445659,-2.645240129],[-79.460040108,-2.657386326],[-79.486969362,-2.677846011],[-79.487503982,-2.68391329],[-79.488303027,-2.692981705],[-79.502940759,-2.767744293],[-79.557886889,-2.789769866],[-79.616936009,-2.813813641],[-79.621430949,-2.813984636],[-79.626764646,-2.820584262],[-79.631038235,-2.82375327],[-79.636214208,-2.823018097],[-79.636473293,-2.818112244],[-79.63777576,-2.815506554],[-79.642848671,-2.816279478],[-79.646623546,-2.819296274],[-79.650882877,-2.817586843],[-79.657189119,-2.818311765],[-79.661283281,-2.820641372],[-79.670315573,-2.824850486],[-79.663071282,-2.831974344],[-79.65740574,-2.83423554],[-79.655151398,-2.837184093],[-79.647194708,-2.842705668],[-79.64100639,-2.844015732],[-79.636951345,-2.846667195],[-79.634817167,-2.849127088],[-79.628601145,-2.850538276],[-79.626709377,-2.852434136],[-79.622249899,-2.854518405],[-79.615816473,-2.854064525],[-79.610438558,-2.857400675],[-79.606644767,-2.85524658],[-79.601387692,-2.857748126],[-79.601947825,-2.859513648],[-79.601108912,-2.86684417],[-79.600053002,-2.866669381],[-79.597300788,-2.871811545],[-79.594747904,-2.872424765],[-79.591704098,-2.876597679],[-79.585409549,-2.877267092],[-79.583923938,-2.87569795],[-79.577799624,-2.875189878],[-79.57505804,-2.875634674],[-79.570668519,-2.877764327],[-79.568750143,-2.875863611],[-79.562862873,-2.876594094],[-79.560233392,-2.878682601],[-79.556189581,-2.877635298],[-79.552852511,-2.878458682],[-79.550770652,-2.881038049],[-79.55077056,-2.889544671],[-79.555197776,-2.892389809],[-79.560288542,-2.893715127],[-79.561216111,-2.895556111],[-79.594928022,-2.895556208],[-79.612683267,-2.894036565],[-79.614388888,-2.892131388],[-79.620148793,-2.892131524],[-79.620140569,-2.898926886],[-79.613479199,-2.90068149],[-79.600957077,-2.9033461],[-79.59464757,-2.902077935],[-79.585752006,-2.901824206],[-79.585751944,-2.908101111],[-79.591715877,-2.910175826],[-79.596330934,-2.909955051],[-79.596946861,-2.912404114],[-79.593840231,-2.917767688],[-79.603279408,-2.920730966],[-79.608274214,-2.921007842],[-79.61007814,-2.922566792],[-79.62611645,-2.938528747],[-79.634678423,-2.950856643],[-79.637999002,-2.951629698],[-79.645854264,-2.956101374],[-79.642231164,-2.959306301],[-79.640823808,-2.967617282],[-79.635852926,-2.971752251],[-79.636995579,-2.97428197],[-79.635523307,-2.977604267],[-79.645251945,-2.982966389],[-79.645252008,-2.989478686],[-79.651390684,-2.988620405],[-79.654923786,-2.985356994],[-79.656038741,-2.980634486],[-79.658534224,-2.976392256],[-79.664579486,-2.972526498],[-79.669945871,-2.971505169],[-79.673937637,-2.972616578],[-79.67799344,-2.974835694],[-79.684606511,-2.976478046],[-79.689574672,-2.976703789],[-79.692512387,-2.97538675],[-79.702212571,-2.976491231],[-79.7094541,-2.973123984],[-79.71156582,-2.974921453],[-79.715953372,-2.975436325],[-79.717604246,-2.977236424],[-79.723061552,-2.979152746],[-79.725866837,-2.979211981],[-79.727776244,-2.985859165],[-79.721134026,-2.99101993],[-79.718327007,-2.991055448],[-79.715937107,-2.994604488],[-79.716715133,-2.997365134],[-79.715460253,-3.000578074],[-79.716913901,-3.005725924],[-79.713214891,-3.011770364],[-79.713545924,-3.015245385],[-79.723352138,-3.015239839],[-79.725617604,-3.014669161],[-79.734052099,-3.009989435],[-79.739562682,-3.029560664],[-79.745445806,-3.029799582],[-79.745401282,-3.045162263],[-79.747069146,-3.046036607],[-79.751240435,-3.054427798],[-79.755781062,-3.058209035],[-79.755628721,-3.059847679],[-79.760281402,-3.063406552],[-79.763772806,-3.062259539],[-79.768129002,-3.06066701],[-79.772471925,-3.062196453],[-79.775371662,-3.064302526],[-79.79122771,-3.058074525],[-79.798584563,-3.055072753],[-79.8017679,-3.0546288],[-79.805161384,-3.052871825],[-79.815529647,-3.049959249],[-79.816538333,-3.050932579],[-79.822125896,-3.050067137],[-79.825266233,-3.055315754],[-79.827907627,-3.055216942],[-79.829160315,-3.05257143],[-79.83237376,-3.051154333],[-79.834802897,-3.05401511],[-79.837777899,-3.054949905],[-79.847351327,-3.051536367],[-79.847617795,-3.048109562],[-79.850045083,-3.047198915],[-79.850993893,-3.049315303],[-79.855331061,-3.048493087],[-79.856067333,-3.051318026],[-79.863521783,-3.050594041],[-79.861993757,-3.05244766],[-79.865214115,-3.055061501],[-79.869323811,-3.060151211],[-79.870808191,-3.059885925],[-79.872571147,-3.059262402],[-79.872070866,-3.05582466],[-79.86982884,-3.048739826],[-79.862511812,-3.033427481],[-79.85810204,-3.025797659],[-79.853792566,-3.016946838],[-79.852942358,-3.012613264],[-79.84984378,-3.007381834],[-79.848219786,-3.003083627],[-79.847818645,-2.99951938],[-79.845955796,-2.999675337],[-79.849750486,-2.984705318],[-79.849078708,-2.98181918],[-79.850219038,-2.979694745],[-79.852538718,-2.976847922],[-79.853477481,-2.973873014],[-79.853167386,-2.969223429],[-79.853212208,-2.951883719],[-79.854015064,-2.940994055],[-79.853206355,-2.931197204],[-79.851678855,-2.929305172],[-79.851774299,-2.923923342],[-79.853118956,-2.919818174],[-79.853254286,-2.910555963],[-79.852538218,-2.906946171],[-79.852446277,-2.89999027],[-79.853430651,-2.896246532],[-79.852086968,-2.890510468],[-79.85293684,-2.886305281],[-79.852265331,-2.883102577],[-79.853078968,-2.879132528],[-79.851505672,-2.87809073],[-79.847771932,-2.878403529],[-79.846293918,-2.881025149],[-79.842787155,-2.883023738],[-79.842560896,-2.880623353],[-79.834749498,-2.874428428],[-79.832908684,-2.871088858],[-79.830121406,-2.869602582],[-79.830348239,-2.867703324],[-79.827607058,-2.865131671],[-79.823879513,-2.859438414],[-79.821995008,-2.854877705],[-79.815947936,-2.845028797],[-79.817184672,-2.84362961],[-79.817279407,-2.83893527],[-79.816314202,-2.838184976],[-79.817749966,-2.830528275],[-79.81942176,-2.827300591],[-79.818987977,-2.812146686],[-79.817982083,-2.801589953],[-79.818715185,-2.797131427],[-79.818196706,-2.793874641],[-79.816552288,-2.792127261],[-79.808720407,-2.789016827],[-79.806406306,-2.782357253],[-79.80557418,-2.777942383],[-79.803527996,-2.773227792],[-79.799881069,-2.768122637],[-79.801897645,-2.766478475],[-79.798694113,-2.758768786],[-79.795333072,-2.755653855],[-79.797368429,-2.753195654],[-79.796472941,-2.749187764],[-79.795834415,-2.740078698],[-79.793050585,-2.735471929],[-79.792614296,-2.721985251],[-79.793650949,-2.719725019],[-79.792560028,-2.712025671],[-79.79084135,-2.704852063],[-79.791478212,-2.697535219],[-79.790903887,-2.696186927],[-79.79044374,-2.688507183],[-79.792430608,-2.680296209],[-79.793400629,-2.67251838],[-79.794447903,-2.668503386],[-79.790421439,-2.665387899],[-79.790099839,-2.663135352],[-79.78540778,-2.660064431],[-79.786005062,-2.652778487],[-79.78683652,-2.644683858],[-79.79012849,-2.644605683],[-79.797380327,-2.642052998],[-79.801638485,-2.638013958],[-79.801999273,-2.627530991],[-79.803644285,-2.619039183],[-79.80303097,-2.611359266],[-79.799482168,-2.597797206],[-79.79497496,-2.589607058],[-79.793239173,-2.580053754],[-79.793776863,-2.572555862],[-79.793267177,-2.569407676],[-79.78931251,-2.557102569],[-79.787941777,-2.551457124],[-79.784352193,-2.543087008],[-79.781909148,-2.53968374],[-79.777065714,-2.535373688],[-79.768991453,-2.533430356],[-79.76964904,-2.521075114],[-79.772237129,-2.520245676],[-79.776119653,-2.515313456],[-79.778978029,-2.509177253],[-79.780727387,-2.504138067],[-79.783343925,-2.498821092],[-79.788696914,-2.491697612],[-79.795042675,-2.485571766],[-79.796428277,-2.480873181],[-79.796064454,-2.47246358],[-79.79778504,-2.456190213],[-79.797463491,-2.447684769],[-79.798792233,-2.441066722],[-79.801804021,-2.434883436],[-79.811145303,-2.420016926],[-79.813132584,-2.414984115],[-79.815995944,-2.410746229],[-79.819724634,-2.407261645],[-79.826678579,-2.402154399],[-79.830646374,-2.399791579],[-79.833258868,-2.395412292],[-79.859860888,-2.396614682],[-79.860960026,-2.406129241],[-79.861062656,-2.412488216],[-79.859379394,-2.425159338],[-79.85805431,-2.428875853],[-79.855821799,-2.431551375],[-79.858011353,-2.437179445],[-79.860893633,-2.442509614],[-79.865516042,-2.453250399],[-79.868304015,-2.463817772],[-79.869369498,-2.469399681],[-79.871075623,-2.483095848],[-79.873621016,-2.493382639],[-79.876930101,-2.504565593],[-79.879298739,-2.511216004],[-79.883169968,-2.517116946],[-79.886051385,-2.523641175],[-79.888274927,-2.531747792],[-79.89019695,-2.545389961],[-79.891854603,-2.552654881],[-79.896509675,-2.567592944],[-79.899085338,-2.574162178],[-79.903254411,-2.579059388],[-79.90694827,-2.582264682],[-79.917995614,-2.589962869],[-79.91821011,-2.591573154],[-79.923652016,-2.59114363],[-79.927116112,-2.589608843],[-79.930322737,-2.594776575],[-79.929177898,-2.597814904],[-79.93311425,-2.601599293],[-79.938870641,-2.60163131],[-79.940938691,-2.602429068],[-79.944630676,-2.608103762],[-79.939624682,-2.61415102],[-79.937989878,-2.622227321],[-79.937542158,-2.630494584],[-79.93669095,-2.637232798],[-79.936568234,-2.644034952],[-79.936975259,-2.651932076],[-79.937664759,-2.655559941],[-79.942798817,-2.657880033],[-79.953594043,-2.656197747],[-79.959730284,-2.65410437],[-79.973574904,-2.652261638],[-79.979906823,-2.652845825],[-79.989523504,-2.651460718],[-79.994679312,-2.649330147],[-79.998927146,-2.646547518],[-79.999577403,-2.643273489],[-80.003079794,-2.639033865],[-80.010083422,-2.631920469],[-80.014050404,-2.631588934],[-80.01893718,-2.628291093],[-80.030506654,-2.613863039],[-80.038473351,-2.617360893],[-80.04387959,-2.616885618],[-80.045563684,-2.614155056],[-80.051473008,-2.614503301],[-80.058481238,-2.612807975],[-80.062198346,-2.60978039],[-80.061683564,-2.600435579],[-80.05883476,-2.597023142],[-80.059987206,-2.595504292],[-80.064808585,-2.59520937],[-80.067337802,-2.592886444],[-80.068374196,-2.590146295],[-80.067540269,-2.586617767],[-80.065112198,-2.585955619],[-80.062613672,-2.583249038],[-80.061806347,-2.580263287],[-80.067252426,-2.574297001],[-80.065979678,-2.568135789],[-80.055318233,-2.559896144],[-80.051373313,-2.554945114],[-80.044520986,-2.553058467],[-80.042413774,-2.556476229],[-80.035514791,-2.5568781],[-80.028610345,-2.552594189],[-80.02602189,-2.55005939],[-80.023470764,-2.545742593],[-80.020076909,-2.537824922],[-80.017698673,-2.530894023],[-80.015693565,-2.518165056],[-80.016832705,-2.510296072],[-80.016367282,-2.507265376],[-80.028691166,-2.504389005],[-80.033109679,-2.501027234],[-80.03575472,-2.499916551],[-80.035103721,-2.492290414],[-80.033724816,-2.483831526],[-80.032052927,-2.482500556],[-80.032990265,-2.479778445],[-80.032006288,-2.4724144],[-80.029728384,-2.463430205],[-80.027366253,-2.458996012],[-80.027637438,-2.457096585],[-80.023155434,-2.449060602],[-80.022268495,-2.444328984],[-80.024898384,-2.439102414],[-80.025980684,-2.434824521],[-80.025345846,-2.429667932],[-80.021327967,-2.426607522],[-80.014804473,-2.431098528],[-80.008508351,-2.432070839],[-80.007527267,-2.42453859],[-80.008449861,-2.421005983],[-80.011912624,-2.41808854],[-80.015293126,-2.416985612],[-80.015132606,-2.412598276],[-80.013607391,-2.408775311],[-80.011428539,-2.405967716],[-80.010373352,-2.401355398],[-80.010250423,-2.39721595],[-80.011643322,-2.391150845],[-80.010834374,-2.386767567],[-80.008432032,-2.384635543],[-80.006244524,-2.387667915],[-80.004407535,-2.382232774],[-80.004704429,-2.375791485],[-80.004142565,-2.371738565],[-80.004416832,-2.364208145],[-79.998907856,-2.362779452],[-79.992033153,-2.363454694],[-79.984990534,-2.367246755],[-79.980561613,-2.364894494],[-79.978288983,-2.361364985],[-79.974162388,-2.359806067],[-79.965600675,-2.348293585],[-79.962670926,-2.34572243],[-79.952212487,-2.333448701],[-79.948408743,-2.333255888],[-79.94447298,-2.329218576],[-79.944188171,-2.325247333],[-79.941402734,-2.322214955],[-79.938512833,-2.314569237],[-79.935375133,-2.313662312],[-79.926030285,-2.315898531],[-79.923054317,-2.315190706],[-79.920697004,-2.316898513],[-79.916983031,-2.317022301],[-79.912128908,-2.314675768],[-79.909182613,-2.310467325],[-79.908458157,-2.305319865],[-79.911736953,-2.297959328],[-79.914715344,-2.298027871],[-79.917428988,-2.298090316],[-79.917576836,-2.304747951],[-79.921092578,-2.305112456],[-79.922056136,-2.303285987],[-79.926274979,-2.301389619],[-79.929978782,-2.30280353],[-79.936248305,-2.300347845],[-79.939916372,-2.301472246],[-79.940750841,-2.303942323],[-79.945515477,-2.30578214],[-79.948831813,-2.308344522],[-79.951633537,-2.313701625],[-79.954915588,-2.314002566],[-79.960647673,-2.32107147],[-79.961381827,-2.325504393],[-79.965793684,-2.330338047],[-79.969133198,-2.335990361],[-79.972729513,-2.337051357],[-79.978938811,-2.343523601],[-79.984306202,-2.345336672],[-79.988712422,-2.345701711],[-79.997508297,-2.344468804],[-79.999999231,-2.344588191],[-80.007942745,-2.342924107],[-80.013518727,-2.342349134],[-80.017591813,-2.343338006],[-80.020574731,-2.345444349],[-80.019832122,-2.352336482],[-80.022510271,-2.354853115],[-80.026439236,-2.356248941],[-80.029420063,-2.36324348],[-80.030574238,-2.371774536],[-80.029767992,-2.380168522],[-80.032023495,-2.382721049],[-80.032818818,-2.389976393],[-80.03544308,-2.392502046],[-80.041475603,-2.395319568],[-80.049698388,-2.406509772],[-80.04859834,-2.410624887],[-80.052254391,-2.416787716],[-80.054101248,-2.425147435],[-80.054024788,-2.431633302],[-80.056262745,-2.433706392],[-80.056404628,-2.436601186],[-80.05930779,-2.439154179],[-80.059458833,-2.441813787],[-80.064082819,-2.452979719],[-80.066954671,-2.461828668],[-80.071483828,-2.467196098],[-80.071653707,-2.46864357],[-80.076659861,-2.473604265],[-80.07837709,-2.474482924],[-80.083026579,-2.486612637],[-80.083814065,-2.491462315],[-80.091649735,-2.501861625],[-80.093535935,-2.505598937],[-80.096393589,-2.509228373],[-80.101988031,-2.522303751],[-80.103444474,-2.523227455],[-80.107146268,-2.528883787],[-80.113006923,-2.534279272],[-80.118993042,-2.540425657],[-80.12051147,-2.542841997],[-80.127036884,-2.549658149],[-80.133383061,-2.555596699],[-80.138496643,-2.562113354],[-80.14098697,-2.563906166],[-80.145516726,-2.569273564],[-80.149868654,-2.5715742],[-80.153702778,-2.56799449],[-80.154315465,-2.566402747],[-80.159280384,-2.566740944],[-80.16115675,-2.572088293],[-80.163538097,-2.575572638],[-80.16777845,-2.583572245],[-80.172093237,-2.587826785],[-80.172648774,-2.591138052],[-80.172025988,-2.594421407],[-80.173095054,-2.596475593],[-80.181549678,-2.597512391],[-80.186253299,-2.598718591],[-80.197523245,-2.60004659],[-80.201866519,-2.602184272],[-80.206471308,-2.603299882],[-80.213655353,-2.608216533],[-80.215423501,-2.61614627],[-80.215429343,-2.61957072],[-80.22025508,-2.627172626],[-80.230171036,-2.636749797],[-80.235989436,-2.639413017],[-80.239039578,-2.63827506],[-80.242393288,-2.640891506],[-80.243353511,-2.64467346],[-80.247734234,-2.644802786],[-80.250827808,-2.646261128],[-80.254598993,-2.642798658],[-80.254798022,-2.640908091],[-80.258609979,-2.640975859],[-80.257585071,-2.643515119],[-80.257582483,-2.647866416],[-80.255217916,-2.653288279],[-80.256021268,-2.656215261],[-80.254364109,-2.659498082],[-80.25492854,-2.663315985],[-80.253432486,-2.667928712],[-80.253500736,-2.674080269],[-80.252869366,-2.676839018],[-80.253612116,-2.683271425],[-80.251206785,-2.688951048],[-80.247111437,-2.695017851],[-80.245877659,-2.69920443],[-80.243596877,-2.702786345],[-80.243169718,-2.706033404],[-80.241207155,-2.70672864],[-80.242007668,-2.710450655],[-80.245263721,-2.718044917],[-80.243252018,-2.722225702],[-80.243798489,-2.726467323],[-80.246438764,-2.729912651],[-80.24903225,-2.738453201],[-80.251065976,-2.741702973],[-80.25405705,-2.743569797],[-80.258425638,-2.742956561],[-80.270120185,-2.738475522],[-80.273529571,-2.73795807],[-80.280739278,-2.734575652],[-80.290066054,-2.728163256],[-80.293671705,-2.726116556],[-80.296673718,-2.725517278],[-80.304566186,-2.721271839],[-80.309150553,-2.717332858],[-80.313786816,-2.715525951],[-80.320197089,-2.709760204],[-80.32570671,-2.703659547],[-80.339085749,-2.692702077],[-80.344467098,-2.689466344],[-80.349938989,-2.685081718],[-80.353250469,-2.683256084],[-80.364464229,-2.674007363],[-80.368055759,-2.669793528],[-80.385996497,-2.645747762],[-80.389578917,-2.641434309],[-80.392449697,-2.639083604],[-80.397982796,-2.637566476],[-80.409705402,-2.644605883],[-80.413258507,-2.645100619],[-80.417068649,-2.644197759],[-80.420297967,-2.644570192],[-80.425165493,-2.642844555],[-80.428917796,-2.640539394],[-80.435790333,-2.641089873],[-80.441515209,-2.633144954],[-80.444485066,-2.630305626],[-80.448434203,-2.630289293],[-80.450359927,-2.628842674],[-80.453997645,-2.621525023],[-80.45572208,-2.621479741],[-80.463599931,-2.611838986],[-80.465183684,-2.610547613],[-80.473041061,-2.600472877],[-80.478710938,-2.593970629],[-80.485290192,-2.585252258],[-80.496665843,-2.571623345],[-80.505628637,-2.562851477],[-80.510415095,-2.560401642],[-80.528583892,-2.540668312],[-80.532821902,-2.537168735],[-80.538589916,-2.531281321],[-80.541676588,-2.527500841],[-80.553581028,-2.516223572],[-80.560086677,-2.509657765],[-80.563552128,-2.506767879],[-80.556202175,-2.499658604],[-80.55665728,-2.498051418],[-80.554413788,-2.495747959],[-80.551188779,-2.495227673],[-80.550439682,-2.493527922],[-80.545761073,-2.490920218],[-80.543140017,-2.491454887],[-80.540600214,-2.489293729],[-80.533124664,-2.4917818],[-80.530064059,-2.488560353],[-80.527784733,-2.490175246],[-80.524746485,-2.490365081],[-80.52194459,-2.489157665],[-80.517803059,-2.490570793],[-80.515391989,-2.494465555],[-80.509419885,-2.493763191],[-80.505674292,-2.495962733],[-80.500840768,-2.495182726],[-80.499490161,-2.497110523],[-80.494867813,-2.499745852],[-80.492407968,-2.500301418],[-80.490219677,-2.498372016],[-80.483386694,-2.496662507],[-80.479915019,-2.49424882],[-80.476107783,-2.492767202],[-80.475825705,-2.491415288],[-80.47103025,-2.49040369],[-80.463428204,-2.490476114],[-80.45973644,-2.491374273],[-80.459520278,-2.487291667],[-80.460944068,-2.486430229],[-80.463725029,-2.480918815],[-80.465999185,-2.479519444],[-80.466,-2.47749159],[-80.465444631,-2.472565146],[-80.46127316,-2.470825363],[-80.458396018,-2.470662179],[-80.458580274,-2.468085691],[-80.452582934,-2.454900397],[-80.453027911,-2.451831799],[-80.457149547,-2.442169678],[-80.457677134,-2.438501238],[-80.459325043,-2.435903463],[-80.461080331,-2.427032225],[-80.460214494,-2.420356323],[-80.461358108,-2.413981504],[-80.456978473,-2.409183183],[-80.453009076,-2.406855987],[-80.45033692,-2.403756716],[-80.44865615,-2.399333901],[-80.446445555,-2.397618925],[-80.445697861,-2.384817309],[-80.448175065,-2.378115764],[-80.447554626,-2.374591669],[-80.431126127,-2.374591806],[-80.429802862,-2.378677113],[-80.426605778,-2.381693671],[-80.419013702,-2.382039947],[-80.414615459,-2.385224951],[-80.410288672,-2.385734592],[-80.409602408,-2.38279531],[-80.406516706,-2.378944457],[-80.40074838,-2.380107863],[-80.396570299,-2.378736893],[-80.39546416,-2.376390339],[-80.388651405,-2.377615283],[-80.387003691,-2.379670942],[-80.380252817,-2.378846516],[-80.37966067,-2.370551216],[-80.382388749,-2.368128876],[-80.381489947,-2.366055864],[-80.375561724,-2.362897008],[-80.375498055,-2.360061678],[-80.373447727,-2.3588884],[-80.375000045,-2.353558508],[-80.374171363,-2.34679367],[-80.367476168,-2.343227363],[-80.360550356,-2.342574377],[-80.355332652,-2.346272255],[-80.354391703,-2.348454903],[-80.343075556,-2.347166072],[-80.338630983,-2.348511269],[-80.334888314,-2.347481524],[-80.331691389,-2.348149979],[-80.329027616,-2.346909229],[-80.325508749,-2.349773831],[-80.322932482,-2.349240437],[-80.32354647,-2.344636529],[-80.325516667,-2.342258334],[-80.320545124,-2.340162104],[-80.316816155,-2.341957555],[-80.31080705,-2.340948346],[-80.307962941,-2.339588189],[-80.304119426,-2.342779978],[-80.299722222,-2.342777778],[-80.29764939,-2.340163816],[-80.292216252,-2.336715555],[-80.289447545,-2.337497312],[-80.284649454,-2.337094417],[-80.282819642,-2.334897219],[-80.282827607,-2.323809159],[-80.283458333,-2.321966667],[-80.279180556,-2.320697222],[-80.280610205,-2.319024505],[-80.28477758,-2.317167581],[-80.285410981,-2.312850264],[-80.287609972,-2.312162033],[-80.287127544,-2.309598692],[-80.288942762,-2.30451323],[-80.285960821,-2.301885633],[-80.28182528,-2.300618682],[-80.282005057,-2.297983479],[-80.279865189,-2.294693666],[-80.282543038,-2.292763427],[-80.28060378,-2.288001686],[-80.280543036,-2.285761938],[-80.28394084,-2.286213105],[-80.285216889,-2.284478309],[-80.281619843,-2.283133725],[-80.284565917,-2.278854342],[-80.285035378,-2.275640114],[-80.283357011,-2.273608346],[-80.27609036,-2.270865437],[-80.272536224,-2.268879668],[-80.269171968,-2.268635789],[-80.267272143,-2.266770716],[-80.264750238,-2.264627056],[-80.263374903,-2.255604538],[-80.262233947,-2.253511158],[-80.262394522,-2.24822053],[-80.263514671,-2.244097559],[-80.259175836,-2.245328972],[-80.25577959,-2.243941962],[-80.25278076,-2.245591961],[-80.248849423,-2.246358895],[-80.245384782,-2.245996232],[-80.243185142,-2.247000696],[-80.238978041,-2.251305885],[-80.234855234,-2.251846181],[-80.233400279,-2.247833439],[-80.232020488,-2.240223862],[-80.233743423,-2.234233167],[-80.228256174,-2.229833982],[-80.223955997,-2.231697077],[-80.219033882,-2.232839015],[-80.216630186,-2.23212118],[-80.210673316,-2.226609672],[-80.207858761,-2.225175875],[-80.20734195,-2.218490626],[-80.203152684,-2.218276646],[-80.202142614,-2.213619879],[-80.200321939,-2.210655096],[-80.204806226,-2.206952551],[-80.209535928,-2.205253301],[-80.212974434,-2.202117241],[-80.214930106,-2.202283431],[-80.218280603,-2.19678371],[-80.222878965,-2.193643434],[-80.225744186,-2.192493645],[-80.231535974,-2.194690908],[-80.235959022,-2.193541303],[-80.238716826,-2.191906143],[-80.237383495,-2.18788733],[-80.238927717,-2.177077717],[-80.241354297,-2.171621704],[-80.240645654,-2.167304019],[-80.242457904,-2.165168708],[-80.24401237,-2.161086725],[-80.245697352,-2.161452134],[-80.247118637,-2.158188783],[-80.249331634,-2.157621628],[-80.250452368,-2.155045784],[-80.249619031,-2.151734477],[-80.251768239,-2.149410614],[-80.248829401,-2.147087281],[-80.245770987,-2.143342882],[-80.247217253,-2.141491602],[-80.244945372,-2.134899292],[-80.244121076,-2.128293059],[-80.245777747,-2.127937837],[-80.245437685,-2.123934488],[-80.246589299,-2.122504917],[-80.246656884,-2.118041012],[-80.244967048,-2.115022117],[-80.248270278,-2.113862329],[-80.250425821,-2.11000977],[-80.254211708,-2.110273674],[-80.256667607,-2.107079699],[-80.253345893,-2.104845193],[-80.256020748,-2.103928566],[-80.259662122,-2.098523497],[-80.26424587,-2.095037001],[-80.264343311,-2.090154219],[-80.268286035,-2.083894558],[-80.271678111,-2.081968735],[-80.278813824,-2.07825066],[-80.285149277,-2.083825752],[-80.290893839,-2.091430301],[-80.298908154,-2.088351015],[-80.299040647,-2.090016994],[-80.303512405,-2.092355112],[-80.306216135,-2.090039347],[-80.303174083,-2.082646668],[-80.308238048,-2.079968118],[-80.310218923,-2.076656292],[-80.313531438,-2.074876927],[-80.318612925,-2.075645079],[-80.321373476,-2.073865455],[-80.319282588,-2.06743063],[-80.313212079,-2.065111025],[-80.315002605,-2.061760804],[-80.318313737,-2.060737437],[-80.320315063,-2.056363193],[-80.323590689,-2.051654038],[-80.322051153,-2.046617302],[-80.325936389,-2.040472245],[-80.331837431,-2.03825348],[-80.332702634,-2.032973122],[-80.33411268,-2.030218298],[-80.337502086,-2.030742682],[-80.340171079,-2.028822102],[-80.341701534,-2.024928428],[-80.342937763,-2.023623655],[-80.344274419,-2.016754647],[-80.343631197,-2.007046003],[-80.342112555,-2.004843615],[-80.341743881,-2.001247618],[-80.346493779,-1.99784106],[-80.349243809,-1.998167686],[-80.353612449,-1.996283271],[-80.364090554,-1.994085271],[-80.36486976,-1.996996187],[-80.368670341,-1.995407708],[-80.371812778,-1.987572057],[-80.37388808,-1.984935596],[-80.376245926,-1.98586554],[-80.38249173,-1.984569017],[-80.388396412,-1.986426685],[-80.39606506,-1.984758145],[-80.398273622,-1.98264673],[-80.403956645,-1.983663418],[-80.409312606,-1.982929458],[-80.414155041,-1.981259934],[-80.414508562,-1.976654813],[-80.417392986,-1.976326322],[-80.418239416,-1.972853697],[-80.417395106,-1.9698348],[-80.42153009,-1.967029932],[-80.426469667,-1.964886959],[-80.426346618,-1.962952868],[-80.430210201,-1.962772281],[-80.431486129,-1.960474836],[-80.436988901,-1.956582272],[-80.441947222,-1.956588889],[-80.442151685,-1.952155033],[-80.439233718,-1.948169872],[-80.43900696,-1.944253355],[-80.440418917,-1.94313893],[-80.438504082,-1.9391002],[-80.436855271,-1.938321826],[-80.43529638,-1.929943394],[-80.431508824,-1.92820223],[-80.430129575,-1.925188397],[-80.430043636,-1.921454655],[-80.431729029,-1.92051272],[-80.431403156,-1.915960011],[-80.433365158,-1.914339032],[-80.431739652,-1.904743027],[-80.433282817,-1.90279648],[-80.432531437,-1.89998165],[-80.430677969,-1.898247778],[-80.429936815,-1.895390925],[-80.422665734,-1.892940042],[-80.421507793,-1.889062021],[-80.420123318,-1.888515708],[-80.419697253,-1.884883907],[-80.417641386,-1.883679094],[-80.417741122,-1.880351554],[-80.420787536,-1.879230822],[-80.423657203,-1.879925589],[-80.42924338,-1.882599364],[-80.433083176,-1.885636145],[-80.436026945,-1.884698975],[-80.440962715,-1.886663153],[-80.443288544,-1.881234581],[-80.438525498,-1.882512396],[-80.437609221,-1.883994459],[-80.434098668,-1.88360159],[-80.435888944,-1.867883781],[-80.433024779,-1.865679765],[-80.439110318,-1.858945794],[-80.437036558,-1.856625348],[-80.431291011,-1.856253161],[-80.427571706,-1.85451005],[-80.430467279,-1.852605622],[-80.431686969,-1.850217112],[-80.431852892,-1.845346358],[-80.429870525,-1.844007185],[-80.429761263,-1.841465683],[-80.428015178,-1.840129832],[-80.428203918,-1.836465142],[-80.425276282,-1.835771823],[-80.418682156,-1.835719412],[-80.416729659,-1.83775814],[-80.411213172,-1.836504865],[-80.409732334,-1.837669657],[-80.407485418,-1.831486132],[-80.411089771,-1.827791081],[-80.410110658,-1.823887408],[-80.412730002,-1.818175114],[-80.414611129,-1.817631251],[-80.416908542,-1.813943556],[-80.425774129,-1.808421589],[-80.426713826,-1.804332074],[-80.425544557,-1.801416407],[-80.421679277,-1.799319619],[-80.420895589,-1.794306347],[-80.4190209,-1.78943612],[-80.419146333,-1.786313778],[-80.414669052,-1.785125361],[-80.413266465,-1.783825891],[-80.411305893,-1.779278958],[-80.405450427,-1.774528045],[-80.403242273,-1.775140576],[-80.396112487,-1.772131118],[-80.390283191,-1.771825067],[-80.387961867,-1.765991884],[-80.389016824,-1.764294075],[-80.386672123,-1.759583854],[-80.386681719,-1.757177886],[-80.383841682,-1.755410486],[-80.382581156,-1.751784512],[-80.362446093,-1.739463347],[-80.351171748,-1.723136945],[-80.340057854,-1.722968093],[-80.333981347,-1.723874699],[-80.334021227,-1.715418568],[-80.336494884,-1.713008507],[-80.336470071,-1.710134929],[-80.334524377,-1.708458365],[-80.334966282,-1.706247797],[-80.330114577,-1.703968619],[-80.3293348,-1.701041134],[-80.325448059,-1.694497629],[-80.324606367,-1.691249332],[-80.325342344,-1.689233348],[-80.326099501,-1.686342432],[-80.323661431,-1.682909844],[-80.321112849,-1.686075352],[-80.319192315,-1.685829877],[-80.31664764,-1.690386651],[-80.313081868,-1.690337076],[-80.310486159,-1.693483274],[-80.304030346,-1.699558434],[-80.302096318,-1.702831319],[-80.298057894,-1.70511835],[-80.297965051,-1.706784148],[-80.289931507,-1.710127856],[-80.283793516,-1.706624467],[-80.282917968,-1.703014124],[-80.289627613,-1.697699613],[-80.291843428,-1.697051342],[-80.295070812,-1.693870767],[-80.295298118,-1.692015947],[-80.29992544,-1.687149992],[-80.29775987,-1.683082197],[-80.290348271,-1.683895944],[-80.288352263,-1.679140113],[-80.281101824,-1.677902378],[-80.276008223,-1.679127685],[-80.272871985,-1.678021819],[-80.264787493,-1.678298947],[-80.263079294,-1.676173945],[-80.258669906,-1.680645083],[-80.257511325,-1.682919046],[-80.252027046,-1.683702398],[-80.252086767,-1.685038677],[-80.246284137,-1.686772537],[-80.24226751,-1.689751548],[-80.23926433,-1.693471741],[-80.233213104,-1.690640175],[-80.232151176,-1.688394252],[-80.230505666,-1.688333276],[-80.226127716,-1.693795653],[-80.223064597,-1.692451432],[-80.22242393,-1.694920252],[-80.216815481,-1.695308428],[-80.210460491,-1.694414668],[-80.210583112,-1.692961943],[-80.212779235,-1.692051238],[-80.210543141,-1.689316781],[-80.210918989,-1.683998391],[-80.209850093,-1.68314226],[-80.208201929,-1.675063181],[-80.209708383,-1.669994749],[-80.216667165,-1.666475793],[-80.219866477,-1.661282179],[-80.219309396,-1.659425547],[-80.221484691,-1.653495319],[-80.223874754,-1.649352918],[-80.221688662,-1.645868561],[-80.222522753,-1.644153782],[-80.220113139,-1.635907859],[-80.224368402,-1.632478398],[-80.224058468,-1.630072683],[-80.2257625,-1.627884691],[-80.229821903,-1.627131901],[-80.227963992,-1.624978455],[-80.224726324,-1.623825151],[-80.223340665,-1.620227326],[-80.223630648,-1.61615139],[-80.252593035,-1.616151414],[-80.261984338,-1.602838259],[-80.277391818,-1.58036427],[-80.279711487,-1.576600188],[-80.279821151,-1.574001792],[-80.282023771,-1.570740015],[-80.27532857,-1.569238321],[-80.269576428,-1.569236307],[-80.262881635,-1.565252697],[-80.259098882,-1.567331895],[-80.251963614,-1.565661302],[-80.246656974,-1.567374237],[-80.245154897,-1.566269121],[-80.242270417,-1.567508522],[-80.236860847,-1.57120663],[-80.235360163,-1.574202529],[-80.220213099,-1.57431862],[-80.19269792,-1.550819573],[-80.172093142,-1.527000781],[-80.17549762,-1.528435757],[-80.177322558,-1.525852654],[-80.180866692,-1.524690737],[-80.183785499,-1.52122518],[-80.187452118,-1.522510116],[-80.194048206,-1.519243332],[-80.195493509,-1.515342742],[-80.197772126,-1.514594949],[-80.200462297,-1.507487787],[-80.202665483,-1.505479015],[-80.202892146,-1.501571196],[-80.205242426,-1.499694493],[-80.20591023,-1.496654973],[-80.203078988,-1.494108289],[-80.202831481,-1.491039219],[-80.205318377,-1.487935414],[-80.204134483,-1.482332015],[-80.201903577,-1.480213904],[-80.199180122,-1.480627241],[-80.198050613,-1.478651538],[-80.194976524,-1.477415518],[-80.194379866,-1.473389164],[-80.192935559,-1.471824851],[-80.194543247,-1.469451763],[-80.197033753,-1.468344203],[-80.199223182,-1.464262745],[-80.197762107,-1.462626944],[-80.195184753,-1.458681403],[-80.193814845,-1.45444622],[-80.198055816,-1.448839538],[-80.195451297,-1.444274449],[-80.19706975,-1.440663446],[-80.194224756,-1.438781668],[-80.192128424,-1.435245694],[-80.194881429,-1.427519008],[-80.196975506,-1.425283424],[-80.195452078,-1.422018148],[-80.192035694,-1.42253783],[-80.190643052,-1.420311762],[-80.187160721,-1.421548722],[-80.184859293,-1.420468208],[-80.182425521,-1.417214644],[-80.179574099,-1.416632261],[-80.17626419,-1.417631905],[-80.169771668,-1.41610646],[-80.169516379,-1.412356766],[-80.166757803,-1.410441953],[-80.163058004,-1.411478392],[-80.158627976,-1.409371238],[-80.153962273,-1.40804332],[-80.150685902,-1.409001354],[-80.144863928,-1.407211311],[-80.142156585,-1.380712968],[-80.153758909,-1.366758718],[-80.145421312,-1.342989478],[-80.137540119,-1.324121569],[-80.134430414,-1.325988664],[-80.132727668,-1.324753222],[-80.127875901,-1.323710561],[-80.123106362,-1.324776682],[-80.115861477,-1.32264661],[-80.113622393,-1.32386125],[-80.10975871,-1.322827871],[-80.106659157,-1.326423412],[-80.103739436,-1.328553623],[-80.099978703,-1.327694221],[-80.09906126,-1.326289141],[-80.097035316,-1.326805883],[-80.08997237,-1.323088107],[-80.087237154,-1.319663786],[-80.084012668,-1.319531689],[-80.080875891,-1.317753503],[-80.083692273,-1.315389757],[-80.080283698,-1.309914914],[-80.08104844,-1.307457862],[-80.076902126,-1.304403701],[-80.073819952,-1.303780642],[-80.069553233,-1.297125673],[-80.064887547,-1.294454933],[-80.062928111,-1.294283638],[-80.061313817,-1.290807254],[-80.054054078,-1.289539688],[-80.0508773,-1.286319275],[-80.047169843,-1.287365199],[-80.044329691,-1.281311584],[-80.042754431,-1.28004499],[-80.041140702,-1.27540702],[-80.034950339,-1.273950312],[-80.030976078,-1.278703825],[-80.029683246,-1.275650454],[-80.032291905,-1.27245982],[-80.035069377,-1.270915237],[-80.036516052,-1.268493774],[-80.035654907,-1.26579625],[-80.036411381,-1.260691759],[-80.038843438,-1.260286338],[-80.03741308,-1.256989709],[-80.037837011,-1.253924386],[-80.034446901,-1.250848205],[-80.032803737,-1.250655199],[-80.030105982,-1.2474872],[-80.025133706,-1.246631336],[-80.020454287,-1.242725642],[-80.020928924,-1.241119462],[-80.018119463,-1.238329735],[-80.017054168,-1.234159413],[-80.017367584,-1.227290323],[-80.015051744,-1.224871565],[-80.015653239,-1.218567131],[-80.010801112,-1.217647666],[-80.010801126,-1.204952662],[-80.003922983,-1.199701744],[-80.001598616,-1.196417979],[-79.997185919,-1.194315238],[-79.993504879,-1.193667818],[-79.986302824,-1.17635654],[-79.984138087,-1.177054947],[-79.97826813,-1.17576058],[-79.974851783,-1.175733458],[-79.972674871,-1.180151051],[-79.967804047,-1.181852267],[-79.963263898,-1.185397848],[-79.9605414,-1.189690004],[-79.957956535,-1.181251552],[-79.953691655,-1.181141516],[-79.950369326,-1.178845675],[-79.952089947,-1.174760336],[-79.94962439,-1.167986336],[-79.953434444,-1.164397234],[-79.958483919,-1.166140427],[-79.961343337,-1.168617411],[-79.970212666,-1.168617498],[-79.968721092,-1.16645925],[-79.96864558,-1.161791262],[-79.964599873,-1.15663662],[-79.963805686,-1.152159063],[-79.96531584,-1.150010696],[-79.964806042,-1.146906809],[-79.965662193,-1.142019247],[-79.963752365,-1.140235879],[-79.959430296,-1.140557877],[-79.955207375,-1.138590874],[-79.950124999,-1.143436271],[-79.946368118,-1.14405081],[-79.945057381,-1.145724691],[-79.948581227,-1.147827683],[-79.946044677,-1.153609864],[-79.943828511,-1.155466578],[-79.940401483,-1.155726262],[-79.938015643,-1.151761986],[-79.93535355,-1.151427109],[-79.927653829,-1.146464547],[-79.924856436,-1.146295784],[-79.922134315,-1.143828272],[-79.919993787,-1.143408558],[-79.916072793,-1.144852836],[-79.912787578,-1.139250072],[-79.9087175,-1.139454445],[-79.903620771,-1.126654652],[-79.898700499,-1.12240124],[-79.887273566,-1.116536531],[-79.881743125,-1.108731344],[-79.87459743,-1.103921283],[-79.869745204,-1.103022805],[-79.861510583,-1.100020695],[-79.859177366,-1.095976025],[-79.854604933,-1.089628097],[-79.850787337,-1.089594876],[-79.843709722,-1.081827222],[-79.843114806,-1.077100756],[-79.841149178,-1.074442986],[-79.84026717,-1.070727061],[-79.837639464,-1.066809345],[-79.835128568,-1.059895925],[-79.836644045,-1.0570066],[-79.83341798,-1.050156435],[-79.82927495,-1.048768151],[-79.826098855,-1.048989253],[-79.820145679,-1.050894412],[-79.817595513,-1.050822639],[-79.814582763,-1.048814696],[-79.812759766,-1.045861429],[-79.813529108,-1.041500446],[-79.812005214,-1.038821707],[-79.812422652,-1.033354392],[-79.809363266,-1.030907964],[-79.804830285,-1.031943642],[-79.803758007,-1.030874093],[-79.802256199,-1.025390194],[-79.800195941,-1.022806538],[-79.800471965,-1.015775144],[-79.804538599,-1.010200732],[-79.802988541,-1.00778201],[-79.800396411,-1.006748297],[-79.797442287,-1.004100811],[-79.797366536,-0.999590718],[-79.800121269,-0.995992548],[-79.801136401,-0.992084899],[-79.800499818,-0.989549451],[-79.797116098,-0.98311025],[-79.795251463,-0.980837351],[-79.790351236,-0.977669194],[-79.787602752,-0.977573521],[-79.782072792,-0.981942357],[-79.774423608,-0.980109155],[-79.772764477,-0.976038561],[-79.77338161,-0.971661643],[-79.774271866,-0.966212885],[-79.773512968,-0.9550199],[-79.770830117,-0.946740125],[-79.769519779,-0.945157496],[-79.764644897,-0.942614297],[-79.763475686,-0.939100391],[-79.760346583,-0.936832342],[-79.753733416,-0.930498698],[-79.754429067,-0.926860268],[-79.752277216,-0.92324496],[-79.748917478,-0.921797563],[-79.744722801,-0.921538304],[-79.743967232,-0.920195458],[-79.74680006,-0.916606675],[-79.746986171,-0.914682614],[-79.744605412,-0.910438653],[-79.739621455,-0.905827629],[-79.737112817,-0.900140549],[-79.737771123,-0.893930469],[-79.737215585,-0.891625642],[-79.733051266,-0.888766747],[-79.730229394,-0.883792127],[-79.72359619,-0.881770627],[-79.718238194,-0.886557497],[-79.715941808,-0.88593926],[-79.715944137,-0.881233567],[-79.714023995,-0.878646092],[-79.711313299,-0.879913527],[-79.710753589,-0.882868882],[-79.705098085,-0.883211578],[-79.700341423,-0.886180692],[-79.699066249,-0.890892225],[-79.701558237,-0.894186204],[-79.704346185,-0.89637693],[-79.703968451,-0.900147083],[-79.706060871,-0.901534785],[-79.704098511,-0.904301761],[-79.701311598,-0.902551367],[-79.69876779,-0.903108263],[-79.695716831,-0.89779657],[-79.689270139,-0.895381967],[-79.6903813,-0.899508136],[-79.689338894,-0.902580548],[-79.685173405,-0.903306547],[-79.681348038,-0.899115037],[-79.677605031,-0.899642859],[-79.676496273,-0.898286605],[-79.678912084,-0.894459823],[-79.678303079,-0.892226815],[-79.670598192,-0.891341041],[-79.671259633,-0.89568004],[-79.668073476,-0.896932868],[-79.662921705,-0.903373234],[-79.65752108,-0.901193503],[-79.65274903,-0.896467746],[-79.651772694,-0.892974734],[-79.648971384,-0.889952333],[-79.64876816,-0.886568418],[-79.644005876,-0.881186992],[-79.639993133,-0.880544172],[-79.637434906,-0.881084069],[-79.634616669,-0.87750537],[-79.629629053,-0.877369522],[-79.629211578,-0.874789629],[-79.627100952,-0.873549239],[-79.624903532,-0.875644764],[-79.623425562,-0.873638823],[-79.62473958,-0.868867518],[-79.627465224,-0.865475133],[-79.62461333,-0.862966151],[-79.626473588,-0.859650025],[-79.621556785,-0.861036223],[-79.619408178,-0.859666605],[-79.615381882,-0.860313071],[-79.614368862,-0.858013553],[-79.609657135,-0.857724666],[-79.607361697,-0.854842586],[-79.607607279,-0.853267913],[-79.604157157,-0.857096181],[-79.600733614,-0.857726688],[-79.595276881,-0.853493773],[-79.593851305,-0.85129165],[-79.583981823,-0.848550385],[-79.581299671,-0.850157512],[-79.580064682,-0.846883392],[-79.577421172,-0.846844127],[-79.57668035,-0.844412541],[-79.571934435,-0.845633543],[-79.569775531,-0.847817646],[-79.56577876,-0.849013106]],[[-80.002675063,-1.976764602],[-80.000000486,-1.97809287],[-80.003619246,-1.975988589],[-80.002675063,-1.976764602]],[[-79.938013978,-2.031278663],[-79.937932601,-2.03142159],[-79.936190435,-2.031237226],[-79.938013978,-2.031278663]],[[-80.387997548,-2.476833455],[-80.387869596,-2.476857878],[-80.387996634,-2.476804968],[-80.387997548,-2.476833455]],[[-80.357475141,-2.660957952],[-80.357503937,-2.661112838],[-80.357054985,-2.661067424],[-80.357475141,-2.660957952]]]]},"properties":{"codigo":"09","nombre":"GUAYAS","nivel":"Provincia","codigo_provincia":"09","provincia":"GUAYAS"},"id":"09"},{"type":"Feature","geometry":{"type":"MultiPolygon","coordinates":[[[[-78.453495811,0.875991772],[-78.450794114,0.874445212],[-78.448587673,0.87540145],[-78.441704133,0.874157998],[-78.440399974,0.871836476],[-78.43789932,0.874034813],[-78.435500646,0.872985751],[-78.436815482,0.869867327],[-78.432279757,0.869089424],[-78.431060664,0.864400354],[-78.42868069,0.863824809],[-78.427176128,0.859713071],[-78.422175505,0.856151374],[-78.422669294,0.853092],[-78.418364976,0.852726809],[-78.418748028,0.850065524],[-78.412297391,0.846137033],[-78.408955766,0.844943917],[-78.409054216,0.841557894],[-78.406720951,0.838670431],[-78.404939111,0.840740902],[-78.395267389,0.833048126],[-78.392811505,0.832429542],[-78.391830037,0.829387189],[-78.388462281,0.828284969],[-78.386430934,0.825093676],[-78.381653475,0.829217816],[-78.374795419,0.825626381],[-78.371421004,0.827503644],[-78.364257846,0.825595446],[-78.362394061,0.820534388],[-78.360029574,0.818299425],[-78.357572914,0.81898168],[-78.354780038,0.817999433],[-78.353408785,0.815325162],[-78.346980013,0.816640835],[-78.34345775,0.819512689],[-78.343042308,0.822721373],[-78.340528459,0.823714414],[-78.338047594,0.821002237],[-78.336117658,0.822669975],[-78.332570072,0.820764226],[-78.33121529,0.821978023],[-78.326893335,0.820086105],[-78.32447769,0.816320821],[-78.320672956,0.815385727],[-78.320289449,0.813415175],[-78.314939852,0.806620802],[-78.314850758,0.805442843],[-78.31149171,0.805298613],[-78.309460675,0.801844496],[-78.309158477,0.799013219],[-78.303772963,0.79633641],[-78.301799273,0.792361104],[-78.297294041,0.794873572],[-78.293569952,0.79426378],[-78.289676138,0.791678851],[-78.287433124,0.79281074],[-78.286275937,0.789802013],[-78.278994573,0.784211719],[-78.275995249,0.783222252],[-78.274278924,0.785361111],[-78.272170025,0.784848043],[-78.266378165,0.779045992],[-78.26666429,0.777343767],[-78.265045554,0.77319787],[-78.267564892,0.770718811],[-78.267318839,0.767325781],[-78.261797368,0.763775986],[-78.260369939,0.76177092],[-78.256361652,0.761940504],[-78.253873112,0.758983628],[-78.251956157,0.753205749],[-78.248493129,0.750346312],[-78.246627464,0.747419158],[-78.240848791,0.744334135],[-78.234812431,0.745080491],[-78.230700184,0.74072635],[-78.230238646,0.738119918],[-78.226294319,0.735887884],[-78.225547409,0.733849135],[-78.21891663,0.730975869],[-78.214404582,0.724072251],[-78.211079731,0.723586032],[-78.210181132,0.719070234],[-78.204356814,0.718091157],[-78.205120116,0.712685794],[-78.204275567,0.707100129],[-78.204443943,0.703549741],[-78.20109365,0.7019769],[-78.201251436,0.695220921],[-78.200026762,0.691332118],[-78.198199463,0.690803841],[-78.1982405,0.686419452],[-78.19369581,0.684427555],[-78.190800046,0.681348193],[-78.189324907,0.675594292],[-78.186781562,0.668826658],[-78.185427813,0.668801967],[-78.182511552,0.665211006],[-78.172757343,0.663238923],[-78.171989475,0.661412479],[-78.168549742,0.659593474],[-78.167149798,0.657300467],[-78.165457822,0.651669113],[-78.162973819,0.65022126],[-78.162643158,0.646930712],[-78.160645855,0.645787974],[-78.160320866,0.640021781],[-78.157267756,0.637042398],[-78.154728787,0.632761693],[-78.152597344,0.626253343],[-78.150007188,0.625671276],[-78.144675902,0.627485721],[-78.140891346,0.625342731],[-78.139888304,0.623164028],[-78.133841214,0.6154314],[-78.132991962,0.610284562],[-78.136957705,0.606874559],[-78.138686912,0.603540425],[-78.139353667,0.600651471],[-78.137581097,0.597810308],[-78.137561576,0.594224151],[-78.141998202,0.591278642],[-78.141268034,0.588618889],[-78.138718863,0.58116041],[-78.136393505,0.579491665],[-78.133622038,0.579461564],[-78.129127497,0.577296841],[-78.126433732,0.571514659],[-78.1253304,0.570986226],[-78.126142236,0.558642704],[-78.128053568,0.55461285],[-78.130534205,0.551936422],[-78.129269481,0.54815317],[-78.130628519,0.546845288],[-78.130250512,0.542685203],[-78.127218594,0.541528412],[-78.127315027,0.535454191],[-78.128230976,0.531934252],[-78.127865258,0.526758118],[-78.122686939,0.524955917],[-78.120973816,0.522078429],[-78.117816366,0.521117313],[-78.115981595,0.522267052],[-78.11145579,0.520332616],[-78.11279713,0.516029952],[-78.11098188,0.513121419],[-78.111502793,0.510894115],[-78.10767175,0.506675181],[-78.105511054,0.501410089],[-78.105386519,0.499965212],[-78.104825883,0.496013745],[-78.09717821,0.487650374],[-78.096131816,0.48431278],[-78.093314695,0.481573999],[-78.089790119,0.479748275],[-78.080360776,0.478033722],[-78.076594824,0.478142718],[-78.074004087,0.475327077],[-78.067693647,0.473816486],[-78.063532767,0.473941887],[-78.060945002,0.475012322],[-78.05852925,0.473866789],[-78.053003892,0.475143386],[-78.048502071,0.472484922],[-78.045296646,0.471649839],[-78.035577453,0.473994388],[-78.023931401,0.471214005],[-78.019358397,0.472525678],[-78.017187196,0.472062119],[-78.014351378,0.473387621],[-78.011102884,0.473558327],[-78.007344995,0.471096883],[-78.00632966,0.46880158],[-78.001638164,0.467327026],[-77.999095566,0.464278622],[-77.995856245,0.456679046],[-77.995437991,0.453136456],[-77.993485997,0.45206447],[-77.993316928,0.448760781],[-77.989417751,0.447100152],[-77.987361371,0.448077046],[-77.984769093,0.447125207],[-77.982599472,0.444738029],[-77.977921375,0.441674769],[-77.974080592,0.441804667],[-77.972401693,0.43921636],[-77.968431438,0.436603228],[-77.963054516,0.434883493],[-77.962346452,0.433115651],[-77.958068823,0.431893155],[-77.953174259,0.43478658],[-77.950101042,0.433650581],[-77.944880025,0.431488936],[-77.942584746,0.426545975],[-77.93825793,0.424754984],[-77.935912601,0.420265013],[-77.931595329,0.415802375],[-77.929472896,0.409038752],[-77.926462659,0.405310626],[-77.924677438,0.404516363],[-77.923719659,0.401571836],[-77.921779381,0.400815796],[-77.916968304,0.40128438],[-77.91169474,0.398071764],[-77.907213918,0.398638613],[-77.902790402,0.394116256],[-77.898718096,0.392331945],[-77.896770849,0.389985198],[-77.890443915,0.388516442],[-77.886897275,0.387078607],[-77.88439038,0.387229156],[-77.880186864,0.38577102],[-77.879366587,0.383289354],[-77.876676372,0.383054516],[-77.873941113,0.380401595],[-77.866979872,0.38170492],[-77.863124676,0.379858232],[-77.863048661,0.376003352],[-77.859764075,0.370954157],[-77.855851936,0.36806594],[-77.853231913,0.364963087],[-77.848222978,0.361902435],[-77.841068714,0.359003112],[-77.83796275,0.356512499],[-77.837358685,0.353961215],[-77.838202746,0.350566893],[-77.835417763,0.348170317],[-77.835999187,0.345710132],[-77.834443753,0.344278339],[-77.827264635,0.347336554],[-77.82271549,0.348722124],[-77.815792291,0.349139205],[-77.814271476,0.350233098],[-77.812704335,0.354151941],[-77.811039877,0.354151437],[-77.811616244,0.351324238],[-77.813476536,0.349285879],[-77.816890011,0.348414879],[-77.820449459,0.344196059],[-77.818883666,0.340554199],[-77.820665629,0.339527997],[-77.822239107,0.336182987],[-77.825305138,0.332807017],[-77.823358213,0.329963977],[-77.823954462,0.32561631],[-77.827935363,0.322090696],[-77.830962776,0.320931036],[-77.83464788,0.316747081],[-77.836217701,0.312578831],[-77.844438469,0.308432078],[-77.848775634,0.307846357],[-77.850456573,0.306490915],[-77.85079427,0.302974613],[-77.852460373,0.300645927],[-77.849743509,0.297528004],[-77.846801265,0.295522593],[-77.849245689,0.291080969],[-77.849336619,0.28839941],[-77.845316355,0.27911707],[-77.8410162,0.279255592],[-77.837459514,0.276005293],[-77.833775032,0.275948894],[-77.829184275,0.274064847],[-77.831454988,0.270144549],[-77.831290751,0.267211472],[-77.833952448,0.266700978],[-77.840051831,0.262195378],[-77.844510763,0.261171322],[-77.847641507,0.259012182],[-77.848583629,0.255551391],[-77.847546317,0.252829569],[-77.849570485,0.248861955],[-77.852060207,0.247611133],[-77.849869079,0.243743431],[-77.850211186,0.239639608],[-77.854941823,0.239247166],[-77.856162891,0.237903014],[-77.859718343,0.237512288],[-77.862019901,0.232805854],[-77.864559908,0.232628961],[-77.867423543,0.226869275],[-77.86849498,0.22088498],[-77.872324795,0.218033167],[-77.872753504,0.214188759],[-77.870855832,0.211033698],[-77.870465493,0.207784455],[-77.873721879,0.206894043],[-77.874504983,0.205205961],[-77.884110541,0.20158291],[-77.886055524,0.199736582],[-77.889172165,0.202213367],[-77.894368044,0.204422697],[-77.899388808,0.203529949],[-77.900813402,0.202329891],[-77.904739855,0.205837582],[-77.911772987,0.205141889],[-77.914089421,0.202407966],[-77.920966562,0.198532599],[-77.924400859,0.198161577],[-77.92576055,0.195662175],[-77.92367463,0.192071258],[-77.923613179,0.189738546],[-77.925343766,0.186366961],[-77.923759846,0.184406902],[-77.923953424,0.181765025],[-77.927273418,0.180982776],[-77.92816622,0.178374885],[-77.935061778,0.177215874],[-77.938762093,0.180397947],[-77.941358253,0.179782878],[-77.942515608,0.175924633],[-77.946718707,0.169614173],[-77.948933609,0.167749948],[-77.948483004,0.165758004],[-77.951280909,0.162527358],[-77.956905662,0.157808426],[-77.959113429,0.15926487],[-77.962949191,0.159044714],[-77.965199204,0.157903426],[-77.966515184,0.159981178],[-77.966100939,0.167293336],[-77.96723568,0.168742094],[-77.974406391,0.168863935],[-77.979327637,0.169876536],[-77.984240899,0.173510841],[-77.990928193,0.172096376],[-77.997855533,0.173146292],[-78.001886384,0.172038353],[-78.004730399,0.174461196],[-78.007904594,0.174736073],[-78.01077648,0.178658839],[-78.018495606,0.182001991],[-78.021827999,0.184807397],[-78.02396776,0.187802813],[-78.029374056,0.188697473],[-78.031383918,0.188245067],[-78.032127069,0.182330672],[-78.03787366,0.182942103],[-78.040877815,0.185551899],[-78.045307755,0.190836702],[-78.052595359,0.193114385],[-78.057713611,0.189029167],[-78.078546011,0.189108281],[-78.079791667,0.186592778],[-78.084791528,0.186592654],[-78.088129808,0.189349054],[-78.089306263,0.185021219],[-78.092327067,0.18632525],[-78.096294661,0.17905291],[-78.097009401,0.173489007],[-78.098542015,0.17035323],[-78.100510954,0.169276883],[-78.104855641,0.161908893],[-78.107741481,0.158489436],[-78.113754162,0.156279657],[-78.118155024,0.155353946],[-78.122828571,0.155660635],[-78.134097751,0.152702016],[-78.147320605,0.157188293],[-78.148362981,0.158801262],[-78.145965862,0.151007945],[-78.15091791,0.146402683],[-78.153069602,0.142045287],[-78.155519324,0.141128957],[-78.159963936,0.141955743],[-78.164280843,0.141843124],[-78.169528915,0.138630795],[-78.173431264,0.137240147],[-78.176277911,0.137299286],[-78.179283226,0.13479896],[-78.185568296,0.135938386],[-78.185563226,0.134087192],[-78.186580895,0.135882183],[-78.192708863,0.133827613],[-78.196114325,0.13488443],[-78.197486468,0.13101556],[-78.201635316,0.127869616],[-78.205930378,0.1285995],[-78.214455875,0.127088599],[-78.217704891,0.125832377],[-78.219513531,0.128086527],[-78.224244054,0.129213417],[-78.228313319,0.12792306],[-78.228959255,0.1220727],[-78.23590525,0.123802081],[-78.242557557,0.12265164],[-78.246120251,0.123557796],[-78.247552309,0.126459815],[-78.255059504,0.13029777],[-78.258678157,0.135535988],[-78.266820201,0.137773083],[-78.266821111,0.137773334],[-78.276899099,0.135389953],[-78.282909912,0.128679514],[-78.289947597,0.134668213],[-78.289234024,0.137689259],[-78.289772583,0.140722163],[-78.288055473,0.145002923],[-78.284519475,0.149369491],[-78.285147299,0.151168079],[-78.290900806,0.152083391],[-78.297268681,0.154701694],[-78.301044199,0.154494672],[-78.302161198,0.155703048],[-78.299398848,0.160388119],[-78.29716092,0.161094669],[-78.30129259,0.165461305],[-78.300065764,0.167546282],[-78.301157923,0.17036315],[-78.30004627,0.172595059],[-78.305266632,0.176660984],[-78.305481982,0.18017488],[-78.306929434,0.182991346],[-78.314475073,0.187017708],[-78.321191616,0.18775055],[-78.323475633,0.190356294],[-78.327919386,0.19121681],[-78.330680745,0.191424831],[-78.331071192,0.193904285],[-78.333087997,0.19697192],[-78.332950535,0.202125162],[-78.339332312,0.203855192],[-78.339929923,0.197981767],[-78.34300521,0.193995696],[-78.343233165,0.191415442],[-78.348910374,0.185023507],[-78.354980022,0.174860128],[-78.359427936,0.169488583],[-78.362199908,0.167139874],[-78.364068983,0.167542235],[-78.368310378,0.164907587],[-78.368443583,0.162753732],[-78.372272305,0.161311229],[-78.373388886,0.159125254],[-78.374975295,0.160869468],[-78.374413561,0.164449446],[-78.375825384,0.167335261],[-78.372399538,0.170652643],[-78.370177169,0.175649899],[-78.366532349,0.178325883],[-78.365221989,0.186249117],[-78.360687785,0.192634354],[-78.358164944,0.202593083],[-78.359749417,0.204805035],[-78.362770291,0.206082684],[-78.363436458,0.208921466],[-78.356823419,0.217203287],[-78.350843624,0.210464462],[-78.350499347,0.214418723],[-78.348824846,0.2145037],[-78.345624642,0.219976438],[-78.34591886,0.222746283],[-78.343648521,0.227336385],[-78.34387835,0.230269906],[-78.353980278,0.230466666],[-78.353166642,0.23611259],[-78.354156902,0.239063581],[-78.356403954,0.241888419],[-78.356296838,0.243651861],[-78.363023478,0.248465364],[-78.369121932,0.250670912],[-78.371680449,0.253692856],[-78.374077003,0.260907029],[-78.376554633,0.26089448],[-78.376531476,0.256555557],[-78.381129392,0.256555553],[-78.381563417,0.250165657],[-78.383513309,0.251118053],[-78.385883321,0.247710978],[-78.389513172,0.245291061],[-78.39325523,0.245375109],[-78.393868013,0.244044866],[-78.392131648,0.238080701],[-78.397011899,0.237522168],[-78.402360089,0.240673882],[-78.405501807,0.235433624],[-78.406727237,0.231460803],[-78.41007439,0.226355881],[-78.408784457,0.222391225],[-78.410878446,0.217075365],[-78.412443073,0.217790186],[-78.415745505,0.21669314],[-78.419585306,0.21363792],[-78.421573238,0.209855965],[-78.423025569,0.209479113],[-78.424498434,0.205670412],[-78.427744708,0.202592761],[-78.430154919,0.198295155],[-78.432584871,0.196099411],[-78.435243485,0.199053511],[-78.436289533,0.201625851],[-78.440508688,0.203685434],[-78.445599228,0.2092784],[-78.447305835,0.214395419],[-78.450127165,0.213903016],[-78.449864073,0.219612653],[-78.450989552,0.226493998],[-78.45335457,0.230826542],[-78.454161495,0.234133689],[-78.452393947,0.236426156],[-78.456734563,0.241252229],[-78.457266191,0.244497037],[-78.463520805,0.249542421],[-78.465343269,0.252960298],[-78.466164882,0.25844205],[-78.466349805,0.259675873],[-78.472012625,0.264424478],[-78.475223966,0.266100119],[-78.478522743,0.264997433],[-78.484089969,0.265958664],[-78.488033194,0.263549441],[-78.489974013,0.266212174],[-78.488381103,0.268052894],[-78.49177792,0.272646055],[-78.494706222,0.273934291],[-78.496896612,0.277313823],[-78.494485553,0.259528182],[-78.499702021,0.253827747],[-78.502521878,0.251710384],[-78.504668676,0.248189221],[-78.510159167,0.243834783],[-78.510159167,0.226571389],[-78.513035647,0.226102526],[-78.51928084,0.22801379],[-78.519425358,0.220373762],[-78.524150579,0.213355333],[-78.527079133,0.212143269],[-78.53028693,0.212497644],[-78.533901381,0.211146718],[-78.532916995,0.209072844],[-78.535859625,0.206571189],[-78.539228473,0.205486849],[-78.544369379,0.206742038],[-78.549673539,0.204866829],[-78.552630487,0.20505287],[-78.553007568,0.207274343],[-78.559298642,0.206804302],[-78.562176838,0.20787366],[-78.563240797,0.215215718],[-78.56552917,0.221694015],[-78.5695978,0.222767091],[-78.575613108,0.225293523],[-78.577675921,0.22437647],[-78.583772354,0.225004431],[-78.588500717,0.222966939],[-78.596747441,0.223613251],[-78.601031401,0.222456419],[-78.603880921,0.220265297],[-78.602596405,0.217591169],[-78.605707402,0.216746611],[-78.609648086,0.217735772],[-78.612212193,0.219670967],[-78.615381635,0.219585341],[-78.617253609,0.217031318],[-78.620912055,0.216091443],[-78.624985237,0.218040391],[-78.628116258,0.214639734],[-78.630363448,0.21338202],[-78.630245524,0.210543065],[-78.633023438,0.210388316],[-78.635454452,0.207371817],[-78.638324293,0.206477776],[-78.640289398,0.208308188],[-78.642612989,0.20749535],[-78.64487104,0.210047689],[-78.647693823,0.21020452],[-78.649536708,0.214813214],[-78.654962998,0.214390236],[-78.657158082,0.21643812],[-78.661640901,0.213734963],[-78.666171779,0.215057511],[-78.670455194,0.212023246],[-78.674735421,0.210484856],[-78.677899151,0.211888751],[-78.678776744,0.213663595],[-78.682447358,0.21630558],[-78.682598775,0.22349823],[-78.684978195,0.221683227],[-78.688610136,0.223005514],[-78.698249468,0.2212146],[-78.699294909,0.217047237],[-78.705370941,0.218278811],[-78.708717258,0.21546681],[-78.711421298,0.219320041],[-78.718436224,0.219619624],[-78.723754062,0.2216924],[-78.727110792,0.224992154],[-78.729107164,0.224524816],[-78.735034113,0.226748444],[-78.740435675,0.230854392],[-78.743384752,0.234563456],[-78.745234279,0.235471539],[-78.74917764,0.234766169],[-78.753867342,0.240131136],[-78.761621207,0.238173664],[-78.764876866,0.238114829],[-78.768175878,0.241754113],[-78.772975391,0.241270536],[-78.777034348,0.243348143],[-78.780182492,0.240533801],[-78.786428285,0.23867602],[-78.788700012,0.239135226],[-78.792707854,0.236350658],[-78.794935347,0.237033282],[-78.802860096,0.232026298],[-78.807198258,0.232032097],[-78.811149646,0.230532583],[-78.821220556,0.233620783],[-78.822990742,0.233446712],[-78.825217747,0.236897573],[-78.828431257,0.237499081],[-78.832675118,0.239817049],[-78.833602652,0.241461928],[-78.837543126,0.239476956],[-78.840925531,0.239003267],[-78.843028781,0.240072853],[-78.846653371,0.239322461],[-78.849708907,0.237654926],[-78.855950386,0.237627326],[-78.863560531,0.232537404],[-78.86949689,0.233807966],[-78.872701891,0.230886521],[-78.876550314,0.229340475],[-78.880800224,0.222289917],[-78.882370789,0.222851181],[-78.885851582,0.221345988],[-78.892524864,0.220582271],[-78.894794322,0.217816203],[-78.899081294,0.21631754],[-78.903119342,0.215876875],[-78.909331525,0.213370433],[-78.913583151,0.214974984],[-78.91787109,0.214378152],[-78.922614219,0.22117501],[-78.924463013,0.22161255],[-78.928695216,0.218943945],[-78.930875358,0.213861298],[-78.933190205,0.214156282],[-78.936140374,0.212252944],[-78.938275175,0.208249235],[-78.940591603,0.205789362],[-78.943931098,0.204165799],[-78.947686228,0.203918361],[-78.951462757,0.207033117],[-78.954079162,0.20671581],[-78.95520395,0.210356184],[-78.958257249,0.211027222],[-78.959260718,0.213864243],[-78.964332864,0.215132321],[-78.963762283,0.217237425],[-78.965995524,0.223157381],[-78.971450535,0.220018276],[-78.9737798,0.216101258],[-78.978301224,0.211777832],[-78.981562743,0.211168229],[-78.984061771,0.216329173],[-78.986252593,0.216982887],[-78.987340242,0.21294832],[-78.991865847,0.211981199],[-78.993885445,0.216773789],[-78.998595104,0.217791205],[-79.001003925,0.22013115],[-79.002143418,0.223328616],[-79.007718726,0.224232478],[-79.01013638,0.226101808],[-79.013650703,0.231461698],[-79.016533494,0.237762064],[-79.014850733,0.239972331],[-79.015053898,0.242656448],[-79.017098965,0.246600609],[-79.016991348,0.252419675],[-79.014613906,0.259605857],[-79.016761164,0.264449726],[-79.014336583,0.268913416],[-79.017780733,0.273011892],[-79.017637734,0.276985769],[-79.021318633,0.279305158],[-79.027234578,0.279658354],[-79.031442546,0.283034672],[-79.029262662,0.287497702],[-79.029333439,0.290434417],[-79.031122234,0.292528526],[-79.036182876,0.294396547],[-79.04297975,0.294647513],[-79.047134983,0.289819841],[-79.049095387,0.290505597],[-79.051728709,0.293484687],[-79.056476423,0.293572482],[-79.057492389,0.295851945],[-79.057386132,0.299576338],[-79.059312057,0.307202913],[-79.062928636,0.305733806],[-79.066607569,0.306951707],[-79.068217708,0.309080984],[-79.072002481,0.308487675],[-79.075830795,0.306627985],[-79.084635173,0.300087641],[-79.087995904,0.299494201],[-79.097287613,0.301932861],[-79.099958175,0.305273188],[-79.104452447,0.304522517],[-79.108116865,0.305126065],[-79.111467296,0.307437778],[-79.11364928,0.305313656],[-79.112252411,0.302413742],[-79.109572063,0.300547152],[-79.111543548,0.298328661],[-79.115218557,0.300706039],[-79.117661955,0.308880048],[-79.118943828,0.310520076],[-79.126495519,0.31419682],[-79.12766798,0.317449855],[-79.133423309,0.32086554],[-79.141575792,0.321613346],[-79.144091536,0.318570118],[-79.148247352,0.316295516],[-79.14987484,0.316295903],[-79.152573617,0.321732192],[-79.156395268,0.320795019],[-79.160692644,0.317561095],[-79.162726919,0.317867704],[-79.168202958,0.315303879],[-79.173545519,0.315056],[-79.17875542,0.312415537],[-79.181930189,0.31436842],[-79.190028968,0.317949121],[-79.195922765,0.318849769],[-79.201398193,0.320362848],[-79.205332789,0.322275205],[-79.211037247,0.318942665],[-79.214249406,0.319463827],[-79.215923921,0.321207602],[-79.217291848,0.324904531],[-79.219665633,0.324478845],[-79.221241549,0.321390926],[-79.224780615,0.321734143],[-79.226478666,0.324469378],[-79.231057802,0.326785236],[-79.233969729,0.326653252],[-79.241401281,0.320286497],[-79.244104756,0.320137423],[-79.246352904,0.322849598],[-79.249336357,0.322598994],[-79.255053475,0.319655518],[-79.259021808,0.31983533],[-79.264616157,0.318014231],[-79.267468949,0.317872753],[-79.271863459,0.319879184],[-79.273044297,0.322333894],[-79.272656947,0.325635256],[-79.268769984,0.329230896],[-79.269947401,0.330755442],[-79.27479169,0.330330124],[-79.274743075,0.333027544],[-79.272035972,0.336896819],[-79.265264878,0.338252801],[-79.258504002,0.341353367],[-79.252921733,0.339643296],[-79.249416094,0.341435173],[-79.246709213,0.341163023],[-79.24587413,0.338979879],[-79.24068161,0.34001933],[-79.239923194,0.342554309],[-79.23633167,0.340082193],[-79.23185518,0.339629401],[-79.226961331,0.342336319],[-79.218033444,0.34156691],[-79.215374793,0.344008356],[-79.207680781,0.346200067],[-79.206051944,0.344513537],[-79.198509903,0.343141395],[-79.19499271,0.341877721],[-79.188591608,0.34125753],[-79.185324911,0.344998074],[-79.182422708,0.3464184],[-79.177680227,0.345848425],[-79.174957694,0.347669639],[-79.172383622,0.345380255],[-79.167516089,0.345987882],[-79.163446419,0.347757998],[-79.158472114,0.346947799],[-79.153292647,0.345331688],[-79.150874762,0.343756361],[-79.148183674,0.343878272],[-79.143618474,0.341604991],[-79.137312126,0.341531422],[-79.134721403,0.3425151],[-79.131831116,0.340317213],[-79.129748131,0.341446391],[-79.126998683,0.33835858],[-79.119577526,0.336994896],[-79.116154464,0.33471808],[-79.114677523,0.335813459],[-79.108738146,0.336009066],[-79.106244586,0.334066466],[-79.101757363,0.332774533],[-79.098707825,0.335083434],[-79.091442869,0.336192763],[-79.087208378,0.334742277],[-79.085050115,0.332958274],[-79.079812574,0.333704586],[-79.075510668,0.329882788],[-79.070367778,0.323896388],[-79.06450223,0.328378886],[-79.062065779,0.326106866],[-79.057824042,0.32483398],[-79.056412186,0.322832581],[-79.052717273,0.319151321],[-79.049772963,0.317873025],[-79.046381782,0.308916768],[-79.046069136,0.305759421],[-79.042768918,0.303172897],[-79.04018946,0.304844615],[-79.036017362,0.30447985],[-79.028901628,0.307193144],[-79.022614334,0.306930594],[-79.018569844,0.3128409],[-79.013401788,0.314064898],[-79.010955575,0.31760739],[-79.006159949,0.317618746],[-79.002845544,0.319141564],[-78.995761415,0.325781389],[-78.993351975,0.326413445],[-78.990375314,0.328750529],[-78.987216185,0.328991404],[-78.983802166,0.33121991],[-78.982569504,0.333918148],[-78.977787103,0.33775149],[-78.973490516,0.342245497],[-78.967169757,0.344641361],[-78.9590413,0.351541829],[-78.957785259,0.355529849],[-78.954960409,0.361144886],[-78.952235785,0.368646395],[-78.948092826,0.374904725],[-78.945110781,0.378117558],[-78.943471641,0.382021593],[-78.940790579,0.383674412],[-78.935693483,0.388892605],[-78.927748368,0.393700495],[-78.921640981,0.393396909],[-78.917797172,0.394450896],[-78.913218954,0.400169864],[-78.910998984,0.401543712],[-78.911008381,0.362646296],[-78.907573231,0.363338709],[-78.907216249,0.365730791],[-78.903948922,0.365969238],[-78.905314608,0.368660742],[-78.902759523,0.371530726],[-78.89973054,0.368719221],[-78.895334764,0.368000532],[-78.893017439,0.37033232],[-78.893313824,0.373023552],[-78.897531023,0.375237307],[-78.899371896,0.378048532],[-78.896401458,0.37888506],[-78.891173885,0.378764173],[-78.89016302,0.382830561],[-78.892538364,0.386239952],[-78.888676152,0.389946798],[-78.887131905,0.388869947],[-78.88226038,0.390363796],[-78.88148772,0.391978284],[-78.878041798,0.393891102],[-78.87251601,0.398673906],[-78.87150472,0.404175493],[-78.867167444,0.407224279],[-78.865562437,0.411410026],[-78.862353519,0.415595327],[-78.859680198,0.416192621],[-78.857422202,0.418643893],[-78.855994818,0.424862922],[-78.852913583,0.427153758],[-78.850719099,0.430037244],[-78.846703442,0.43023754],[-78.843637313,0.433537719],[-78.83363075,0.435600101],[-78.830164687,0.433820888],[-78.82581743,0.430303336],[-78.821968513,0.429082295],[-78.816195448,0.426210211],[-78.815103128,0.41953168],[-78.814091356,0.417967016],[-78.808054781,0.414971694],[-78.804791762,0.41483072],[-78.800123514,0.412539228],[-78.796382896,0.412864972],[-78.793322867,0.410252118],[-78.796957729,0.404972601],[-78.792395706,0.404203715],[-78.789432667,0.402062933],[-78.786634908,0.401429758],[-78.779649264,0.404654847],[-78.775353967,0.4055392],[-78.773199977,0.401515782],[-78.769557824,0.403880676],[-78.765495788,0.407789178],[-78.759268352,0.407337758],[-78.754503994,0.407822771],[-78.750352624,0.402402663],[-78.748185171,0.4009956],[-78.743690164,0.401830109],[-78.740497122,0.400969552],[-78.737463346,0.403323527],[-78.734804151,0.403912371],[-78.730462844,0.401500973],[-78.727980113,0.402340568],[-78.722124991,0.401787213],[-78.717763696,0.402772711],[-78.715260828,0.40094323],[-78.709836629,0.399562549],[-78.709464756,0.397581796],[-78.706030049,0.39739898],[-78.702059533,0.393414093],[-78.702745056,0.390916388],[-78.699243895,0.38302353],[-78.696362673,0.38230577],[-78.694987033,0.379841569],[-78.692719276,0.380116151],[-78.690231519,0.377214886],[-78.685890139,0.375332311],[-78.683055434,0.375653851],[-78.680745734,0.373950672],[-78.672787287,0.374040044],[-78.669055959,0.375680912],[-78.664968601,0.378827563],[-78.657964778,0.377259152],[-78.653827545,0.380000917],[-78.652734956,0.382243437],[-78.648431235,0.383529002],[-78.647316498,0.388724956],[-78.644260669,0.389842433],[-78.641593806,0.394126449],[-78.64132369,0.397136557],[-78.635666087,0.398724493],[-78.627585426,0.404438031],[-78.624895097,0.406843957],[-78.619328126,0.408997551],[-78.617063715,0.41061479],[-78.613329735,0.416382404],[-78.614670254,0.42146542],[-78.613269208,0.42680367],[-78.614472058,0.429004823],[-78.609550957,0.436882572],[-78.607748711,0.438954873],[-78.60870206,0.443703789],[-78.606147023,0.447188335],[-78.607365898,0.450495161],[-78.606772561,0.452935593],[-78.601276703,0.454683234],[-78.600589959,0.459723396],[-78.59788515,0.459866816],[-78.5953731,0.462590532],[-78.592339724,0.467751717],[-78.589447085,0.467329333],[-78.586294618,0.469497658],[-78.582146654,0.468764039],[-78.573404222,0.473520579],[-78.567627943,0.4757224],[-78.564899794,0.478147503],[-78.562728409,0.481591698],[-78.560296199,0.482586156],[-78.558177691,0.488155947],[-78.558453862,0.492745217],[-78.557337527,0.496509756],[-78.555954303,0.500252596],[-78.555838718,0.50402842],[-78.557891611,0.505080296],[-78.558933113,0.509165951],[-78.555479409,0.513152312],[-78.554425799,0.516277458],[-78.549900615,0.519432564],[-78.548181254,0.519324043],[-78.53939848,0.522468801],[-78.536584706,0.526356963],[-78.531186107,0.527829236],[-78.528859219,0.526078398],[-78.523525237,0.529266245],[-78.519837532,0.528917657],[-78.519134598,0.530555895],[-78.51432316,0.535159973],[-78.510180456,0.537726761],[-78.50879418,0.541209389],[-78.506286816,0.54366562],[-78.502384574,0.544571607],[-78.500175332,0.543217349],[-78.498140268,0.545590039],[-78.490428353,0.54506965],[-78.487457094,0.542157861],[-78.484488589,0.541812649],[-78.479576192,0.538383658],[-78.475402541,0.536994944],[-78.475077084,0.534753726],[-78.472070494,0.534557276],[-78.465242113,0.532011785],[-78.464540913,0.53945302],[-78.457987981,0.540276495],[-78.454355633,0.538967048],[-78.453971535,0.541320198],[-78.450485199,0.546436312],[-78.446478443,0.549868857],[-78.44580181,0.551768275],[-78.447329856,0.553995954],[-78.447185883,0.556852097],[-78.445082969,0.557720206],[-78.443004432,0.561932721],[-78.43914741,0.562811275],[-78.438816603,0.569626516],[-78.434108179,0.572923121],[-78.430271458,0.572036591],[-78.428847906,0.574564797],[-78.429333726,0.578563743],[-78.427380378,0.581874623],[-78.426389164,0.585932275],[-78.428478192,0.587916623],[-78.430423673,0.596987729],[-78.429780492,0.600856625],[-78.431295963,0.602678714],[-78.433145742,0.608306914],[-78.434705496,0.608422249],[-78.43893555,0.614275013],[-78.442970156,0.616059273],[-78.444657867,0.618721688],[-78.449266996,0.621017482],[-78.452969782,0.621858187],[-78.455683076,0.626783355],[-78.46078313,0.62881497],[-78.463177676,0.635855717],[-78.462783223,0.640382499],[-78.464077929,0.645676969],[-78.466552534,0.651017492],[-78.470271532,0.651870282],[-78.472723548,0.657120586],[-78.47336569,0.662764202],[-78.477612294,0.666114649],[-78.477690211,0.671831823],[-78.479397614,0.67846983],[-78.482070461,0.682476661],[-78.486393084,0.683922094],[-78.48724386,0.688682192],[-78.490123938,0.691523039],[-78.491429803,0.697707826],[-78.491217681,0.701467159],[-78.492350433,0.705870292],[-78.498766243,0.708190423],[-78.50134403,0.707250776],[-78.505734018,0.709075199],[-78.5093186,0.708972817],[-78.510806129,0.713836358],[-78.514701258,0.716945422],[-78.516023511,0.722360943],[-78.518502034,0.725962933],[-78.524447822,0.728547574],[-78.524716399,0.731659227],[-78.52132747,0.730917773],[-78.52040742,0.735253714],[-78.517949328,0.737087145],[-78.519488703,0.743563721],[-78.51801356,0.753399103],[-78.51866279,0.757109647],[-78.524651148,0.762725778],[-78.528845776,0.764400726],[-78.532416815,0.763634203],[-78.532446666,0.768158559],[-78.534656633,0.771687433],[-78.527891983,0.771113184],[-78.524750894,0.769455415],[-78.521430346,0.771532313],[-78.516058067,0.771442818],[-78.512480139,0.775451034],[-78.507535402,0.775021947],[-78.506805862,0.77325946],[-78.502785943,0.769605288],[-78.498742822,0.769098301],[-78.49388797,0.76732814],[-78.483680396,0.770282715],[-78.481482994,0.770152868],[-78.477094979,0.77350723],[-78.467371315,0.77382902],[-78.466421097,0.777764716],[-78.461500769,0.778457637],[-78.45925385,0.783097453],[-78.459436806,0.785350395],[-78.456766239,0.785970522],[-78.453371556,0.789775531],[-78.451124517,0.789305431],[-78.449502204,0.792829328],[-78.452474475,0.796073892],[-78.450885592,0.799282141],[-78.44878444,0.801083929],[-78.446157931,0.799613976],[-78.442709462,0.805810243],[-78.443847998,0.80861365],[-78.441954125,0.813223006],[-78.441842326,0.817216519],[-78.442976786,0.818919902],[-78.450927517,0.82337776],[-78.449199718,0.826820189],[-78.446726345,0.826441945],[-78.446401654,0.832650345],[-78.448390277,0.837681795],[-78.452576255,0.83823085],[-78.454486808,0.842519047],[-78.452278516,0.850956498],[-78.453199783,0.85784921],[-78.450606255,0.862952798],[-78.451901828,0.866981379],[-78.453430833,0.868554416],[-78.452956588,0.871468276],[-78.454383781,0.873734104],[-78.453495811,0.875991772]]]]},"properties":{"codigo":"10","nombre":"IMBABURA","nivel":"Provincia","codigo_provincia":"10","provincia":"IMBABURA"},"id":"10"},{"type":"Feature","geometry":{"type":"MultiPolygon","coordinates":[[[[-79.433496212,-3.342104037],[-79.428411833,-3.344026505],[-79.42280725,-3.341666846],[-79.417706341,-3.341862884],[-79.410844007,-3.343938416],[-79.407370048,-3.343005063],[-79.404000769,-3.345211867],[-79.392502262,-3.346615599],[-79.390516797,-3.345815852],[-79.381647903,-3.346701575],[-79.377528764,-3.349396599],[-79.375412317,-3.348557809],[-79.371752245,-3.344337156],[-79.367142206,-3.345375862],[-79.364374743,-3.343442104],[-79.362656081,-3.343742855],[-79.358813923,-3.342643187],[-79.357235222,-3.343498918],[-79.353637534,-3.342524843],[-79.351076661,-3.339318668],[-79.348552,-3.339083754],[-79.346258761,-3.34169055],[-79.340825082,-3.342844191],[-79.334346168,-3.33981002],[-79.331631113,-3.341805672],[-79.331948185,-3.344368771],[-79.329367361,-3.348852717],[-79.324370901,-3.349370343],[-79.312314514,-3.354668397],[-79.308476442,-3.356826335],[-79.305151198,-3.357578691],[-79.304521731,-3.361201819],[-79.301726451,-3.363838444],[-79.301683584,-3.367601245],[-79.30241582,-3.368671311],[-79.301168693,-3.377105165],[-79.30484274,-3.383978223],[-79.305526855,-3.391100762],[-79.308695474,-3.393625612],[-79.308448126,-3.399944173],[-79.305547188,-3.402340543],[-79.304754709,-3.404600117],[-79.300567338,-3.405190525],[-79.299523223,-3.408315186],[-79.302607136,-3.412146519],[-79.301418352,-3.41680805],[-79.303295114,-3.417635002],[-79.303941398,-3.422432992],[-79.303451477,-3.428767374],[-79.301224844,-3.433367826],[-79.301976114,-3.435541112],[-79.299288858,-3.437277605],[-79.29960046,-3.439094886],[-79.296705184,-3.441094634],[-79.297620012,-3.444903064],[-79.296765001,-3.447827948],[-79.294845174,-3.4491014],[-79.289694909,-3.457801587],[-79.290540929,-3.459955107],[-79.288577324,-3.461452106],[-79.289162516,-3.466945252],[-79.286203467,-3.467039013],[-79.28423313,-3.468863864],[-79.281634704,-3.468522215],[-79.281135844,-3.472296436],[-79.279428309,-3.47289472],[-79.276804486,-3.476617961],[-79.273673841,-3.475982783],[-79.263633665,-3.476241233],[-79.256468966,-3.475672409],[-79.253836262,-3.472145514],[-79.248732696,-3.46976012],[-79.245039595,-3.468773243],[-79.241760212,-3.467883552],[-79.240639917,-3.466053253],[-79.235292322,-3.464978265],[-79.23145978,-3.462464926],[-79.228879151,-3.464692985],[-79.226318578,-3.462546365],[-79.222337348,-3.462422177],[-79.221682117,-3.458980043],[-79.217715046,-3.454456563],[-79.213034736,-3.455102978],[-79.210750507,-3.4509238],[-79.208463667,-3.448915581],[-79.205163259,-3.448832348],[-79.1984769,-3.446412391],[-79.194840141,-3.445947332],[-79.192534386,-3.442002015],[-79.189958186,-3.43980237],[-79.183423455,-3.439159353],[-79.180279827,-3.442499454],[-79.179615999,-3.449978455],[-79.180169468,-3.451652471],[-79.17971622,-3.45707447],[-79.176426976,-3.463268942],[-79.175650903,-3.467766307],[-79.172722152,-3.467166899],[-79.166390246,-3.470797503],[-79.160548877,-3.471531518],[-79.158563974,-3.475292768],[-79.159353852,-3.479990424],[-79.158577059,-3.482056105],[-79.158251289,-3.487866215],[-79.156039866,-3.489003284],[-79.157416251,-3.496444884],[-79.159001827,-3.498813913],[-79.158912237,-3.503807843],[-79.154692754,-3.506056125],[-79.151527186,-3.514211656],[-79.148703734,-3.517152877],[-79.143856788,-3.520820202],[-79.141906279,-3.524723387],[-79.136163562,-3.527753137],[-79.137282763,-3.53063592],[-79.135322711,-3.537694092],[-79.133150088,-3.540661577],[-79.135538824,-3.543340478],[-79.136089526,-3.546519068],[-79.134565684,-3.550435172],[-79.13724509,-3.553951956],[-79.139576437,-3.558447953],[-79.139894322,-3.567700262],[-79.138294371,-3.570921235],[-79.138218876,-3.575781315],[-79.13724241,-3.578513657],[-79.134677114,-3.580080661],[-79.135391395,-3.584244454],[-79.135029057,-3.590980094],[-79.133324335,-3.592533135],[-79.133444982,-3.598405367],[-79.128577025,-3.601213226],[-79.12513049,-3.600095448],[-79.11804695,-3.601466045],[-79.116825046,-3.609543509],[-79.115074234,-3.611935703],[-79.109969786,-3.612565272],[-79.105613905,-3.616956657],[-79.106688886,-3.621549081],[-79.105027568,-3.625957308],[-79.102840533,-3.627100102],[-79.097595518,-3.625131204],[-79.095134502,-3.624992965],[-79.097011426,-3.625323566],[-79.100292324,-3.628605927],[-79.107851084,-3.631019178],[-79.110476903,-3.633620423],[-79.109645654,-3.639115713],[-79.108321651,-3.639453285],[-79.106643961,-3.645345578],[-79.108212885,-3.647597951],[-79.113864375,-3.649315844],[-79.117508342,-3.649467347],[-79.121601529,-3.655579662],[-79.123927888,-3.654865204],[-79.127661706,-3.657181694],[-79.130247923,-3.657695095],[-79.130852484,-3.660454676],[-79.138451467,-3.661552089],[-79.141198221,-3.666385845],[-79.142767915,-3.66618997],[-79.146864601,-3.659448267],[-79.14965429,-3.660976234],[-79.151734511,-3.660696284],[-79.157673466,-3.663081858],[-79.157061296,-3.668975562],[-79.157741826,-3.675336632],[-79.156456287,-3.679661007],[-79.157952785,-3.682771573],[-79.154984943,-3.684224795],[-79.154185695,-3.692249747],[-79.154912358,-3.69670119],[-79.157933558,-3.69884274],[-79.157317014,-3.702017579],[-79.156771777,-3.704484978],[-79.160004399,-3.70643389],[-79.161687397,-3.711206328],[-79.162221525,-3.715485131],[-79.167892309,-3.71297053],[-79.175919559,-3.711042127],[-79.179049977,-3.713984159],[-79.183244289,-3.714456151],[-79.184296652,-3.71780361],[-79.194377578,-3.722133439],[-79.196140078,-3.726026841],[-79.195293879,-3.730622432],[-79.192118879,-3.731942755],[-79.193839026,-3.740942043],[-79.190173448,-3.745719418],[-79.189342592,-3.74832739],[-79.191025934,-3.750129708],[-79.189115368,-3.75375035],[-79.186093842,-3.754910007],[-79.183562933,-3.761108404],[-79.18136278,-3.762861947],[-79.178075378,-3.770556552],[-79.179149971,-3.773352899],[-79.177732405,-3.774847589],[-79.176394258,-3.782946059],[-79.175359111,-3.78450812],[-79.175838259,-3.791001112],[-79.175898549,-3.795313598],[-79.173705112,-3.796380771],[-79.170091585,-3.802239386],[-79.166155649,-3.802853036],[-79.160438581,-3.804752654],[-79.161075171,-3.810860573],[-79.156815483,-3.816368242],[-79.15699144,-3.818472062],[-79.151001771,-3.819184498],[-79.148073277,-3.82146387],[-79.14348579,-3.821440084],[-79.141997788,-3.826690587],[-79.143085638,-3.829482506],[-79.141205004,-3.837371746],[-79.13985263,-3.839040979],[-79.141230868,-3.842531909],[-79.140291845,-3.847354116],[-79.142897808,-3.849343937],[-79.145546148,-3.854592377],[-79.144567866,-3.858039012],[-79.138176949,-3.861348253],[-79.133038711,-3.868506429],[-79.129892892,-3.875986327],[-79.129594979,-3.879558377],[-79.131564424,-3.881576873],[-79.13201456,-3.884519422],[-79.129112744,-3.888769129],[-79.130716427,-3.892716479],[-79.137271854,-3.899352139],[-79.142657633,-3.901693976],[-79.143721055,-3.904310511],[-79.144187236,-3.91118259],[-79.143184139,-3.915921525],[-79.145259014,-3.920878709],[-79.148319402,-3.925293209],[-79.14754279,-3.930358716],[-79.148614171,-3.932836578],[-79.144278122,-3.934135472],[-79.142811494,-3.936815041],[-79.142934654,-3.943147776],[-79.140089478,-3.950209512],[-79.144932612,-3.954157326],[-79.150134669,-3.963092445],[-79.149661603,-3.967245774],[-79.147036857,-3.969195912],[-79.143414522,-3.973986085],[-79.144346138,-3.975504374],[-79.143891349,-3.979158015],[-79.144614729,-3.983220489],[-79.144412048,-3.987866777],[-79.14781161,-3.99505351],[-79.144944783,-4.001417038],[-79.145506329,-4.003545848],[-79.144526266,-4.013547913],[-79.14601168,-4.017538957],[-79.143752647,-4.023591452],[-79.142304241,-4.025249427],[-79.141015176,-4.029963332],[-79.137597103,-4.032316788],[-79.136388027,-4.035727356],[-79.139381997,-4.041246316],[-79.140064779,-4.044802988],[-79.142520285,-4.049415198],[-79.140819704,-4.055784272],[-79.141796412,-4.058427732],[-79.144523279,-4.061484327],[-79.150965683,-4.064721722],[-79.153465755,-4.066959585],[-79.15396782,-4.070901043],[-79.155694794,-4.075871773],[-79.154796295,-4.082146099],[-79.156811325,-4.088664093],[-79.159261638,-4.090812147],[-79.16112212,-4.094595259],[-79.160407802,-4.097525527],[-79.161053373,-4.104345417],[-79.162298388,-4.10950444],[-79.162738838,-4.11485013],[-79.159312317,-4.121201252],[-79.159114102,-4.126574164],[-79.157147895,-4.128706255],[-79.159134592,-4.130701539],[-79.160179339,-4.135009898],[-79.15725223,-4.139489286],[-79.157899905,-4.143789967],[-79.15799007,-4.151178198],[-79.159186571,-4.15369279],[-79.156676708,-4.15456613],[-79.152145776,-4.158724279],[-79.143730569,-4.163028721],[-79.140173312,-4.16345692],[-79.135162902,-4.161220128],[-79.133274883,-4.162880335],[-79.130574183,-4.1645765],[-79.125069798,-4.169718938],[-79.125332283,-4.172070069],[-79.122286262,-4.175441997],[-79.11519014,-4.181046994],[-79.111625996,-4.181845818],[-79.107986798,-4.185686417],[-79.107265333,-4.189308852],[-79.104796461,-4.195435741],[-79.105840192,-4.197301695],[-79.105275443,-4.197933617],[-79.10630124,-4.206776707],[-79.100734974,-4.208734416],[-79.100752851,-4.211188994],[-79.103130574,-4.215266562],[-79.106589901,-4.219442468],[-79.108879811,-4.22535954],[-79.106833291,-4.228941284],[-79.107343847,-4.238578438],[-79.106175896,-4.239869862],[-79.105559128,-4.244671192],[-79.107490388,-4.24872549],[-79.105424111,-4.252321383],[-79.1059605,-4.260497919],[-79.108153907,-4.264941119],[-79.114535536,-4.266932911],[-79.112536811,-4.272434111],[-79.112027088,-4.277290383],[-79.108362825,-4.28081721],[-79.106090673,-4.288041227],[-79.109030608,-4.294172911],[-79.112200263,-4.296061155],[-79.114131064,-4.30168317],[-79.119044954,-4.305623583],[-79.121016303,-4.308341392],[-79.11991818,-4.312979843],[-79.117935946,-4.314257914],[-79.116705188,-4.317038868],[-79.11304341,-4.32138383],[-79.113014642,-4.329154572],[-79.111110823,-4.330157257],[-79.108954985,-4.333979984],[-79.111295187,-4.338474244],[-79.115628937,-4.341276149],[-79.11373448,-4.343331012],[-79.111521444,-4.350581439],[-79.111538771,-4.355103007],[-79.107831731,-4.359320938],[-79.108281151,-4.365444059],[-79.110950256,-4.370295278],[-79.110470702,-4.376200751],[-79.10935965,-4.380159652],[-79.114389993,-4.387782556],[-79.115225675,-4.391513131],[-79.11200483,-4.396811058],[-79.110851942,-4.40492234],[-79.111988316,-4.407968284],[-79.115323848,-4.411393981],[-79.116912932,-4.414508065],[-79.118409338,-4.424129098],[-79.120030247,-4.426164323],[-79.13137708,-4.42760462],[-79.134680948,-4.430831896],[-79.13994142,-4.431530577],[-79.143418898,-4.434653967],[-79.145867114,-4.44218871],[-79.144919745,-4.44500829],[-79.146655047,-4.447816939],[-79.151718106,-4.449948732],[-79.154221876,-4.449575227],[-79.159407341,-4.452213099],[-79.16089705,-4.457044694],[-79.160806447,-4.460805208],[-79.163434731,-4.46529288],[-79.163457354,-4.467697303],[-79.165621155,-4.470345758],[-79.165779968,-4.474634166],[-79.169675077,-4.475573375],[-79.171284091,-4.472702196],[-79.176785781,-4.474639431],[-79.181524284,-4.478677682],[-79.186089891,-4.477447355],[-79.18924348,-4.474247387],[-79.200509975,-4.484804048],[-79.200696503,-4.487614205],[-79.198578705,-4.491082776],[-79.198258958,-4.494441022],[-79.199539331,-4.49822705],[-79.202889466,-4.500003225],[-79.205779475,-4.505405785],[-79.208116095,-4.506394552],[-79.208823712,-4.509804757],[-79.210470426,-4.511014621],[-79.21549756,-4.50832351],[-79.220466456,-4.504081881],[-79.219704306,-4.496761429],[-79.224033104,-4.492973339],[-79.230922684,-4.490942926],[-79.234212577,-4.490893006],[-79.238819781,-4.486932481],[-79.245788041,-4.484269824],[-79.248381198,-4.482591555],[-79.251522448,-4.483895829],[-79.255846087,-4.484212415],[-79.260911761,-4.488092743],[-79.263275132,-4.488087706],[-79.265877277,-4.485315942],[-79.269193094,-4.480342544],[-79.271626063,-4.473658752],[-79.277432417,-4.474002617],[-79.280303089,-4.473145957],[-79.28375749,-4.476159122],[-79.287571655,-4.478190065],[-79.291420874,-4.479089168],[-79.29505057,-4.487894905],[-79.296635084,-4.49276562],[-79.303610572,-4.494849086],[-79.302837719,-4.499022185],[-79.304607493,-4.500720259],[-79.307922754,-4.501619456],[-79.310630106,-4.503569493],[-79.31555811,-4.510314653],[-79.317756798,-4.507989362],[-79.323991391,-4.50853901],[-79.327288129,-4.509112009],[-79.327304636,-4.516061362],[-79.328930903,-4.522041468],[-79.327287779,-4.527627644],[-79.32782895,-4.531790442],[-79.330290776,-4.535734976],[-79.332468497,-4.541144928],[-79.333998102,-4.541598275],[-79.337172219,-4.547697604],[-79.335415914,-4.54997375],[-79.334950808,-4.557125978],[-79.33339222,-4.559075358],[-79.333361305,-4.563126959],[-79.329557775,-4.566805944],[-79.32888541,-4.574612645],[-79.327416404,-4.577729183],[-79.328645996,-4.579923891],[-79.329535942,-4.584963403],[-79.331102225,-4.585571201],[-79.331603603,-4.590417409],[-79.330947727,-4.593059708],[-79.331130783,-4.598928013],[-79.332380051,-4.60024754],[-79.333390868,-4.606230774],[-79.334670332,-4.607154929],[-79.341050122,-4.616782205],[-79.344996453,-4.619321626],[-79.347356614,-4.622090619],[-79.353297482,-4.625723314],[-79.353795429,-4.634666945],[-79.35354376,-4.637800709],[-79.356444818,-4.641288757],[-79.359257491,-4.649496078],[-79.364722532,-4.652774752],[-79.369512803,-4.653976212],[-79.372271242,-4.655597641],[-79.375715267,-4.653757274],[-79.378208225,-4.65731368],[-79.380889055,-4.657286329],[-79.381522559,-4.663849761],[-79.384991567,-4.668832109],[-79.388772959,-4.670183096],[-79.39064243,-4.672326441],[-79.390429443,-4.674744947],[-79.394755372,-4.678896604],[-79.39504983,-4.682650944],[-79.396497315,-4.686789269],[-79.395006007,-4.691336722],[-79.392941138,-4.693277218],[-79.392993601,-4.694876046],[-79.39702582,-4.700283214],[-79.397293745,-4.704092979],[-79.400659708,-4.70887652],[-79.399121911,-4.713907187],[-79.399859537,-4.716722683],[-79.398319929,-4.718365298],[-79.402070011,-4.722058678],[-79.410848619,-4.721064345],[-79.414358056,-4.721550916],[-79.41803732,-4.727081679],[-79.418355826,-4.733858545],[-79.42146575,-4.738076812],[-79.424728435,-4.746579024],[-79.427669477,-4.747296183],[-79.429279877,-4.741635525],[-79.432793375,-4.734151014],[-79.435123303,-4.732867793],[-79.43706357,-4.729365798],[-79.442296585,-4.723400822],[-79.446267828,-4.720604743],[-79.449002686,-4.716721654],[-79.449570722,-4.714533061],[-79.452762829,-4.711166348],[-79.453394646,-4.707597409],[-79.457513055,-4.701352828],[-79.457997425,-4.695252194],[-79.456982924,-4.692678718],[-79.458446779,-4.691009005],[-79.459293382,-4.687200684],[-79.458203442,-4.682443502],[-79.459141827,-4.677086326],[-79.461280406,-4.676267621],[-79.461644387,-4.671008828],[-79.460217237,-4.666746946],[-79.462696135,-4.663683658],[-79.462515919,-4.660138129],[-79.464492077,-4.656552729],[-79.463044093,-4.654947422],[-79.46376671,-4.651728887],[-79.466436407,-4.646502864],[-79.469880961,-4.643212363],[-79.469600579,-4.641116011],[-79.472570364,-4.638965656],[-79.474444618,-4.635974401],[-79.480337582,-4.632229415],[-79.482086089,-4.628587348],[-79.486058525,-4.62810398],[-79.48846992,-4.624273566],[-79.487223145,-4.621656582],[-79.488306787,-4.611121206],[-79.489907995,-4.608624209],[-79.488860704,-4.60480534],[-79.490035589,-4.603518308],[-79.489089718,-4.597707864],[-79.490533182,-4.589680741],[-79.493036403,-4.585536277],[-79.494418374,-4.581090631],[-79.493436989,-4.578052165],[-79.488478571,-4.576200424],[-79.482596004,-4.572716684],[-79.479621725,-4.572181841],[-79.47798153,-4.563746706],[-79.483098964,-4.554907851],[-79.484049428,-4.550741574],[-79.483218812,-4.548758824],[-79.485291526,-4.542934951],[-79.484717497,-4.536792778],[-79.48736917,-4.533680285],[-79.487614025,-4.530685282],[-79.489149988,-4.527416965],[-79.492503194,-4.525023331],[-79.495658115,-4.524250878],[-79.496059107,-4.521029459],[-79.502016206,-4.520008567],[-79.505735189,-4.516922854],[-79.510925654,-4.517802366],[-79.514070719,-4.51627707],[-79.515584453,-4.519880769],[-79.51848457,-4.522184631],[-79.521422852,-4.526163378],[-79.523753407,-4.524942437],[-79.527001671,-4.529531539],[-79.52905677,-4.526290724],[-79.537221886,-4.525965034],[-79.54023963,-4.525118057],[-79.544202881,-4.525871624],[-79.543735718,-4.520618827],[-79.544568287,-4.519139751],[-79.548691704,-4.516862729],[-79.550029869,-4.513902998],[-79.557123068,-4.512155483],[-79.55920193,-4.512378326],[-79.560661864,-4.515491938],[-79.563822405,-4.512491824],[-79.56282233,-4.509032804],[-79.564426953,-4.507513071],[-79.566946287,-4.509377119],[-79.567651573,-4.505678453],[-79.570490779,-4.501753723],[-79.572788538,-4.503842508],[-79.576051046,-4.503178567],[-79.578440457,-4.499056563],[-79.580662763,-4.498239978],[-79.580321853,-4.493771941],[-79.58209921,-4.490592728],[-79.579788869,-4.488576304],[-79.586212416,-4.480942247],[-79.589071154,-4.479437431],[-79.589371501,-4.476871032],[-79.592601832,-4.47529898],[-79.592932313,-4.473676028],[-79.591443975,-4.468972614],[-79.594198543,-4.469065271],[-79.598376183,-4.467114693],[-79.596728684,-4.461993138],[-79.601442311,-4.460285395],[-79.600030588,-4.457207084],[-79.602589828,-4.456023745],[-79.608169856,-4.457339042],[-79.611690449,-4.450460956],[-79.614687011,-4.450940519],[-79.616471505,-4.448903067],[-79.616687754,-4.446014864],[-79.624906121,-4.442281719],[-79.629036326,-4.439071129],[-79.633792207,-4.438365324],[-79.63638182,-4.438360036],[-79.64214919,-4.436033915],[-79.644843996,-4.433682841],[-79.64728753,-4.436252546],[-79.649235106,-4.436543179],[-79.655134472,-4.434136047],[-79.659271164,-4.437324733],[-79.662908864,-4.441682739],[-79.665544815,-4.440432616],[-79.666874749,-4.443157999],[-79.671166204,-4.443944651],[-79.673750623,-4.447628915],[-79.678494311,-4.448415445],[-79.682137573,-4.447819984],[-79.685456106,-4.45197766],[-79.688016733,-4.452720709],[-79.68901715,-4.458283539],[-79.694644426,-4.462087432],[-79.698503877,-4.462560891],[-79.701194214,-4.46434407],[-79.702248604,-4.466633641],[-79.706084047,-4.471313338],[-79.708194932,-4.472096247],[-79.712292075,-4.470263093],[-79.715679322,-4.471396619],[-79.716222388,-4.46895248],[-79.71996475,-4.468085058],[-79.721841601,-4.470229896],[-79.726045059,-4.469492584],[-79.726422079,-4.470972836],[-79.732260934,-4.474416645],[-79.736226318,-4.475210835],[-79.738908089,-4.478253266],[-79.745105156,-4.47943174],[-79.745075983,-4.482458669],[-79.749296472,-4.482565769],[-79.750950587,-4.483756068],[-79.755101704,-4.482107537],[-79.758566022,-4.484452921],[-79.759824083,-4.486549168],[-79.766324701,-4.488044779],[-79.774362012,-4.487982081],[-79.779080546,-4.489044517],[-79.782842873,-4.491594183],[-79.786099297,-4.491464486],[-79.793227895,-4.493820091],[-79.796631149,-4.492755996],[-79.798375695,-4.488933385],[-79.801489903,-4.488641388],[-79.806211893,-4.49051598],[-79.812288997,-4.491283229],[-79.815652559,-4.489617035],[-79.817512243,-4.484804489],[-79.819966015,-4.484914103],[-79.823839794,-4.479988463],[-79.828420782,-4.477789142],[-79.832964544,-4.47074112],[-79.837075077,-4.470451439],[-79.837199096,-4.468385055],[-79.840267586,-4.467956576],[-79.843034771,-4.461332827],[-79.84671517,-4.456962678],[-79.849799679,-4.454504338],[-79.85319343,-4.451687035],[-79.854538512,-4.447984493],[-79.853567691,-4.445164299],[-79.854864583,-4.443885639],[-79.853695788,-4.439011387],[-79.853722048,-4.435015361],[-79.85709613,-4.433382275],[-79.859619193,-4.427414132],[-79.863170658,-4.426498187],[-79.863558066,-4.421003581],[-79.870303677,-4.414127564],[-79.883997852,-4.410269049],[-79.885990745,-4.406465694],[-79.890762267,-4.402688006],[-79.894717183,-4.400582498],[-79.900029687,-4.399254951],[-79.90485632,-4.394135921],[-79.911342845,-4.391896712],[-79.912169487,-4.389951039],[-79.917087646,-4.388197193],[-79.919388541,-4.385860734],[-79.921360535,-4.386904326],[-79.924908056,-4.391065624],[-79.928723566,-4.393736004],[-79.935290844,-4.395856031],[-79.943595933,-4.396437148],[-79.947276019,-4.395140511],[-79.951429154,-4.391551379],[-79.954259635,-4.391899163],[-79.959298451,-4.395551752],[-79.962180739,-4.395512724],[-79.965284341,-4.390897249],[-79.968148105,-4.390126124],[-79.972682135,-4.387130781],[-79.973193659,-4.384403592],[-79.977090783,-4.379625852],[-79.978893465,-4.37887312],[-79.980951294,-4.380625482],[-79.984245078,-4.380027817],[-79.9882705,-4.381109225],[-79.992212174,-4.380475224],[-79.99445692,-4.376982111],[-79.997823908,-4.374793029],[-80.00023149,-4.374392915],[-80.004911207,-4.370657873],[-80.008934606,-4.368757062],[-80.010851189,-4.362261347],[-80.013412508,-4.36162222],[-80.014091843,-4.357358452],[-80.018506682,-4.356715944],[-80.022935096,-4.353722687],[-80.026015339,-4.35266592],[-80.030070085,-4.34855591],[-80.034805967,-4.34896199],[-80.035619045,-4.3452105],[-80.039193822,-4.342339404],[-80.039306823,-4.338347305],[-80.040591621,-4.335712891],[-80.044722393,-4.334503494],[-80.047958122,-4.331461852],[-80.052109993,-4.330581511],[-80.054855599,-4.327297065],[-80.05447977,-4.322046998],[-80.057746229,-4.320022689],[-80.059226843,-4.317876154],[-80.05888208,-4.315327],[-80.060992255,-4.310998315],[-80.064753857,-4.30936679],[-80.068634071,-4.309700095],[-80.074022134,-4.307236414],[-80.083642065,-4.301949767],[-80.086625744,-4.301105686],[-80.090538863,-4.301571702],[-80.092332856,-4.299189586],[-80.094849922,-4.298896246],[-80.097223834,-4.294441532],[-80.102039919,-4.293973046],[-80.103917416,-4.291568013],[-80.106486444,-4.291592284],[-80.108732015,-4.294000168],[-80.107446278,-4.297787369],[-80.109765194,-4.29850569],[-80.114081641,-4.297665492],[-80.117298241,-4.294846776],[-80.119467648,-4.296216188],[-80.122869702,-4.294394319],[-80.129174851,-4.294715256],[-80.131972459,-4.29638106],[-80.135867759,-4.296472147],[-80.138924897,-4.29292369],[-80.134794368,-4.290084339],[-80.135418189,-4.285592188],[-80.139679464,-4.287046678],[-80.142151963,-4.285827515],[-80.147800635,-4.292480378],[-80.150211537,-4.297407971],[-80.153299529,-4.298519012],[-80.154259624,-4.302788138],[-80.157024184,-4.304359572],[-80.160577753,-4.302156953],[-80.164789846,-4.301922507],[-80.166567893,-4.300187472],[-80.165666375,-4.291367505],[-80.170272601,-4.289498861],[-80.174943049,-4.294184983],[-80.179437703,-4.300935891],[-80.179051033,-4.303803108],[-80.180565734,-4.306387159],[-80.183094048,-4.313920852],[-80.185657244,-4.316664331],[-80.186458823,-4.324839239],[-80.185883369,-4.328036432],[-80.185907834,-4.334653977],[-80.187901114,-4.335978614],[-80.191504576,-4.335165565],[-80.198550903,-4.337147438],[-80.203191599,-4.335735037],[-80.20633614,-4.340764268],[-80.204832749,-4.342134318],[-80.200433647,-4.342059107],[-80.197021445,-4.344589872],[-80.194911132,-4.350005302],[-80.198974814,-4.351658437],[-80.204712511,-4.349637967],[-80.211173769,-4.352431187],[-80.211220309,-4.354470914],[-80.208720586,-4.356845105],[-80.211478872,-4.358954171],[-80.213989038,-4.35737331],[-80.216528262,-4.353653193],[-80.219609736,-4.354967247],[-80.219387293,-4.35895896],[-80.217134714,-4.364750942],[-80.219234113,-4.367287264],[-80.222943505,-4.368427562],[-80.219714906,-4.374426558],[-80.220589593,-4.376622469],[-80.223767845,-4.379352588],[-80.226878886,-4.378225881],[-80.227508245,-4.374135222],[-80.231463071,-4.372461537],[-80.233130056,-4.37464188],[-80.233016754,-4.378557858],[-80.234569078,-4.383261911],[-80.236640891,-4.386889391],[-80.240167414,-4.388618422],[-80.245030197,-4.389901107],[-80.248433068,-4.393113254],[-80.249183873,-4.396184859],[-80.247787147,-4.398518313],[-80.248671725,-4.400300275],[-80.253562121,-4.402549514],[-80.257674605,-4.40306247],[-80.260533935,-4.405477442],[-80.26214378,-4.411102689],[-80.266352818,-4.411462551],[-80.270645295,-4.408151949],[-80.274530013,-4.404002891],[-80.278434011,-4.405055129],[-80.279604056,-4.408006187],[-80.284194608,-4.407700616],[-80.286392376,-4.409713946],[-80.287646594,-4.417906376],[-80.292390022,-4.41993037],[-80.293992916,-4.421754053],[-80.295600631,-4.42630387],[-80.293248644,-4.430212702],[-80.290954496,-4.432132435],[-80.29064018,-4.434158274],[-80.292822294,-4.437085057],[-80.303363449,-4.441584395],[-80.306109176,-4.447930659],[-80.312752431,-4.452405494],[-80.320979187,-4.45277661],[-80.32321554,-4.454144458],[-80.324889932,-4.460745248],[-80.331010241,-4.465181475],[-80.333354581,-4.465107442],[-80.337660736,-4.467114035],[-80.339918915,-4.466917553],[-80.345659722,-4.469339946],[-80.352283969,-4.472768345],[-80.357047996,-4.473320383],[-80.362386913,-4.47949773],[-80.363493577,-4.47993635],[-80.370947732,-4.479370721],[-80.373197638,-4.478063032],[-80.376257531,-4.478413476],[-80.381663421,-4.477330168],[-80.383607789,-4.480818321],[-80.386150255,-4.483410491],[-80.387831776,-4.486806522],[-80.393799171,-4.484028135],[-80.397591915,-4.479650893],[-80.396058325,-4.476190157],[-80.400220795,-4.47293186],[-80.401889286,-4.470193723],[-80.405970164,-4.4690177],[-80.407227501,-4.466434721],[-80.41113909,-4.463976119],[-80.41440042,-4.463865932],[-80.417140393,-4.459560355],[-80.419558917,-4.460078315],[-80.420128872,-4.466454647],[-80.42562496,-4.462827966],[-80.425159652,-4.459143853],[-80.428046174,-4.458721835],[-80.433419379,-4.456425701],[-80.438385658,-4.456408045],[-80.440283405,-4.455389006],[-80.441069243,-4.452334203],[-80.444597597,-4.445851281],[-80.44696758,-4.446168511],[-80.449652024,-4.442738607],[-80.447489854,-4.441842362],[-80.445455085,-4.438657548],[-80.449641072,-4.437691276],[-80.448873712,-4.4328984],[-80.451308639,-4.432019185],[-80.449983859,-4.429015443],[-80.451473665,-4.42700871],[-80.450213639,-4.42469046],[-80.450971237,-4.420210088],[-80.449047232,-4.419545426],[-80.452560557,-4.412869236],[-80.454048004,-4.408355651],[-80.453448661,-4.406984415],[-80.447826173,-4.403479134],[-80.452426355,-4.397712402],[-80.450651788,-4.393481827],[-80.449110421,-4.392410957],[-80.454031373,-4.3876219],[-80.453204945,-4.382008202],[-80.448277012,-4.375956404],[-80.445599036,-4.371445806],[-80.446061233,-4.368572163],[-80.442473376,-4.364849639],[-80.435450276,-4.361842173],[-80.435317563,-4.359257259],[-80.432723041,-4.355886082],[-80.432443897,-4.352086857],[-80.429414932,-4.351717555],[-80.430491503,-4.345377334],[-80.429146777,-4.340851767],[-80.4267223,-4.335794985],[-80.423746873,-4.332569194],[-80.423832556,-4.330089299],[-80.420218591,-4.329311533],[-80.416700551,-4.323476256],[-80.412782039,-4.319448772],[-80.412332826,-4.31686693],[-80.40667842,-4.312848043],[-80.405055845,-4.30929917],[-80.399150041,-4.305602904],[-80.397476591,-4.301833703],[-80.390811465,-4.298416795],[-80.390580579,-4.295010834],[-80.388232066,-4.295875315],[-80.385289111,-4.291148648],[-80.383094876,-4.291748248],[-80.379594366,-4.290681863],[-80.370757949,-4.283228737],[-80.367735909,-4.282208016],[-80.367664591,-4.279710906],[-80.368204591,-4.273227402],[-80.367753641,-4.270079655],[-80.365110047,-4.268682175],[-80.357483759,-4.261945687],[-80.354482276,-4.260494992],[-80.352648764,-4.258310391],[-80.35359087,-4.25534156],[-80.351268892,-4.250136934],[-80.346121912,-4.246629971],[-80.34490073,-4.243684526],[-80.34233467,-4.242193376],[-80.341820576,-4.239039876],[-80.337203716,-4.235534408],[-80.335288375,-4.231473004],[-80.333657504,-4.230059215],[-80.329374567,-4.222994139],[-80.327868805,-4.222922817],[-80.324065015,-4.21754833],[-80.320948649,-4.215022585],[-80.318665524,-4.214898142],[-80.312132109,-4.208885721],[-80.309269816,-4.204591479],[-80.306370213,-4.200156119],[-80.308982458,-4.198383129],[-80.312701784,-4.197926057],[-80.32279311,-4.208383879],[-80.325611184,-4.209924182],[-80.329689078,-4.214531324],[-80.33587209,-4.213015154],[-80.339990703,-4.208571201],[-80.347165382,-4.212258691],[-80.34676879,-4.216957788],[-80.351201242,-4.219713826],[-80.355049944,-4.218502348],[-80.35539209,-4.216212984],[-80.358206641,-4.214710652],[-80.359221503,-4.211821481],[-80.362070112,-4.208412298],[-80.365229402,-4.206076784],[-80.364024949,-4.203799306],[-80.36558105,-4.199863909],[-80.367883879,-4.196849299],[-80.371892541,-4.197498534],[-80.37843392,-4.204609099],[-80.383057801,-4.207398858],[-80.38783225,-4.202031835],[-80.391586719,-4.204398309],[-80.405084738,-4.214977037],[-80.409053543,-4.217415887],[-80.410563149,-4.215411216],[-80.414629714,-4.213780675],[-80.416025553,-4.211811221],[-80.416430653,-4.20795482],[-80.419211254,-4.202251541],[-80.426119154,-4.199757783],[-80.429312079,-4.196500717],[-80.431648307,-4.195576345],[-80.434882997,-4.196085655],[-80.439310519,-4.198307388],[-80.441014539,-4.200481195],[-80.444842651,-4.202819171],[-80.445563079,-4.207215241],[-80.449143224,-4.208850305],[-80.449070637,-4.129053803],[-80.449834611,-4.124974861],[-80.448188433,-4.12323724],[-80.449738564,-4.121143511],[-80.451536528,-4.12482826],[-80.454547752,-4.125165526],[-80.456713874,-4.123726938],[-80.46050294,-4.125728869],[-80.463511202,-4.128959332],[-80.465192181,-4.129095144],[-80.467903246,-4.125886123],[-80.463579311,-4.120297576],[-80.464765397,-4.114386694],[-80.468932494,-4.109034979],[-80.475296492,-4.104516039],[-80.476917144,-4.102779325],[-80.476630304,-4.099846768],[-80.478486834,-4.095286567],[-80.481785248,-4.094370621],[-80.482521778,-4.091484593],[-80.482064662,-4.088008067],[-80.486352058,-4.082286712],[-80.485800329,-4.079935245],[-80.483179285,-4.079499616],[-80.477454459,-4.081388772],[-80.475342633,-4.081236011],[-80.471828022,-4.074679116],[-80.471951447,-4.072499986],[-80.475143487,-4.07022263],[-80.476797866,-4.067439365],[-80.476649906,-4.064028926],[-80.47473371,-4.059414601],[-80.481612408,-4.056760774],[-80.48128229,-4.053307535],[-80.476554868,-4.050199222],[-80.471609288,-4.049121104],[-80.469900976,-4.045670478],[-80.470302429,-4.041550301],[-80.469296005,-4.039997012],[-80.468047488,-4.034193152],[-80.463513388,-4.035243986],[-80.456771171,-4.034449471],[-80.450906983,-4.030951337],[-80.453285048,-4.021228401],[-80.455718562,-4.02046142],[-80.456460974,-4.017150592],[-80.4544924,-4.015917615],[-80.447069235,-4.016498999],[-80.44551105,-4.014817745],[-80.447796026,-4.010894314],[-80.447808,-4.009025416],[-80.441648452,-4.006362294],[-80.441338448,-4.005214451],[-80.44542276,-4.002666045],[-80.44653032,-3.996881591],[-80.443745358,-3.995307973],[-80.439497028,-3.994695707],[-80.438844194,-3.993532702],[-80.430166233,-3.989449939],[-80.427714631,-3.990734814],[-80.426854175,-3.995427678],[-80.423939369,-3.99579156],[-80.422648128,-3.992609569],[-80.419413568,-3.990508154],[-80.412617001,-3.991464493],[-80.409149683,-3.989653536],[-80.40138964,-3.982256741],[-80.398575176,-3.98121434],[-80.394674596,-3.985649728],[-80.389119195,-3.989267233],[-80.386015442,-3.98779253],[-80.380400519,-3.988558514],[-80.37832528,-3.989757484],[-80.375020083,-3.989304193],[-80.374368135,-3.986744939],[-80.372205075,-3.984728035],[-80.366638163,-3.981757379],[-80.363751597,-3.982366499],[-80.359577908,-3.985533445],[-80.357429079,-3.988681962],[-80.356225079,-3.992280271],[-80.353624699,-3.994560605],[-80.350157299,-3.99534127],[-80.342421385,-3.995694954],[-80.341832945,-3.993714885],[-80.338862545,-3.992315205],[-80.334071621,-3.998351968],[-80.329422809,-4.000353816],[-80.328442054,-4.002088625],[-80.328515544,-4.006196408],[-80.324193147,-4.011026521],[-80.317833281,-4.011149592],[-80.312240199,-4.011956663],[-80.307396426,-4.01262555],[-80.305407817,-4.015074023],[-80.300299525,-4.017094372],[-80.295675702,-4.01604327],[-80.29108796,-4.012208616],[-80.288584725,-4.011068427],[-80.285084292,-4.012652607],[-80.282191698,-4.010325202],[-80.276748672,-4.008142714],[-80.272461925,-4.007904881],[-80.269612076,-4.005691098],[-80.267125761,-4.002102712],[-80.262817222,-3.999991362],[-80.260053776,-3.994100294],[-80.256612032,-3.990574169],[-80.25692826,-3.988103057],[-80.254089873,-3.979584381],[-80.250744241,-3.97813948],[-80.247936447,-3.973428331],[-80.247740429,-3.970162691],[-80.241810694,-3.968338449],[-80.240148552,-3.964891626],[-80.236810601,-3.962828029],[-80.23723563,-3.960989987],[-80.240736002,-3.960359987],[-80.240664317,-3.956390045],[-80.236334114,-3.953880383],[-80.234692887,-3.948198201],[-80.231731286,-3.950102824],[-80.229716946,-3.9542692],[-80.226772494,-3.953964043],[-80.222687741,-3.95152158],[-80.217897687,-3.952997091],[-80.218308053,-3.956844399],[-80.215388706,-3.955707442],[-80.21168034,-3.951325728],[-80.208340433,-3.95147379],[-80.198686119,-3.946025864],[-80.193943876,-3.940808605],[-80.187686302,-3.936304301],[-80.185435571,-3.9318361],[-80.185533362,-3.927960991],[-80.180632515,-3.925081812],[-80.17346616,-3.925866814],[-80.171058448,-3.925240614],[-80.164454777,-3.921779378],[-80.161887099,-3.919837413],[-80.15978312,-3.913967423],[-80.158147248,-3.91287891],[-80.15201736,-3.913751704],[-80.140729108,-3.912946218],[-80.139601538,-3.911655207],[-80.139191952,-3.907384138],[-80.135142074,-3.905452109],[-80.133262286,-3.903473646],[-80.134084384,-3.901023791],[-80.126786693,-3.894776578],[-80.12921583,-3.89159279],[-80.127674918,-3.888668402],[-80.121669488,-3.88523195],[-80.119666835,-3.886206357],[-80.114301213,-3.885715414],[-80.111359347,-3.884567738],[-80.10962719,-3.888909883],[-80.10556075,-3.888986988],[-80.106349621,-3.884821674],[-80.103735191,-3.883506573],[-80.102203945,-3.887118893],[-80.094126343,-3.884477572],[-80.088674014,-3.884739745],[-80.085173192,-3.882864342],[-80.077332689,-3.883636023],[-80.073657225,-3.881790833],[-80.070226517,-3.878920371],[-80.067687746,-3.88151642],[-80.063408349,-3.882171877],[-80.060987166,-3.880191085],[-80.05659129,-3.880927901],[-80.052682886,-3.879561549],[-80.049394292,-3.875141654],[-80.041804793,-3.872537169],[-80.037617457,-3.872593672],[-80.034922807,-3.873947379],[-80.031277528,-3.873566255],[-80.02646672,-3.870354871],[-80.021709356,-3.86919532],[-80.01716925,-3.866649936],[-80.011994953,-3.867958288],[-80.009590914,-3.866041572],[-80.009280655,-3.86184993],[-80.007461528,-3.858671883],[-79.998232307,-3.856127507],[-79.996733033,-3.854761913],[-79.992171215,-3.846926155],[-79.986004484,-3.84228186],[-79.984105109,-3.841409563],[-79.981156683,-3.842685012],[-79.978725016,-3.842191953],[-79.976019407,-3.838047363],[-79.974228318,-3.839071449],[-79.970319198,-3.838756564],[-79.96887902,-3.837639075],[-79.968461458,-3.834161136],[-79.96663145,-3.832280198],[-79.964371594,-3.832883305],[-79.959438566,-3.831257309],[-79.954212738,-3.828291407],[-79.9489024,-3.830575722],[-79.942718674,-3.832189519],[-79.936279569,-3.832219809],[-79.933138781,-3.830911675],[-79.931274105,-3.826101193],[-79.92598086,-3.826093269],[-79.925200573,-3.828223566],[-79.920205511,-3.825782144],[-79.917865271,-3.827803791],[-79.914189483,-3.827087173],[-79.914692686,-3.823483636],[-79.911838491,-3.824311659],[-79.911322166,-3.827590258],[-79.907880888,-3.828641356],[-79.905967535,-3.827104433],[-79.903285495,-3.82814007],[-79.898485798,-3.828112355],[-79.896021319,-3.82686699],[-79.894083851,-3.827645866],[-79.884753351,-3.823829831],[-79.880486897,-3.826028404],[-79.875122333,-3.825427448],[-79.872485218,-3.8212851],[-79.866979673,-3.822390413],[-79.864574675,-3.820438563],[-79.86100318,-3.823197957],[-79.853661624,-3.82450693],[-79.84849886,-3.827368441],[-79.845010776,-3.827885096],[-79.842087489,-3.830472951],[-79.837410151,-3.832530707],[-79.832566637,-3.833252815],[-79.830652453,-3.837418545],[-79.824791732,-3.8384017],[-79.822104397,-3.840386885],[-79.81950739,-3.840399083],[-79.809231882,-3.835773177],[-79.806687,-3.83601372],[-79.80547332,-3.83885448],[-79.803211733,-3.839681248],[-79.801805572,-3.842023881],[-79.80037148,-3.8452885],[-79.796095844,-3.844540586],[-79.791595,-3.845948544],[-79.785533581,-3.844514439],[-79.78383092,-3.842600691],[-79.778749445,-3.839887965],[-79.775464911,-3.837415135],[-79.770702585,-3.839192699],[-79.762238291,-3.837468221],[-79.760906576,-3.835743248],[-79.755852948,-3.834335922],[-79.752215103,-3.834937257],[-79.745891228,-3.831461586],[-79.742781746,-3.831708285],[-79.738572952,-3.834262678],[-79.735416292,-3.834186211],[-79.731082437,-3.832672134],[-79.729006578,-3.830900503],[-79.726151693,-3.831975659],[-79.720720561,-3.830711719],[-79.713994155,-3.827884035],[-79.709139885,-3.823701708],[-79.706142905,-3.822347169],[-79.705856834,-3.819587276],[-79.70187949,-3.813878519],[-79.698901489,-3.812818],[-79.697319253,-3.808518118],[-79.693202342,-3.802678599],[-79.689478362,-3.801659904],[-79.685468174,-3.796726506],[-79.686057563,-3.788058956],[-79.684879174,-3.783914114],[-79.682111346,-3.782573888],[-79.679275109,-3.778426269],[-79.673119596,-3.777952605],[-79.671245938,-3.776336616],[-79.670211103,-3.772862334],[-79.664298757,-3.771484385],[-79.661594482,-3.769649786],[-79.658579562,-3.773764201],[-79.65573342,-3.773795586],[-79.646643205,-3.770526973],[-79.644618763,-3.766868621],[-79.638039374,-3.763872162],[-79.632653771,-3.763549024],[-79.632453935,-3.760784344],[-79.629759064,-3.757325704],[-79.626943118,-3.757529751],[-79.62549923,-3.754069373],[-79.623486325,-3.754015633],[-79.619074232,-3.750124335],[-79.611967663,-3.751790556],[-79.610472087,-3.750852352],[-79.607356588,-3.752360164],[-79.60487081,-3.759109943],[-79.60246461,-3.762039125],[-79.602338176,-3.765106709],[-79.600364325,-3.767791299],[-79.597407407,-3.769693709],[-79.59685782,-3.774040448],[-79.595321958,-3.774386133],[-79.591942186,-3.780465442],[-79.588384401,-3.78328783],[-79.583873568,-3.790695171],[-79.581028053,-3.791276148],[-79.576485328,-3.794005515],[-79.576289457,-3.79553303],[-79.57282581,-3.795735292],[-79.568068506,-3.798656334],[-79.568289738,-3.800291068],[-79.559454509,-3.803080096],[-79.55507881,-3.800827249],[-79.551594252,-3.802040813],[-79.549003572,-3.797765077],[-79.546549191,-3.798598588],[-79.543263811,-3.798461069],[-79.537061279,-3.79665708],[-79.533040822,-3.792748642],[-79.521782426,-3.790613907],[-79.516875207,-3.788391602],[-79.513305616,-3.788798948],[-79.511739756,-3.790107059],[-79.510861922,-3.793674875],[-79.506430541,-3.793689222],[-79.501019532,-3.789742632],[-79.493294891,-3.796037665],[-79.492604161,-3.801035774],[-79.489020073,-3.803050237],[-79.484920979,-3.801470214],[-79.478736415,-3.802478163],[-79.476612317,-3.801303236],[-79.470281744,-3.803392175],[-79.466642532,-3.805575484],[-79.463310103,-3.808849592],[-79.459269201,-3.809012472],[-79.455688047,-3.812102487],[-79.448937855,-3.813054445],[-79.444418365,-3.811623522],[-79.44184381,-3.808418328],[-79.439469717,-3.808543339],[-79.4356918,-3.806604038],[-79.431169827,-3.801064226],[-79.429805404,-3.801069514],[-79.428754638,-3.794211431],[-79.426247049,-3.79206716],[-79.42138106,-3.790822834],[-79.413842624,-3.786892463],[-79.4064025,-3.786003334],[-79.405113009,-3.782862592],[-79.40586281,-3.77814797],[-79.405210729,-3.772305443],[-79.403898858,-3.770808761],[-79.403005205,-3.765724452],[-79.405066408,-3.758537458],[-79.405092252,-3.755455651],[-79.403162196,-3.753101039],[-79.407366113,-3.744122677],[-79.407141067,-3.741331366],[-79.410015121,-3.739171041],[-79.410815678,-3.733076961],[-79.413588302,-3.727686324],[-79.415978906,-3.725693504],[-79.410964104,-3.71987402],[-79.410645119,-3.718444969],[-79.407249371,-3.71707957],[-79.402088056,-3.712096506],[-79.401597922,-3.709811507],[-79.397369835,-3.708077705],[-79.39118997,-3.708279402],[-79.38740735,-3.704281423],[-79.383580974,-3.702365031],[-79.381685424,-3.698911257],[-79.378785986,-3.696224963],[-79.375530558,-3.690040816],[-79.372963156,-3.680923352],[-79.369245929,-3.672331957],[-79.368186196,-3.66796673],[-79.36965267,-3.662564061],[-79.366339668,-3.660107151],[-79.366116393,-3.655510881],[-79.367958604,-3.648179472],[-79.371180116,-3.646803936],[-79.371135153,-3.640967642],[-79.374538221,-3.635726343],[-79.377897968,-3.632777647],[-79.380294224,-3.628068302],[-79.383664727,-3.625958755],[-79.38644539,-3.62598266],[-79.39129194,-3.621847712],[-79.391945493,-3.615441098],[-79.391240518,-3.614010179],[-79.397048438,-3.610048033],[-79.413446454,-3.607885768],[-79.415611506,-3.606996895],[-79.420282405,-3.594148012],[-79.421362796,-3.593132397],[-79.420248447,-3.585321135],[-79.421590801,-3.582561814],[-79.428073239,-3.578944071],[-79.431380726,-3.579615396],[-79.432863489,-3.581344711],[-79.435206243,-3.586721071],[-79.444609952,-3.594100868],[-79.448430512,-3.598553887],[-79.447827816,-3.604711515],[-79.452514403,-3.608211586],[-79.454357765,-3.610521017],[-79.459570952,-3.612155593],[-79.463361669,-3.616013757],[-79.467890442,-3.618931595],[-79.472777249,-3.620855957],[-79.473220527,-3.622793075],[-79.479774563,-3.629585026],[-79.479594801,-3.6329425],[-79.482345946,-3.636100428],[-79.487328307,-3.638051172],[-79.490599526,-3.635711928],[-79.489515211,-3.628886121],[-79.492155215,-3.623616618],[-79.490847489,-3.621577666],[-79.498653992,-3.609605986],[-79.497143449,-3.608068521],[-79.496260895,-3.603525417],[-79.492731924,-3.599832689],[-79.491974389,-3.596523959],[-79.488517638,-3.592119913],[-79.485144814,-3.591388666],[-79.482290342,-3.588066179],[-79.482767731,-3.586382234],[-79.480115526,-3.583494405],[-79.478953813,-3.579666409],[-79.480126893,-3.57222183],[-79.477420589,-3.567731501],[-79.479407137,-3.563708981],[-79.482050959,-3.560908683],[-79.480525885,-3.553453381],[-79.481758125,-3.55091764],[-79.480974004,-3.546597143],[-79.48227382,-3.544471467],[-79.481885254,-3.538160981],[-79.478101712,-3.534381193],[-79.475147986,-3.529537324],[-79.474308151,-3.524017762],[-79.479101539,-3.520262176],[-79.479022277,-3.518036705],[-79.481242351,-3.516466804],[-79.481244481,-3.513979211],[-79.479024801,-3.511208],[-79.471009205,-3.505567982],[-79.469530405,-3.502863457],[-79.466759919,-3.501394998],[-79.46390234,-3.501727283],[-79.45924599,-3.49868683],[-79.458522741,-3.495008498],[-79.455506053,-3.490070026],[-79.453514041,-3.488322443],[-79.451492144,-3.483946719],[-79.446690884,-3.481093597],[-79.444212727,-3.470388773],[-79.439053796,-3.466867991],[-79.43540749,-3.466567652],[-79.434508068,-3.464754879],[-79.429584317,-3.463744738],[-79.429771357,-3.460782272],[-79.425669097,-3.456394065],[-79.426557848,-3.453612589],[-79.426302071,-3.45020681],[-79.423776652,-3.444761118],[-79.422125011,-3.443327097],[-79.425564419,-3.439580556],[-79.426723469,-3.437953212],[-79.431069119,-3.437840514],[-79.431706232,-3.432053347],[-79.433856775,-3.429656232],[-79.46128439,-3.43148515],[-79.461500794,-3.422676573],[-79.46541409,-3.416155772],[-79.46762516,-3.415065373],[-79.469103905,-3.411204732],[-79.468402996,-3.405778402],[-79.473869365,-3.399592892],[-79.474710107,-3.397411698],[-79.4716622,-3.391292659],[-79.470974228,-3.385555237],[-79.471513193,-3.382229576],[-79.470408461,-3.380303307],[-79.468119798,-3.366524621],[-79.46886934,-3.36105008],[-79.462174999,-3.350268252],[-79.461134822,-3.349574048],[-79.460267832,-3.342683616],[-79.460801615,-3.339029654],[-79.462641263,-3.336331033],[-79.461519468,-3.330171432],[-79.456055449,-3.329418435],[-79.451744107,-3.330659991],[-79.447886578,-3.334771767],[-79.441658874,-3.335821069],[-79.439821076,-3.337643579],[-79.436045688,-3.338033268],[-79.433496212,-3.342104037]]]]},"properties":{"codigo":"11","nombre":"LOJA","nivel":"Provincia","codigo_provincia":"11","provincia":"LOJA"},"id":"11"},{"type":"Feature","geometry":{"type":"MultiPolygon","coordinates":[[[[-79.416683575,-0.538571399],[-79.416683597,-0.546749755],[-79.413189413,-0.546321506],[-79.406188475,-0.543109369],[-79.399222845,-0.543754144],[-79.390990494,-0.543637847],[-79.390589112,-0.546028645],[-79.37715389,-0.545631153],[-79.373581126,-0.544628005],[-79.3727737,-0.540251949],[-79.363670365,-0.541075961],[-79.362366745,-0.540300739],[-79.353780605,-0.542008301],[-79.350979239,-0.541332351],[-79.350354252,-0.543665297],[-79.347330385,-0.544226479],[-79.345552694,-0.547840262],[-79.346310649,-0.552067684],[-79.345161228,-0.555743509],[-79.349199035,-0.555605816],[-79.354564368,-0.55722843],[-79.355712201,-0.559864943],[-79.350565708,-0.571514474],[-79.350921946,-0.572543469],[-79.356271264,-0.572373627],[-79.362259414,-0.573451215],[-79.366551456,-0.578612351],[-79.366334143,-0.583333359],[-79.36454515,-0.586506623],[-79.356986064,-0.588447331],[-79.356808748,-0.593299837],[-79.358044052,-0.595602062],[-79.35681167,-0.599477995],[-79.353161474,-0.603458469],[-79.352136871,-0.611837652],[-79.348556577,-0.614109674],[-79.349544588,-0.616631962],[-79.348411244,-0.62290545],[-79.349152084,-0.625312811],[-79.34863272,-0.629145863],[-79.346098216,-0.631470824],[-79.34857449,-0.632897707],[-79.353637203,-0.63317689],[-79.355870432,-0.636537064],[-79.354063067,-0.639417386],[-79.357694997,-0.639380273],[-79.361112092,-0.642238357],[-79.359775016,-0.646142947],[-79.364314296,-0.648135221],[-79.362534577,-0.6536548],[-79.364366519,-0.655715592],[-79.366050491,-0.652292062],[-79.369444843,-0.651998857],[-79.370135398,-0.655509313],[-79.369039187,-0.658004713],[-79.365757253,-0.660038367],[-79.365102736,-0.663152266],[-79.362379182,-0.665334373],[-79.359953305,-0.671799852],[-79.362413978,-0.676577042],[-79.358620168,-0.680119013],[-79.355951712,-0.680880511],[-79.351116553,-0.685165725],[-79.350733086,-0.688204636],[-79.348364407,-0.690735835],[-79.343909811,-0.69038837],[-79.340184222,-0.693444604],[-79.336168036,-0.692869549],[-79.332160245,-0.693287116],[-79.328776497,-0.694845929],[-79.32463138,-0.698444476],[-79.317376874,-0.698310438],[-79.309884379,-0.693909904],[-79.305400002,-0.695385897],[-79.302572619,-0.699461254],[-79.29779738,-0.700112418],[-79.293308451,-0.698754664],[-79.291179694,-0.694094707],[-79.288864898,-0.693715683],[-79.285516664,-0.696091024],[-79.284486323,-0.693261721],[-79.284657484,-0.687215948],[-79.280622551,-0.683210111],[-79.27793308,-0.679185142],[-79.272196479,-0.676238699],[-79.269608982,-0.673359642],[-79.268579092,-0.670157266],[-79.266131999,-0.668294539],[-79.265307185,-0.663437415],[-79.259017485,-0.659206781],[-79.255283512,-0.658572627],[-79.253030775,-0.657163948],[-79.249672043,-0.652327613],[-79.245560059,-0.651682225],[-79.243542248,-0.650109653],[-79.242057492,-0.646641437],[-79.236688306,-0.645211441],[-79.235464225,-0.643375181],[-79.228945478,-0.643343929],[-79.223046645,-0.640449585],[-79.2206506,-0.64127994],[-79.215373185,-0.64003615],[-79.213784387,-0.636453872],[-79.209368177,-0.633724773],[-79.20510821,-0.629367582],[-79.201629066,-0.628301675],[-79.199884949,-0.623327572],[-79.201316068,-0.620915383],[-79.198408339,-0.620062489],[-79.196255549,-0.616813828],[-79.194890691,-0.611618484],[-79.196721362,-0.609776819],[-79.19534973,-0.607036857],[-79.187721931,-0.602904122],[-79.186667941,-0.600897006],[-79.18248545,-0.599501941],[-79.176265561,-0.596344683],[-79.173284653,-0.593627565],[-79.169926055,-0.593013596],[-79.164602028,-0.589792599],[-79.160484051,-0.586398554],[-79.157740133,-0.581666398],[-79.15215569,-0.576239583],[-79.146271481,-0.565071713],[-79.146641513,-0.562900902],[-79.141496038,-0.558053656],[-79.13687566,-0.549521937],[-79.131870103,-0.5465705],[-79.126822272,-0.54440417],[-79.125102748,-0.542710952],[-79.119151693,-0.5413299],[-79.117188346,-0.542319769],[-79.112964996,-0.541820737],[-79.106520631,-0.544764011],[-79.1031819,-0.549384519],[-79.100969213,-0.550656065],[-79.095475149,-0.551701397],[-79.089527316,-0.555657608],[-79.088025645,-0.558672094],[-79.087218344,-0.563544233],[-79.083487087,-0.566795642],[-79.084101668,-0.570175826],[-79.088007672,-0.573646217],[-79.089737531,-0.578337423],[-79.092919614,-0.58201768],[-79.091390464,-0.587565513],[-79.093122398,-0.589238421],[-79.096755656,-0.59761561],[-79.097588512,-0.601427062],[-79.09696747,-0.603615928],[-79.100331652,-0.606574176],[-79.102554469,-0.611290479],[-79.106474283,-0.615648533],[-79.108077489,-0.618433925],[-79.1109717,-0.619755602],[-79.111686759,-0.623986792],[-79.113746751,-0.627049535],[-79.117667188,-0.629715084],[-79.119172652,-0.634924423],[-79.121428057,-0.638296741],[-79.121858135,-0.641700898],[-79.124096309,-0.643331003],[-79.128916003,-0.649380994],[-79.137379279,-0.697862043],[-79.139244041,-0.706197728],[-79.139238239,-0.712771899],[-79.146760339,-0.719269188],[-79.151953383,-0.721852689],[-79.158702622,-0.738320659],[-79.16203306,-0.739935159],[-79.16653108,-0.746594493],[-79.171996537,-0.750719335],[-79.172147831,-0.753689643],[-79.173646232,-0.758299236],[-79.176315265,-0.760604898],[-79.180216869,-0.762493755],[-79.184530728,-0.762369979],[-79.186734144,-0.76445414],[-79.186833893,-0.799198341],[-79.19537879,-0.806405338],[-79.199714893,-0.805943375],[-79.201935433,-0.807193446],[-79.206380749,-0.806043788],[-79.208604317,-0.808619201],[-79.213227053,-0.809016032],[-79.216073911,-0.81033083],[-79.218569903,-0.809590229],[-79.223096857,-0.817097847],[-79.223360641,-0.822591397],[-79.224761383,-0.826190514],[-79.223142194,-0.827980294],[-79.226249751,-0.83177485],[-79.224018127,-0.832572373],[-79.224411944,-0.835548362],[-79.229094033,-0.835957585],[-79.232839223,-0.833307525],[-79.234277208,-0.833681287],[-79.236072124,-0.837836804],[-79.235890478,-0.839843811],[-79.239296228,-0.850717479],[-79.238527275,-0.852627548],[-79.239720554,-0.856365116],[-79.239949784,-0.861920788],[-79.241268878,-0.874837524],[-79.243609444,-0.878758056],[-79.249129302,-0.878512248],[-79.249468857,-0.881453568],[-79.264993679,-0.880666222],[-79.271779563,-0.885289041],[-79.275857804,-0.886851894],[-79.279615888,-0.887024933],[-79.280543196,-0.888762836],[-79.287064267,-0.890769645],[-79.287064171,-0.908585631],[-79.288525147,-0.911003328],[-79.292975558,-0.914452198],[-79.295862718,-0.914809522],[-79.297255217,-0.922028617],[-79.298927895,-0.922863664],[-79.298927778,-0.928853889],[-79.30138698,-0.92786804],[-79.306292236,-0.928761276],[-79.306292247,-0.948833232],[-79.30992776,-0.949292014],[-79.315087523,-0.958069263],[-79.316533526,-0.963363651],[-79.31626935,-0.968925546],[-79.317430896,-0.974031648],[-79.317949083,-0.981647959],[-79.319534307,-0.983688403],[-79.320211693,-0.997286184],[-79.314122046,-0.996004863],[-79.306656012,-0.992857826],[-79.301824499,-0.992914926],[-79.299273086,-0.988542267],[-79.293291242,-0.987612334],[-79.293291111,-1.005791389],[-79.294098877,-1.009706669],[-79.295854705,-1.011552834],[-79.302429676,-1.01616087],[-79.30177514,-1.018150994],[-79.305049844,-1.020570342],[-79.306677635,-1.023834561],[-79.306039772,-1.026379978],[-79.308064937,-1.032506259],[-79.311993214,-1.034814927],[-79.311617099,-1.039880626],[-79.312634633,-1.041598284],[-79.311656826,-1.044963634],[-79.313200361,-1.047048922],[-79.31067041,-1.048542545],[-79.308452119,-1.054418799],[-79.308432334,-1.059612822],[-79.310449517,-1.064671285],[-79.313936952,-1.066099861],[-79.316207678,-1.073123338],[-79.3140591,-1.075539771],[-79.314338073,-1.077547494],[-79.318012531,-1.078446539],[-79.320395979,-1.081096154],[-79.320920424,-1.084300024],[-79.320061771,-1.086913662],[-79.321737838,-1.090767938],[-79.321016983,-1.093851009],[-79.321880405,-1.097943533],[-79.325620929,-1.102182919],[-79.327695772,-1.110299849],[-79.326471914,-1.113289165],[-79.326827031,-1.11568138],[-79.330987422,-1.112856054],[-79.333269453,-1.114753882],[-79.331373769,-1.120075039],[-79.334758928,-1.122383569],[-79.339367003,-1.123419903],[-79.339942771,-1.125854974],[-79.335995775,-1.1264678],[-79.334245397,-1.129935223],[-79.337935506,-1.134441466],[-79.315031684,-1.166657323],[-79.297039835,-1.168534211],[-79.299442101,-1.177065173],[-79.295761759,-1.176579029],[-79.287966399,-1.179296232],[-79.286736052,-1.178956529],[-79.288804765,-1.201749629],[-79.288804696,-1.205569765],[-79.294910558,-1.208240589],[-79.300125403,-1.208669309],[-79.307266282,-1.207133544],[-79.310975503,-1.2107191],[-79.317054977,-1.214240406],[-79.321490928,-1.215872713],[-79.323894699,-1.219128332],[-79.330872254,-1.222520817],[-79.334721482,-1.226665165],[-79.336510648,-1.231370684],[-79.336935922,-1.236246217],[-79.33822655,-1.241273143],[-79.340104468,-1.244491243],[-79.341780295,-1.24476747],[-79.34042096,-1.251581167],[-79.343158381,-1.25355454],[-79.344088512,-1.256378584],[-79.34796969,-1.260819643],[-79.346412934,-1.263078885],[-79.34921288,-1.265723192],[-79.348844572,-1.271330095],[-79.352811131,-1.272538145],[-79.355603616,-1.275846521],[-79.359058855,-1.283257207],[-79.361131029,-1.283839411],[-79.363693028,-1.290445146],[-79.366864406,-1.294227795],[-79.370508667,-1.302066533],[-79.374781482,-1.302924733],[-79.375200794,-1.307094447],[-79.376579283,-1.307723453],[-79.37930322,-1.304901723],[-79.383326376,-1.305849486],[-79.388408693,-1.314214439],[-79.388699177,-1.317236746],[-79.391014572,-1.32127971],[-79.392600633,-1.322224233],[-79.391278362,-1.323288607],[-79.385404628,-1.323977818],[-79.379721342,-1.326795913],[-79.36895791,-1.327912605],[-79.365464413,-1.325936238],[-79.362507388,-1.322814409],[-79.360494936,-1.317035995],[-79.362199524,-1.313395316],[-79.35946899,-1.311728143],[-79.35956846,-1.304994544],[-79.356457196,-1.303877469],[-79.353587218,-1.300965976],[-79.345176938,-1.296024181],[-79.340720156,-1.294865547],[-79.338852669,-1.293163071],[-79.332688099,-1.296422538],[-79.331995417,-1.299184299],[-79.329227004,-1.300932355],[-79.322472709,-1.30966446],[-79.32268449,-1.311957729],[-79.320557874,-1.313837312],[-79.32121735,-1.318998985],[-79.323108969,-1.320807857],[-79.316273645,-1.325852552],[-79.314282026,-1.326444521],[-79.305691152,-1.326747986],[-79.302704798,-1.328649535],[-79.297346718,-1.330812676],[-79.293673921,-1.333459969],[-79.289706995,-1.333044194],[-79.282536436,-1.328084866],[-79.279025463,-1.327644537],[-79.272742896,-1.328864748],[-79.26877959,-1.331325751],[-79.266492228,-1.331388249],[-79.273682301,-1.337735911],[-79.276241449,-1.344902064],[-79.276103325,-1.347236273],[-79.278072847,-1.350584185],[-79.278448731,-1.35486684],[-79.280259073,-1.353834319],[-79.291049424,-1.355838922],[-79.297014434,-1.355603327],[-79.292642767,-1.366323501],[-79.290231078,-1.368855697],[-79.290043972,-1.374158215],[-79.291208039,-1.37769262],[-79.28961153,-1.382941752],[-79.290812237,-1.385943239],[-79.289199795,-1.387865117],[-79.288868662,-1.393634573],[-79.294799236,-1.395638943],[-79.298603036,-1.395677607],[-79.303026964,-1.392929216],[-79.307985334,-1.390839183],[-79.310648345,-1.39150548],[-79.319193597,-1.391463316],[-79.321802503,-1.390748409],[-79.323820787,-1.391949998],[-79.328030442,-1.397767361],[-79.325313433,-1.404664647],[-79.326299331,-1.412971656],[-79.328555863,-1.415267417],[-79.328831376,-1.420008704],[-79.330063199,-1.422162652],[-79.332116126,-1.429812875],[-79.336385623,-1.436125137],[-79.334820974,-1.438305262],[-79.331362348,-1.439564093],[-79.327789873,-1.438851824],[-79.324459823,-1.437055252],[-79.320871923,-1.437433596],[-79.317790739,-1.435182959],[-79.316694568,-1.437389478],[-79.321898111,-1.441628458],[-79.324471173,-1.442384075],[-79.327833166,-1.445305698],[-79.332010343,-1.445862877],[-79.338898921,-1.449643835],[-79.341184281,-1.452483354],[-79.345274989,-1.454713053],[-79.348959236,-1.45539385],[-79.351995959,-1.454358073],[-79.355705294,-1.454913264],[-79.355241881,-1.451572885],[-79.35804605,-1.450160168],[-79.359021879,-1.446469223],[-79.361306371,-1.448369546],[-79.361305555,-1.451818611],[-79.358268163,-1.45839111],[-79.356461494,-1.45907709],[-79.355474282,-1.462809886],[-79.350700051,-1.467122272],[-79.347152981,-1.471720784],[-79.342301778,-1.466811352],[-79.341222124,-1.462411726],[-79.33773603,-1.460618893],[-79.334023165,-1.460507605],[-79.333136492,-1.463486836],[-79.338213847,-1.470156528],[-79.332254317,-1.469239769],[-79.328579393,-1.474763645],[-79.328028797,-1.481055203],[-79.324039039,-1.483246542],[-79.321999267,-1.488694782],[-79.318594216,-1.492054754],[-79.317670285,-1.494892384],[-79.320835809,-1.499297575],[-79.322742561,-1.508440611],[-79.321828823,-1.512715236],[-79.315766905,-1.515137646],[-79.311642673,-1.515881663],[-79.310563689,-1.519986563],[-79.305194146,-1.525608328],[-79.296470953,-1.52606893],[-79.294773371,-1.524009129],[-79.291078483,-1.524286125],[-79.284093536,-1.527036899],[-79.282700188,-1.530186932],[-79.280406664,-1.53098413],[-79.274435653,-1.536501678],[-79.271485041,-1.540638301],[-79.267177454,-1.542464243],[-79.263168319,-1.538813471],[-79.252266235,-1.540430193],[-79.247425145,-1.543979247],[-79.245482486,-1.543499556],[-79.244779335,-1.545023824],[-79.247130663,-1.555146601],[-79.248638158,-1.55783359],[-79.247922979,-1.560165805],[-79.249765942,-1.563996758],[-79.25311945,-1.566745042],[-79.253827699,-1.569867718],[-79.266312799,-1.582829268],[-79.267048804,-1.584691878],[-79.270745457,-1.588489183],[-79.271090188,-1.591503283],[-79.273066222,-1.592590122],[-79.274001552,-1.595787262],[-79.272292778,-1.599592228],[-79.276809935,-1.604194105],[-79.277904978,-1.609052704],[-79.27933196,-1.610697577],[-79.287873279,-1.605420558],[-79.291362924,-1.601066064],[-79.294718082,-1.599295673],[-79.297440878,-1.600798924],[-79.30269117,-1.601752117],[-79.306608594,-1.606603857],[-79.306648945,-1.608814241],[-79.309241423,-1.61022501],[-79.316749774,-1.620762689],[-79.316749722,-1.627581944],[-79.321609203,-1.627073812],[-79.326807164,-1.62769295],[-79.330557804,-1.629329119],[-79.332480938,-1.628390376],[-79.3389768,-1.629786188],[-79.341467872,-1.632504214],[-79.344585987,-1.630680824],[-79.349780874,-1.634397171],[-79.353505999,-1.633476035],[-79.355654446,-1.637736316],[-79.347969328,-1.644923122],[-79.319944444,-1.647644444],[-79.319543509,-1.659705053],[-79.315595833,-1.659705556],[-79.312019479,-1.656569275],[-79.30928141,-1.655346615],[-79.304525205,-1.656313995],[-79.303775687,-1.654159921],[-79.297199147,-1.65401069],[-79.295061224,-1.65168315],[-79.29145293,-1.650502832],[-79.288549932,-1.65132867],[-79.288186645,-1.660294283],[-79.290763709,-1.666020776],[-79.291326256,-1.669455474],[-79.28711245,-1.668673565],[-79.285428382,-1.666804133],[-79.282620189,-1.667229682],[-79.278041325,-1.66660132],[-79.273247115,-1.668807955],[-79.273590793,-1.672884349],[-79.269759501,-1.675810764],[-79.269070794,-1.679225243],[-79.272853399,-1.680144901],[-79.272445826,-1.684369071],[-79.27043916,-1.684127095],[-79.269587421,-1.691976418],[-79.262645,-1.694279078],[-79.260911321,-1.697884702],[-79.262063706,-1.70115092],[-79.261144696,-1.703294223],[-79.264025227,-1.705934848],[-79.262944706,-1.708711531],[-79.259744211,-1.710830565],[-79.258984252,-1.712784885],[-79.253376113,-1.718025056],[-79.249574413,-1.723498975],[-79.24621799,-1.7260844],[-79.242428179,-1.725389839],[-79.241046221,-1.729249082],[-79.236238151,-1.731280967],[-79.234858865,-1.732710205],[-79.231784509,-1.743607604],[-79.236289332,-1.749747841],[-79.237180214,-1.752592594],[-79.241958268,-1.751986862],[-79.242835357,-1.753250391],[-79.238322676,-1.756733078],[-79.234303972,-1.756783789],[-79.230681079,-1.758482128],[-79.234774325,-1.769270671],[-79.240874935,-1.770420438],[-79.245020969,-1.771108787],[-79.247047519,-1.772498998],[-79.246835377,-1.776221022],[-79.245606199,-1.779608152],[-79.248978634,-1.787461715],[-79.247091483,-1.791398518],[-79.247265003,-1.794190392],[-79.244801825,-1.797294862],[-79.244074459,-1.800727763],[-79.239511204,-1.803190104],[-79.239098514,-1.805551236],[-79.241347908,-1.809007412],[-79.24428227,-1.810936435],[-79.248745245,-1.816618493],[-79.245783865,-1.821435502],[-79.245376779,-1.824193205],[-79.235620767,-1.829419452],[-79.234213728,-1.834590601],[-79.231890233,-1.8370756],[-79.230406459,-1.840437562],[-79.230107824,-1.844733465],[-79.231548171,-1.849380347],[-79.234109387,-1.852055775],[-79.236927929,-1.851793702],[-79.239519083,-1.853712777],[-79.241708627,-1.857791983],[-79.246213119,-1.857974937],[-79.246213056,-1.916165555],[-79.24928127,-1.924066213],[-79.256027938,-1.941037614],[-79.256028056,-1.978243056],[-79.251412845,-1.978809236],[-79.248331045,-1.980647925],[-79.240158884,-1.981712095],[-79.240158945,-1.991171321],[-79.242747997,-1.992951398],[-79.24379776,-1.996786277],[-79.246504366,-2.001464026],[-79.253332999,-2.004608779],[-79.25897128,-2.004913576],[-79.25902447,-2.002850233],[-79.262612571,-2.001843794],[-79.267522023,-2.001661775],[-79.271559321,-2.004241426],[-79.268918423,-2.012159476],[-79.267543522,-2.013618718],[-79.261243994,-2.016895863],[-79.264362172,-2.019424864],[-79.265774492,-2.021897222],[-79.266465432,-2.027576787],[-79.264515976,-2.033632182],[-79.261937247,-2.035763702],[-79.257644245,-2.041238663],[-79.25417799,-2.043805291],[-79.253610619,-2.046049747],[-79.247599384,-2.048296658],[-79.244818489,-2.054752513],[-79.240859463,-2.054153288],[-79.240279826,-2.061682227],[-79.235668091,-2.067421045],[-79.229085586,-2.07239511],[-79.226624447,-2.076564346],[-79.211464077,-2.076942961],[-79.188052778,-2.076943055],[-79.199645219,-2.085816424],[-79.211455545,-2.086559432],[-79.213397059,-2.087894882],[-79.216230383,-2.087386568],[-79.219348862,-2.085001466],[-79.221940434,-2.084313069],[-79.221940554,-2.095215874],[-79.218044755,-2.095596516],[-79.212019676,-2.094261768],[-79.209346741,-2.094332216],[-79.207825214,-2.097403915],[-79.205443851,-2.108493623],[-79.207195462,-2.110415157],[-79.214640606,-2.113207412],[-79.219550366,-2.110919736],[-79.222531812,-2.108330138],[-79.228085423,-2.107377694],[-79.231560109,-2.108165412],[-79.2358107,-2.103995615],[-79.244432508,-2.103072345],[-79.244432602,-2.110313296],[-79.238542636,-2.115727814],[-79.23859306,-2.132480087],[-79.240812358,-2.132191117],[-79.24339717,-2.129391957],[-79.245902563,-2.12511526],[-79.24911526,-2.123628377],[-79.251799826,-2.123560542],[-79.256647546,-2.121304234],[-79.263575379,-2.114305121],[-79.268005717,-2.114454981],[-79.268511932,-2.112986233],[-79.272459672,-2.113197639],[-79.273691365,-2.112123696],[-79.271206442,-2.10410229],[-79.275082252,-2.101920492],[-79.276661009,-2.102315362],[-79.280006767,-2.099363978],[-79.283121895,-2.098891558],[-79.285097646,-2.097258872],[-79.291348562,-2.097452075],[-79.294026693,-2.095426998],[-79.299804499,-2.092852759],[-79.304899714,-2.086650068],[-79.30926716,-2.084233551],[-79.312590561,-2.08375896],[-79.31728645,-2.081818803],[-79.31889101,-2.078633659],[-79.316833635,-2.074368507],[-79.318374687,-2.068968932],[-79.317240418,-2.063109087],[-79.32308299,-2.052282438],[-79.327227245,-2.0477793],[-79.326900882,-2.045192197],[-79.330567131,-2.041946969],[-79.334317711,-2.042012943],[-79.334109289,-2.035453354],[-79.338483904,-2.032609032],[-79.336760094,-2.026828767],[-79.338016541,-2.021800684],[-79.342097099,-2.020873711],[-79.34514247,-2.01541124],[-79.345254936,-2.012617635],[-79.348633648,-2.011544974],[-79.35170887,-2.007057339],[-79.355508968,-2.00356604],[-79.356270322,-2.000123414],[-79.358096397,-1.998213999],[-79.35886412,-1.989397381],[-79.361310833,-1.987878897],[-79.364696259,-1.985021992],[-79.369052051,-1.976021321],[-79.369556556,-1.971885491],[-79.37331281,-1.968081223],[-79.375207884,-1.969417819],[-79.38490854,-1.967083476],[-79.386768525,-1.967353882],[-79.389631007,-1.965453254],[-79.392574564,-1.966558435],[-79.394783369,-1.965165682],[-79.399488035,-1.966379633],[-79.404813211,-1.958570475],[-79.411451569,-1.955318006],[-79.410231831,-1.950442646],[-79.409739381,-1.944663339],[-79.408352546,-1.94218224],[-79.411692178,-1.940458684],[-79.413520041,-1.940767896],[-79.418639975,-1.938400455],[-79.418442218,-1.936282947],[-79.427170512,-1.939212531],[-79.435380441,-1.939959067],[-79.441906404,-1.937170124],[-79.442920061,-1.938338873],[-79.442294158,-1.936399149],[-79.446737091,-1.935001576],[-79.451483135,-1.930031259],[-79.45190862,-1.928674883],[-79.455722477,-1.926761461],[-79.453759422,-1.925324764],[-79.45467003,-1.918146813],[-79.456012044,-1.916703719],[-79.462914459,-1.917430316],[-79.467725557,-1.914499347],[-79.468782791,-1.910538678],[-79.47418791,-1.910769345],[-79.475662894,-1.908357272],[-79.478035894,-1.908728834],[-79.482750634,-1.902992872],[-79.485494026,-1.901231891],[-79.48649755,-1.897977102],[-79.485580694,-1.893252773],[-79.489341786,-1.884254163],[-79.492263649,-1.886147554],[-79.496581771,-1.885027404],[-79.498717275,-1.887518826],[-79.502556183,-1.887087496],[-79.506354173,-1.883732787],[-79.516284402,-1.88163584],[-79.520102618,-1.882307921],[-79.52229529,-1.88048793],[-79.524597006,-1.885278613],[-79.532158734,-1.883052927],[-79.538243135,-1.885203278],[-79.541460576,-1.882450023],[-79.550813624,-1.886270135],[-79.555598189,-1.885547245],[-79.558416345,-1.890544115],[-79.557872222,-1.893329741],[-79.560252241,-1.897023077],[-79.562547295,-1.898992066],[-79.566348923,-1.899335706],[-79.568750961,-1.897972822],[-79.572271838,-1.898910668],[-79.573388748,-1.900564041],[-79.577032097,-1.901070624],[-79.577606513,-1.903013479],[-79.580366168,-1.905133156],[-79.583958432,-1.904732242],[-79.587762174,-1.906500877],[-79.591977958,-1.905053202],[-79.595739397,-1.907667214],[-79.598319006,-1.9078811],[-79.60202189,-1.906714314],[-79.60396862,-1.904170687],[-79.606259527,-1.905551208],[-79.608213837,-1.903635719],[-79.610149722,-1.904519947],[-79.609815479,-1.907024108],[-79.613424305,-1.906073222],[-79.612796977,-1.909259043],[-79.614500569,-1.910681047],[-79.617222354,-1.910410574],[-79.619993711,-1.912936485],[-79.624281722,-1.910198666],[-79.628833702,-1.90898785],[-79.631384738,-1.905690821],[-79.635062059,-1.903870792],[-79.637113208,-1.899138557],[-79.648194444,-1.8992],[-79.648194444,-1.921926112],[-79.653008745,-1.921012229],[-79.656373889,-1.923137822],[-79.661601065,-1.919364818],[-79.66016503,-1.91542878],[-79.663153296,-1.913727249],[-79.666883559,-1.913008732],[-79.6691925,-1.9101125],[-79.671015475,-1.910112505],[-79.671070524,-1.906175202],[-79.671407073,-1.901504155],[-79.670104166,-1.897999722],[-79.674224197,-1.896756522],[-79.67431047,-1.890423838],[-79.675445622,-1.886413867],[-79.680008559,-1.884848672],[-79.680350569,-1.882323485],[-79.683114461,-1.881580013],[-79.684115029,-1.879455546],[-79.683241811,-1.876834927],[-79.686219479,-1.870548072],[-79.686801902,-1.867724634],[-79.695820489,-1.868037711],[-79.698807125,-1.868877533],[-79.701211427,-1.86597885],[-79.70387955,-1.866564754],[-79.706060846,-1.862653206],[-79.708670791,-1.861481298],[-79.710063924,-1.859038929],[-79.709072387,-1.855417384],[-79.711065196,-1.853577069],[-79.716978811,-1.850624435],[-79.724169172,-1.850715633],[-79.727804503,-1.849974163],[-79.731522538,-1.845764962],[-79.731841333,-1.840594889],[-79.72780422,-1.836785832],[-79.724788145,-1.833427799],[-79.720394454,-1.83015001],[-79.719274999,-1.827811267],[-79.720661974,-1.825912895],[-79.728439589,-1.825802506],[-79.728867753,-1.817762941],[-79.730374833,-1.8090977],[-79.737387925,-1.805980535],[-79.738452339,-1.79792734],[-79.747333999,-1.789533449],[-79.748419899,-1.787495209],[-79.748822372,-1.783187767],[-79.743379762,-1.746106906],[-79.745213489,-1.74457608],[-79.748645282,-1.73854976],[-79.747479268,-1.737637062],[-79.749783432,-1.733404682],[-79.753460943,-1.732159751],[-79.756819318,-1.732251547],[-79.763223111,-1.729640404],[-79.766563191,-1.725692803],[-79.778374553,-1.720613782],[-79.785481348,-1.719160116],[-79.789064562,-1.720049325],[-79.794018775,-1.719460093],[-79.799107366,-1.716028139],[-79.80100559,-1.712933637],[-79.809603794,-1.711631285],[-79.810562738,-1.709851511],[-79.814446619,-1.707688049],[-79.81705041,-1.708395669],[-79.824512271,-1.708448142],[-79.826582238,-1.707049365],[-79.827720353,-1.702951625],[-79.827359084,-1.700600038],[-79.830155481,-1.697430688],[-79.831935908,-1.692998272],[-79.835843734,-1.690493701],[-79.839800362,-1.685889059],[-79.837988804,-1.682716906],[-79.829837977,-1.681539311],[-79.827074925,-1.678719592],[-79.827469237,-1.675530826],[-79.829223349,-1.673380218],[-79.837162808,-1.674404021],[-79.838885273,-1.673403183],[-79.846521876,-1.673019189],[-79.851249369,-1.671511695],[-79.855515547,-1.666342588],[-79.85533286,-1.66483007],[-79.849938732,-1.662201393],[-79.84579086,-1.659337448],[-79.840780927,-1.657670603],[-79.837650408,-1.654823717],[-79.844181229,-1.652017463],[-79.844569948,-1.648110686],[-79.84728182,-1.646933584],[-79.848585131,-1.644798351],[-79.852741461,-1.644178509],[-79.856027601,-1.647303628],[-79.86000427,-1.648981216],[-79.861902032,-1.647037769],[-79.86296891,-1.643690705],[-79.862182166,-1.640484728],[-79.856258099,-1.631378451],[-79.857005332,-1.627051544],[-79.861353829,-1.619820258],[-79.862721195,-1.614019747],[-79.862495545,-1.610162719],[-79.866220721,-1.610020083],[-79.867235596,-1.606949559],[-79.86892994,-1.60581727],[-79.871315527,-1.601856882],[-79.866266705,-1.598558797],[-79.865100328,-1.594114282],[-79.867781208,-1.591434702],[-79.864401117,-1.583606161],[-79.860252828,-1.579874037],[-79.855548533,-1.580060307],[-79.853393454,-1.5783347],[-79.855027318,-1.576125964],[-79.854997819,-1.572110194],[-79.856215092,-1.568992452],[-79.854020107,-1.568011617],[-79.854430328,-1.565625614],[-79.859328681,-1.562598762],[-79.861609582,-1.562463258],[-79.863812105,-1.564475698],[-79.865646137,-1.563028246],[-79.866544819,-1.559278122],[-79.869868102,-1.558352476],[-79.871536175,-1.554864609],[-79.868698428,-1.548533554],[-79.868655022,-1.542989813],[-79.874818623,-1.542258273],[-79.873217459,-1.53786851],[-79.870695651,-1.537695456],[-79.870710881,-1.534286277],[-79.867326401,-1.531999958],[-79.870016017,-1.530854311],[-79.870375388,-1.528099373],[-79.868387076,-1.52550478],[-79.875071095,-1.523700963],[-79.872010282,-1.520313254],[-79.876069181,-1.514455929],[-79.873494183,-1.513347452],[-79.875384531,-1.509909225],[-79.872946944,-1.50872372],[-79.869852526,-1.50360556],[-79.871646149,-1.502035627],[-79.873384541,-1.497581244],[-79.870445273,-1.497229503],[-79.866792721,-1.494519002],[-79.868581854,-1.49338438],[-79.872011153,-1.494358027],[-79.872363052,-1.490156701],[-79.869109035,-1.487059305],[-79.864360692,-1.490468554],[-79.862302387,-1.486793245],[-79.867515353,-1.485842155],[-79.869603771,-1.482832901],[-79.86811453,-1.476427051],[-79.870077632,-1.47373782],[-79.870322241,-1.469137585],[-79.866314745,-1.468496201],[-79.870082798,-1.463453377],[-79.871525578,-1.458268563],[-79.865904887,-1.457127206],[-79.86709143,-1.454297442],[-79.864714587,-1.450351459],[-79.86906801,-1.448117929],[-79.86546168,-1.446894658],[-79.868079781,-1.444195022],[-79.866457588,-1.44151255],[-79.868202008,-1.435436358],[-79.865834051,-1.434455859],[-79.866471798,-1.431385669],[-79.863137495,-1.430339344],[-79.862676225,-1.426399067],[-79.86481335,-1.423511559],[-79.861052721,-1.421460834],[-79.856048799,-1.418931749],[-79.854351213,-1.416723816],[-79.851443808,-1.415393251],[-79.852250144,-1.412561871],[-79.847892288,-1.410225982],[-79.854509191,-1.406122639],[-79.85190673,-1.40274234],[-79.849431473,-1.402735181],[-79.851465878,-1.397767969],[-79.849689911,-1.395441116],[-79.84793697,-1.398481289],[-79.845404416,-1.395840379],[-79.84740537,-1.392043222],[-79.846683941,-1.38950186],[-79.848063317,-1.386715172],[-79.846209021,-1.384842486],[-79.84457519,-1.380785013],[-79.842217294,-1.379149735],[-79.839345943,-1.380103479],[-79.834390398,-1.374529353],[-79.834747479,-1.37224911],[-79.830679705,-1.368343388],[-79.829157633,-1.369968356],[-79.826550427,-1.368807461],[-79.822569205,-1.36449758],[-79.820203671,-1.359354952],[-79.815841223,-1.355245595],[-79.813149463,-1.355070005],[-79.812030378,-1.351883286],[-79.810313736,-1.350749001],[-79.810050384,-1.347790474],[-79.807486672,-1.345801648],[-79.802769094,-1.33986382],[-79.804776362,-1.335814269],[-79.800161422,-1.332961104],[-79.799359806,-1.329246237],[-79.799923845,-1.326928055],[-79.798011226,-1.320059126],[-79.795046554,-1.320502078],[-79.793892172,-1.318398108],[-79.793479999,-1.31347867],[-79.791885642,-1.306512037],[-79.791906929,-1.301535647],[-79.787758161,-1.300407304],[-79.789890449,-1.294313424],[-79.788149917,-1.292949009],[-79.779803169,-1.292452233],[-79.77644274,-1.290952076],[-79.777210179,-1.287991209],[-79.775462926,-1.285807804],[-79.775159447,-1.282462786],[-79.777471761,-1.282654757],[-79.778926484,-1.279167885],[-79.775042273,-1.274554472],[-79.77328521,-1.270628231],[-79.766706897,-1.270244021],[-79.766268048,-1.265762045],[-79.764673846,-1.263301927],[-79.764229906,-1.259926456],[-79.768526926,-1.25852742],[-79.768147398,-1.254037994],[-79.763369199,-1.252037682],[-79.759169803,-1.252132849],[-79.75811798,-1.246869881],[-79.755303907,-1.247322316],[-79.752208082,-1.244358814],[-79.754726741,-1.242298743],[-79.75435081,-1.239780663],[-79.758379646,-1.236378552],[-79.758943623,-1.234378424],[-79.756824989,-1.232741559],[-79.753298011,-1.234952342],[-79.752845432,-1.232762002],[-79.754456408,-1.229934262],[-79.752602202,-1.227266223],[-79.753192075,-1.225520861],[-79.748938311,-1.223289958],[-79.747579495,-1.218766675],[-79.749958913,-1.21197723],[-79.745461399,-1.209777701],[-79.749764555,-1.207554319],[-79.748596566,-1.206058506],[-79.74899797,-1.196762729],[-79.748018364,-1.194392544],[-79.745497511,-1.193314693],[-79.744528693,-1.189439961],[-79.742559072,-1.189326579],[-79.741439869,-1.183955287],[-79.738413686,-1.182900564],[-79.736650186,-1.180389036],[-79.728106445,-1.179736403],[-79.727406408,-1.181944377],[-79.724747618,-1.181103388],[-79.721272981,-1.183184072],[-79.719754682,-1.180042123],[-79.718022365,-1.179174996],[-79.717507451,-1.176855929],[-79.713613348,-1.174510028],[-79.716064733,-1.173216862],[-79.718635303,-1.168975315],[-79.715815303,-1.163036379],[-79.715908828,-1.157641931],[-79.716720374,-1.155077305],[-79.71522454,-1.152951468],[-79.7130454,-1.154114628],[-79.70947802,-1.153536223],[-79.70590094,-1.15448322],[-79.702830262,-1.153752541],[-79.701194122,-1.155290781],[-79.698972684,-1.153797274],[-79.695994724,-1.148221785],[-79.694483022,-1.147223512],[-79.689764296,-1.153384007],[-79.687280695,-1.149471421],[-79.688060434,-1.147973082],[-79.68563451,-1.143942728],[-79.685897494,-1.139554745],[-79.682754788,-1.13749201],[-79.681470721,-1.133151946],[-79.683206495,-1.132381736],[-79.685302728,-1.12892452],[-79.684005049,-1.123709781],[-79.681050093,-1.121771533],[-79.677117964,-1.122766525],[-79.674100137,-1.118082975],[-79.671862525,-1.119669142],[-79.671350366,-1.114062398],[-79.666755954,-1.114669595],[-79.667631067,-1.119426426],[-79.662265176,-1.121816253],[-79.652295294,-1.118231114],[-79.651100165,-1.114262128],[-79.649341491,-1.111256945],[-79.646306527,-1.110974177],[-79.64126726,-1.108147314],[-79.642910008,-1.10413886],[-79.638285545,-1.09601404],[-79.640458171,-1.094294523],[-79.632188093,-1.087204467],[-79.632574216,-1.084082573],[-79.628806806,-1.082997165],[-79.625000024,-1.080391857],[-79.625000043,-1.077573694],[-79.622362091,-1.076114523],[-79.621616535,-1.072409794],[-79.619576074,-1.071610513],[-79.618748141,-1.06617256],[-79.616679178,-1.06405158],[-79.614085003,-1.065973113],[-79.612668844,-1.063641153],[-79.610641095,-1.065276368],[-79.610893092,-1.068485731],[-79.607001661,-1.068781893],[-79.597240237,-1.072002783],[-79.595885822,-1.070324164],[-79.59175647,-1.07111918],[-79.58806555,-1.067625891],[-79.585545546,-1.06407789],[-79.585220537,-1.060721544],[-79.587427369,-1.058768038],[-79.585738515,-1.056639904],[-79.582211352,-1.05523865],[-79.580239684,-1.05222186],[-79.574907743,-1.047778669],[-79.57484762,-1.041019168],[-79.576601593,-1.039177606],[-79.575380192,-1.035186541],[-79.577909269,-1.028211857],[-79.577120176,-1.026780667],[-79.576864487,-1.018948397],[-79.574254267,-1.01149984],[-79.570443348,-1.009585251],[-79.569155529,-1.006598927],[-79.573591753,-1.003918567],[-79.573510145,-1.002097609],[-79.56733877,-0.994427111],[-79.563920392,-0.992197069],[-79.560434322,-0.987143696],[-79.561528371,-0.983354652],[-79.557529239,-0.979151971],[-79.553567937,-0.979584745],[-79.551011369,-0.981509543],[-79.54939932,-0.979891706],[-79.549216683,-0.976262121],[-79.545591207,-0.974942058],[-79.543433674,-0.977716738],[-79.539463307,-0.977794742],[-79.531590787,-0.973560618],[-79.52462995,-0.971689463],[-79.525336416,-0.967702797],[-79.52764124,-0.965216437],[-79.53058103,-0.964108121],[-79.563324577,-0.964107988],[-79.563908474,-0.962938791],[-79.556707062,-0.959707241],[-79.552525054,-0.961564173],[-79.550900309,-0.958499244],[-79.54449458,-0.955483293],[-79.541986395,-0.950364753],[-79.542432764,-0.946307018],[-79.54696268,-0.942591969],[-79.545540424,-0.939372757],[-79.545841337,-0.935226045],[-79.542836167,-0.930518384],[-79.539409304,-0.932234205],[-79.537798527,-0.931671517],[-79.536437561,-0.927770224],[-79.534742371,-0.928420165],[-79.53219753,-0.92522375],[-79.530096297,-0.916926453],[-79.527596105,-0.915072063],[-79.527695005,-0.914028032],[-79.524101237,-0.90870734],[-79.522078292,-0.901614087],[-79.523440517,-0.899524785],[-79.520977429,-0.896579241],[-79.520855933,-0.89371777],[-79.518722769,-0.891669015],[-79.519142119,-0.885958554],[-79.516796288,-0.880956324],[-79.512749284,-0.875261903],[-79.513493404,-0.874113945],[-79.51172521,-0.8644702],[-79.509681167,-0.864064845],[-79.506969528,-0.858210818],[-79.518586868,-0.850860219],[-79.522132709,-0.855509527],[-79.525012058,-0.861581251],[-79.527282735,-0.856530178],[-79.53225053,-0.850058182],[-79.535047409,-0.847883641],[-79.542509625,-0.849516727],[-79.553888889,-0.848611111],[-79.554864182,-0.851085699],[-79.560517147,-0.851860451],[-79.56577876,-0.849013106],[-79.569775531,-0.847817646],[-79.571934435,-0.845633543],[-79.57668035,-0.844412541],[-79.577421172,-0.846844127],[-79.580064682,-0.846883392],[-79.581299671,-0.850157512],[-79.583981823,-0.848550385],[-79.593851305,-0.85129165],[-79.595276881,-0.853493773],[-79.600733614,-0.857726688],[-79.604157157,-0.857096181],[-79.607607279,-0.853267913],[-79.611218973,-0.850695851],[-79.609422726,-0.847909679],[-79.609995513,-0.841620928],[-79.607353274,-0.837905955],[-79.609662967,-0.835107738],[-79.607381304,-0.833575369],[-79.604504817,-0.833478621],[-79.60612316,-0.82838199],[-79.602581617,-0.826633807],[-79.600179766,-0.828906353],[-79.598373613,-0.827254506],[-79.599874428,-0.818281106],[-79.603665165,-0.813190617],[-79.603961057,-0.809955312],[-79.606083226,-0.80514122],[-79.604363121,-0.802077518],[-79.606199776,-0.797923804],[-79.605896174,-0.795875245],[-79.602872328,-0.795768921],[-79.603101397,-0.793232363],[-79.598034032,-0.790387698],[-79.600070349,-0.786243627],[-79.602590598,-0.785172389],[-79.601754518,-0.783018362],[-79.598197913,-0.783715935],[-79.598303916,-0.779485063],[-79.595795958,-0.772151931],[-79.596433952,-0.76942407],[-79.600513436,-0.769023387],[-79.60176098,-0.763270902],[-79.598870573,-0.762274447],[-79.598177315,-0.759498285],[-79.596257111,-0.757621509],[-79.597014414,-0.754558019],[-79.604260408,-0.754029107],[-79.600932439,-0.752011887],[-79.599927658,-0.749523987],[-79.601397807,-0.746315378],[-79.598174779,-0.744727754],[-79.596749895,-0.740115897],[-79.589742269,-0.742512681],[-79.587990172,-0.739024266],[-79.591253743,-0.736363051],[-79.588437619,-0.733562299],[-79.58838015,-0.731092666],[-79.586141112,-0.730144314],[-79.58253396,-0.725491116],[-79.579453255,-0.725009145],[-79.576887074,-0.721167527],[-79.577209167,-0.717384253],[-79.580415277,-0.712018885],[-79.580231148,-0.707780772],[-79.577608028,-0.70350123],[-79.576496607,-0.699853917],[-79.574314034,-0.700901394],[-79.574698172,-0.70408902],[-79.573641832,-0.706945965],[-79.57447036,-0.711480283],[-79.569532989,-0.711325591],[-79.566728628,-0.709008276],[-79.564797587,-0.71150598],[-79.562818008,-0.717191156],[-79.562702481,-0.72173784],[-79.557435357,-0.719486736],[-79.555040133,-0.716403785],[-79.554658142,-0.721629982],[-79.550398244,-0.721647761],[-79.546176984,-0.719789441],[-79.541441641,-0.719902782],[-79.543116081,-0.717000624],[-79.542175618,-0.714176595],[-79.53880853,-0.717449123],[-79.536718193,-0.712528476],[-79.533666245,-0.711541591],[-79.535730326,-0.709264132],[-79.533658462,-0.706056877],[-79.534287295,-0.701998581],[-79.537387709,-0.700008594],[-79.53475545,-0.694781494],[-79.538815455,-0.695280502],[-79.539995156,-0.693203756],[-79.537133558,-0.691633069],[-79.536725807,-0.687976463],[-79.540404721,-0.690925758],[-79.542221108,-0.690112703],[-79.54268828,-0.685987332],[-79.541696186,-0.683212037],[-79.537207367,-0.68422146],[-79.538478299,-0.679114022],[-79.539486105,-0.671483092],[-79.543486998,-0.670895618],[-79.541271543,-0.662696573],[-79.542481194,-0.659681763],[-79.539514826,-0.658690191],[-79.535563684,-0.659923803],[-79.532126375,-0.659894067],[-79.533240229,-0.655228085],[-79.528605171,-0.65413552],[-79.526851318,-0.652569997],[-79.523727903,-0.65221013],[-79.525376629,-0.6474151],[-79.52459976,-0.645871406],[-79.521311147,-0.644673002],[-79.519679857,-0.646744834],[-79.516810823,-0.645905735],[-79.514571092,-0.643553993],[-79.517193047,-0.639361093],[-79.515108815,-0.637690199],[-79.512940474,-0.639204312],[-79.511914576,-0.635707902],[-79.509732698,-0.634709406],[-79.507729843,-0.631119395],[-79.505890361,-0.629797954],[-79.504757759,-0.625346741],[-79.505323825,-0.61573442],[-79.501071947,-0.608945627],[-79.498917966,-0.610256356],[-79.496660041,-0.609241115],[-79.494726112,-0.60564159],[-79.486110408,-0.610224027],[-79.484723426,-0.605873291],[-79.487651812,-0.606357487],[-79.488085405,-0.602849571],[-79.485294853,-0.602494637],[-79.48353674,-0.599238568],[-79.485830808,-0.598419628],[-79.485766673,-0.593908939],[-79.488417685,-0.591654331],[-79.485994092,-0.587998466],[-79.487480145,-0.586497307],[-79.491334139,-0.585656598],[-79.493523982,-0.583456885],[-79.491176398,-0.575437525],[-79.493477034,-0.572186135],[-79.496897005,-0.569886225],[-79.494990232,-0.566784473],[-79.493519118,-0.561105646],[-79.491423459,-0.557641328],[-79.492971935,-0.553582108],[-79.489678009,-0.551065095],[-79.488417068,-0.546046793],[-79.485458256,-0.543727295],[-79.483345821,-0.543425047],[-79.461660566,-0.548488704],[-79.458052239,-0.552855526],[-79.45870664,-0.555835353],[-79.458160594,-0.562406109],[-79.454522428,-0.559762667],[-79.454368249,-0.555371116],[-79.452237482,-0.550027048],[-79.448270613,-0.547815771],[-79.440020859,-0.544553604],[-79.433582559,-0.545676725],[-79.428811626,-0.544230394],[-79.427332123,-0.542113246],[-79.416683575,-0.538571399]]]]},"properties":{"codigo":"12","nombre":"LOS RÍOS","nivel":"Provincia","codigo_provincia":"12","provincia":"LOS RÍOS"},"id":"12"},{"type":"Feature","geometry":{"type":"MultiPolygon","coordinates":[[[[-79.75930606,0.381172322],[-79.755699952,0.378769308],[-79.748176405,0.379701721],[-79.735827747,0.372390653],[-79.728720508,0.375050725],[-79.724552844,0.372904857],[-79.721682921,0.372516858],[-79.716769322,0.365922577],[-79.715544947,0.36285518],[-79.713908888,0.355303988],[-79.711937393,0.353093896],[-79.710779143,0.348642244],[-79.707132072,0.346141262],[-79.70565862,0.343173544],[-79.707343101,0.341322665],[-79.706612983,0.339282997],[-79.712689565,0.335837169],[-79.716018725,0.330318184],[-79.718237659,0.329196225],[-79.720669122,0.325621451],[-79.721128035,0.321757252],[-79.722526466,0.318913082],[-79.718872276,0.311402192],[-79.7185465,0.308975226],[-79.716526158,0.3057346],[-79.721330915,0.300672576],[-79.721124739,0.29853976],[-79.718082361,0.292769186],[-79.709386892,0.289787912],[-79.703535981,0.288993608],[-79.701494363,0.290099056],[-79.697493039,0.289517437],[-79.695014022,0.287532806],[-79.693315159,0.280383087],[-79.68800836,0.278647462],[-79.686540961,0.274196058],[-79.680039592,0.273106462],[-79.678256651,0.273901982],[-79.678951016,0.277107659],[-79.673283525,0.275833328],[-79.673283713,0.274136663],[-79.670759568,0.269777029],[-79.666005784,0.264360906],[-79.665731318,0.260905565],[-79.666658517,0.25564681],[-79.668606054,0.2548678],[-79.672335619,0.248135369],[-79.674825445,0.247455084],[-79.675896915,0.242069599],[-79.677841745,0.241419101],[-79.680538962,0.233801662],[-79.68288367,0.232386627],[-79.686460933,0.227259488],[-79.685814637,0.224759686],[-79.685781977,0.216069598],[-79.689048099,0.21490987],[-79.695942449,0.219700039],[-79.698195991,0.217994538],[-79.699831055,0.215089708],[-79.704789062,0.211785728],[-79.705525088,0.207219608],[-79.707144809,0.203921756],[-79.705527366,0.20233441],[-79.707785383,0.199641987],[-79.705669429,0.194000369],[-79.708714354,0.192956811],[-79.710097169,0.184779002],[-79.711454776,0.182805111],[-79.708133525,0.180122548],[-79.705901507,0.182825416],[-79.704530491,0.180595956],[-79.700094699,0.181265134],[-79.698723646,0.179587842],[-79.702645317,0.177904025],[-79.694816078,0.175763844],[-79.695782887,0.173810641],[-79.693527507,0.17098756],[-79.69399386,0.168668516],[-79.689441711,0.166790863],[-79.686870628,0.169040741],[-79.682801895,0.164023849],[-79.67702733,0.163670071],[-79.675303385,0.169999648],[-79.672107071,0.171004112],[-79.670046598,0.173342058],[-79.667351629,0.173485393],[-79.66683629,0.177189257],[-79.665332386,0.178078083],[-79.660250861,0.174512718],[-79.657280007,0.174137486],[-79.655528014,0.171553903],[-79.658011533,0.169799362],[-79.657648393,0.167266805],[-79.654577447,0.165583894],[-79.657300267,0.160296692],[-79.652037532,0.160471691],[-79.653042664,0.156039532],[-79.656443032,0.156638628],[-79.657330208,0.152996862],[-79.649549217,0.143975469],[-79.648096359,0.152575448],[-79.640558704,0.152405019],[-79.640665716,0.155116142],[-79.635981811,0.155175186],[-79.62773125,0.157753568],[-79.623587516,0.151370574],[-79.621448223,0.150333039],[-79.621209543,0.146690912],[-79.618015991,0.146377073],[-79.617799971,0.141518525],[-79.613661092,0.13858976],[-79.617743944,0.13407906],[-79.616095561,0.132181262],[-79.611821411,0.135849592],[-79.610323866,0.135897365],[-79.60892166,0.131376789],[-79.60180236,0.132268998],[-79.599313677,0.130841162],[-79.599596685,0.128285397],[-79.598505921,0.122714311],[-79.597327004,0.120912281],[-79.593665899,0.120854179],[-79.59158655,0.119304813],[-79.587265096,0.119633394],[-79.581962539,0.1175641],[-79.579226293,0.117890315],[-79.576400174,0.120365096],[-79.573781773,0.119573449],[-79.569358151,0.114551985],[-79.575502914,0.109519685],[-79.580239476,0.106906718],[-79.582186464,0.102222442],[-79.586993001,0.097581354],[-79.58844553,0.093471965],[-79.588564503,0.090381953],[-79.591910347,0.085607958],[-79.597469714,0.08320913],[-79.602860132,0.082267229],[-79.603116935,0.078337954],[-79.604400626,0.075583586],[-79.602318467,0.071522502],[-79.5979116,0.066106892],[-79.597205206,0.063924888],[-79.600434655,0.060663615],[-79.603265324,0.059990868],[-79.60704956,0.060450432],[-79.61190833,0.056798739],[-79.616436606,0.056906537],[-79.619754797,0.055633188],[-79.617146888,0.053360393],[-79.617833268,0.050518265],[-79.623767128,0.043656838],[-79.624105931,0.039468958],[-79.625701015,0.036301379],[-79.624806553,0.034321002],[-79.619116588,0.033005782],[-79.616374124,0.033664029],[-79.614757114,0.030086775],[-79.616373543,0.027215111],[-79.61942808,0.024917796],[-79.621715993,0.0250973],[-79.624497175,0.022698268],[-79.624923888,0.019051219],[-79.622968793,0.013843868],[-79.61421174,0.012235674],[-79.612026058,0.009313729],[-79.613178944,0.000141107],[-79.612395693,-0.008066513],[-79.609219967,-0.006420074],[-79.606464499,-0.0069743],[-79.607277669,-0.010918306],[-79.60338879,-0.017970628],[-79.6028991,-0.020435473],[-79.60576212,-0.021465022],[-79.608018625,-0.023628168],[-79.60879112,-0.027714331],[-79.615333636,-0.03492229],[-79.615571259,-0.040139186],[-79.610597271,-0.041006587],[-79.608523261,-0.043208169],[-79.60832687,-0.048286685],[-79.609862388,-0.050832936],[-79.608982824,-0.053460501],[-79.603282633,-0.055494468],[-79.602870805,-0.05944314],[-79.600905023,-0.061876448],[-79.598751917,-0.06143203],[-79.59615656,-0.063201534],[-79.595175408,-0.066686834],[-79.590576986,-0.068001057],[-79.588591025,-0.069542009],[-79.581322847,-0.070755746],[-79.582529478,-0.073891249],[-79.578881174,-0.079337103],[-79.571019631,-0.083568166],[-79.570660442,-0.085017633],[-79.564423381,-0.0910571],[-79.560579505,-0.090628657],[-79.558939726,-0.089258318],[-79.555845111,-0.093556767],[-79.554935246,-0.096533451],[-79.551617418,-0.096960397],[-79.548385033,-0.10038522],[-79.546785323,-0.102935211],[-79.546656281,-0.107399721],[-79.545456404,-0.107745789],[-79.54375493,-0.112505162],[-79.543481741,-0.12459589],[-79.540417221,-0.126152409],[-79.53947261,-0.130169103],[-79.540615396,-0.131284304],[-79.539149072,-0.134759318],[-79.536715096,-0.133973075],[-79.532845559,-0.13503042],[-79.528347789,-0.138944051],[-79.528634811,-0.142865432],[-79.526171501,-0.14389424],[-79.524422325,-0.148353458],[-79.524421689,-0.157644199],[-79.521898517,-0.158703771],[-79.519300651,-0.163922322],[-79.516299997,-0.163541863],[-79.511795379,-0.164528455],[-79.508708789,-0.168759227],[-79.50265694,-0.168957345],[-79.498900642,-0.169755032],[-79.496878842,-0.167890379],[-79.493780224,-0.169851895],[-79.492722284,-0.167567315],[-79.486362295,-0.171344319],[-79.484136223,-0.169635941],[-79.481206852,-0.169918091],[-79.473437611,-0.173556628],[-79.472979615,-0.17540989],[-79.469511697,-0.175037312],[-79.470343409,-0.171398152],[-79.466184581,-0.171274079],[-79.461527194,-0.172025646],[-79.455897405,-0.178304428],[-79.452462947,-0.176633138],[-79.450005074,-0.176645922],[-79.448684124,-0.17915785],[-79.441537464,-0.176157076],[-79.437185636,-0.177620593],[-79.435725401,-0.176566964],[-79.429315859,-0.175774661],[-79.428484978,-0.179566381],[-79.423469921,-0.181591011],[-79.419271304,-0.181803525],[-79.415590819,-0.18599347],[-79.412311255,-0.187214692],[-79.413088471,-0.188929037],[-79.409727937,-0.19135794],[-79.405009917,-0.209481959],[-79.409556411,-0.209091808],[-79.411480768,-0.210847944],[-79.412743273,-0.214543924],[-79.410527897,-0.216577022],[-79.409937525,-0.220118669],[-79.41204209,-0.225796411],[-79.410482199,-0.227136578],[-79.413888269,-0.232935499],[-79.413179901,-0.238184644],[-79.410282835,-0.243943465],[-79.411137945,-0.252655954],[-79.409875051,-0.257539811],[-79.410756112,-0.261663395],[-79.410756109,-0.286825668],[-79.410756329,-0.390290659],[-79.410756111,-0.410686109],[-79.415492991,-0.414670653],[-79.4167083,-0.414752218],[-79.419067766,-0.418542693],[-79.422201809,-0.421607712],[-79.422979066,-0.424649168],[-79.420811231,-0.426903269],[-79.421749013,-0.429236005],[-79.425803665,-0.431107912],[-79.428116089,-0.434470215],[-79.429131166,-0.438664265],[-79.432738741,-0.441011839],[-79.438343784,-0.441492407],[-79.442247268,-0.446437371],[-79.442948247,-0.449944104],[-79.448820762,-0.452161438],[-79.449424576,-0.456007196],[-79.4553582,-0.457701352],[-79.456532589,-0.456316413],[-79.459078464,-0.460412799],[-79.456172367,-0.467080878],[-79.458924011,-0.468965429],[-79.463116577,-0.468116284],[-79.464377622,-0.47178895],[-79.460007059,-0.4728482],[-79.459653594,-0.47701544],[-79.45742996,-0.478582433],[-79.454744483,-0.476992539],[-79.452389385,-0.479429142],[-79.449765748,-0.48038244],[-79.457133456,-0.487249698],[-79.457841281,-0.492470388],[-79.458995252,-0.495719719],[-79.461143509,-0.496605274],[-79.459887593,-0.503666611],[-79.460524238,-0.505957974],[-79.459141091,-0.508439803],[-79.459665245,-0.512244767],[-79.461717932,-0.514799141],[-79.464321577,-0.515994007],[-79.464673572,-0.518896564],[-79.466587211,-0.520802518],[-79.465587612,-0.522658104],[-79.466003617,-0.528667279],[-79.46881172,-0.532635392],[-79.472561463,-0.532300811],[-79.474139576,-0.538055265],[-79.47577949,-0.539434606],[-79.478268569,-0.538639313],[-79.479884129,-0.543183615],[-79.483345821,-0.543425047],[-79.485458256,-0.543727295],[-79.488417068,-0.546046793],[-79.489678009,-0.551065095],[-79.492971935,-0.553582108],[-79.491423459,-0.557641328],[-79.493519118,-0.561105646],[-79.494990232,-0.566784473],[-79.496897005,-0.569886225],[-79.493477034,-0.572186135],[-79.491176398,-0.575437525],[-79.493523982,-0.583456885],[-79.491334139,-0.585656598],[-79.487480145,-0.586497307],[-79.485994092,-0.587998466],[-79.488417685,-0.591654331],[-79.485766673,-0.593908939],[-79.485830808,-0.598419628],[-79.48353674,-0.599238568],[-79.485294853,-0.602494637],[-79.488085405,-0.602849571],[-79.487651812,-0.606357487],[-79.484723426,-0.605873291],[-79.486110408,-0.610224027],[-79.494726112,-0.60564159],[-79.496660041,-0.609241115],[-79.498917966,-0.610256356],[-79.501071947,-0.608945627],[-79.505323825,-0.61573442],[-79.504757759,-0.625346741],[-79.505890361,-0.629797954],[-79.507729843,-0.631119395],[-79.509732698,-0.634709406],[-79.511914576,-0.635707902],[-79.512940474,-0.639204312],[-79.515108815,-0.637690199],[-79.517193047,-0.639361093],[-79.514571092,-0.643553993],[-79.516810823,-0.645905735],[-79.519679857,-0.646744834],[-79.521311147,-0.644673002],[-79.52459976,-0.645871406],[-79.525376629,-0.6474151],[-79.523727903,-0.65221013],[-79.526851318,-0.652569997],[-79.528605171,-0.65413552],[-79.533240229,-0.655228085],[-79.532126375,-0.659894067],[-79.535563684,-0.659923803],[-79.539514826,-0.658690191],[-79.542481194,-0.659681763],[-79.541271543,-0.662696573],[-79.543486998,-0.670895618],[-79.539486105,-0.671483092],[-79.538478299,-0.679114022],[-79.537207367,-0.68422146],[-79.541696186,-0.683212037],[-79.54268828,-0.685987332],[-79.542221108,-0.690112703],[-79.540404721,-0.690925758],[-79.536725807,-0.687976463],[-79.537133558,-0.691633069],[-79.539995156,-0.693203756],[-79.538815455,-0.695280502],[-79.53475545,-0.694781494],[-79.537387709,-0.700008594],[-79.534287295,-0.701998581],[-79.533658462,-0.706056877],[-79.535730326,-0.709264132],[-79.533666245,-0.711541591],[-79.536718193,-0.712528476],[-79.53880853,-0.717449123],[-79.542175618,-0.714176595],[-79.543116081,-0.717000624],[-79.541441641,-0.719902782],[-79.546176984,-0.719789441],[-79.550398244,-0.721647761],[-79.554658142,-0.721629982],[-79.555040133,-0.716403785],[-79.557435357,-0.719486736],[-79.562702481,-0.72173784],[-79.562818008,-0.717191156],[-79.564797587,-0.71150598],[-79.566728628,-0.709008276],[-79.569532989,-0.711325591],[-79.57447036,-0.711480283],[-79.573641832,-0.706945965],[-79.574698172,-0.70408902],[-79.574314034,-0.700901394],[-79.576496607,-0.699853917],[-79.577608028,-0.70350123],[-79.580231148,-0.707780772],[-79.580415277,-0.712018885],[-79.577209167,-0.717384253],[-79.576887074,-0.721167527],[-79.579453255,-0.725009145],[-79.58253396,-0.725491116],[-79.586141112,-0.730144314],[-79.58838015,-0.731092666],[-79.588437619,-0.733562299],[-79.591253743,-0.736363051],[-79.587990172,-0.739024266],[-79.589742269,-0.742512681],[-79.596749895,-0.740115897],[-79.598174779,-0.744727754],[-79.601397807,-0.746315378],[-79.599927658,-0.749523987],[-79.600932439,-0.752011887],[-79.604260408,-0.754029107],[-79.597014414,-0.754558019],[-79.596257111,-0.757621509],[-79.598177315,-0.759498285],[-79.598870573,-0.762274447],[-79.60176098,-0.763270902],[-79.600513436,-0.769023387],[-79.596433952,-0.76942407],[-79.595795958,-0.772151931],[-79.598303916,-0.779485063],[-79.598197913,-0.783715935],[-79.601754518,-0.783018362],[-79.602590598,-0.785172389],[-79.600070349,-0.786243627],[-79.598034032,-0.790387698],[-79.603101397,-0.793232363],[-79.602872328,-0.795768921],[-79.605896174,-0.795875245],[-79.606199776,-0.797923804],[-79.604363121,-0.802077518],[-79.606083226,-0.80514122],[-79.603961057,-0.809955312],[-79.603665165,-0.813190617],[-79.599874428,-0.818281106],[-79.598373613,-0.827254506],[-79.600179766,-0.828906353],[-79.602581617,-0.826633807],[-79.60612316,-0.82838199],[-79.604504817,-0.833478621],[-79.607381304,-0.833575369],[-79.609662967,-0.835107738],[-79.607353274,-0.837905955],[-79.609995513,-0.841620928],[-79.609422726,-0.847909679],[-79.611218973,-0.850695851],[-79.607607279,-0.853267913],[-79.607361697,-0.854842586],[-79.609657135,-0.857724666],[-79.614368862,-0.858013553],[-79.615381882,-0.860313071],[-79.619408178,-0.859666605],[-79.621556785,-0.861036223],[-79.626473588,-0.859650025],[-79.62461333,-0.862966151],[-79.627465224,-0.865475133],[-79.62473958,-0.868867518],[-79.623425562,-0.873638823],[-79.624903532,-0.875644764],[-79.627100952,-0.873549239],[-79.629211578,-0.874789629],[-79.629629053,-0.877369522],[-79.634616669,-0.87750537],[-79.637434906,-0.881084069],[-79.639993133,-0.880544172],[-79.644005876,-0.881186992],[-79.64876816,-0.886568418],[-79.648971384,-0.889952333],[-79.651772694,-0.892974734],[-79.65274903,-0.896467746],[-79.65752108,-0.901193503],[-79.662921705,-0.903373234],[-79.668073476,-0.896932868],[-79.671259633,-0.89568004],[-79.670598192,-0.891341041],[-79.678303079,-0.892226815],[-79.678912084,-0.894459823],[-79.676496273,-0.898286605],[-79.677605031,-0.899642859],[-79.681348038,-0.899115037],[-79.685173405,-0.903306547],[-79.689338894,-0.902580548],[-79.6903813,-0.899508136],[-79.689270139,-0.895381967],[-79.695716831,-0.89779657],[-79.69876779,-0.903108263],[-79.701311598,-0.902551367],[-79.704098511,-0.904301761],[-79.706060871,-0.901534785],[-79.703968451,-0.900147083],[-79.704346185,-0.89637693],[-79.701558237,-0.894186204],[-79.699066249,-0.890892225],[-79.700341423,-0.886180692],[-79.705098085,-0.883211578],[-79.710753589,-0.882868882],[-79.711313299,-0.879913527],[-79.714023995,-0.878646092],[-79.715944137,-0.881233567],[-79.715941808,-0.88593926],[-79.718238194,-0.886557497],[-79.72359619,-0.881770627],[-79.730229394,-0.883792127],[-79.733051266,-0.888766747],[-79.737215585,-0.891625642],[-79.737771123,-0.893930469],[-79.737112817,-0.900140549],[-79.739621455,-0.905827629],[-79.744605412,-0.910438653],[-79.746986171,-0.914682614],[-79.74680006,-0.916606675],[-79.743967232,-0.920195458],[-79.744722801,-0.921538304],[-79.748917478,-0.921797563],[-79.752277216,-0.92324496],[-79.754429067,-0.926860268],[-79.753733416,-0.930498698],[-79.760346583,-0.936832342],[-79.763475686,-0.939100391],[-79.764644897,-0.942614297],[-79.769519779,-0.945157496],[-79.770830117,-0.946740125],[-79.773512968,-0.9550199],[-79.774271866,-0.966212885],[-79.77338161,-0.971661643],[-79.772764477,-0.976038561],[-79.774423608,-0.980109155],[-79.782072792,-0.981942357],[-79.787602752,-0.977573521],[-79.790351236,-0.977669194],[-79.795251463,-0.980837351],[-79.797116098,-0.98311025],[-79.800499818,-0.989549451],[-79.801136401,-0.992084899],[-79.800121269,-0.995992548],[-79.797366536,-0.999590718],[-79.797442287,-1.004100811],[-79.800396411,-1.006748297],[-79.802988541,-1.00778201],[-79.804538599,-1.010200732],[-79.800471965,-1.015775144],[-79.800195941,-1.022806538],[-79.802256199,-1.025390194],[-79.803758007,-1.030874093],[-79.804830285,-1.031943642],[-79.809363266,-1.030907964],[-79.812422652,-1.033354392],[-79.812005214,-1.038821707],[-79.813529108,-1.041500446],[-79.812759766,-1.045861429],[-79.814582763,-1.048814696],[-79.817595513,-1.050822639],[-79.820145679,-1.050894412],[-79.826098855,-1.048989253],[-79.82927495,-1.048768151],[-79.83341798,-1.050156435],[-79.836644045,-1.0570066],[-79.835128568,-1.059895925],[-79.837639464,-1.066809345],[-79.84026717,-1.070727061],[-79.841149178,-1.074442986],[-79.843114806,-1.077100756],[-79.843709722,-1.081827222],[-79.850787337,-1.089594876],[-79.854604933,-1.089628097],[-79.859177366,-1.095976025],[-79.861510583,-1.100020695],[-79.869745204,-1.103022805],[-79.87459743,-1.103921283],[-79.881743125,-1.108731344],[-79.887273566,-1.116536531],[-79.898700499,-1.12240124],[-79.903620771,-1.126654652],[-79.9087175,-1.139454445],[-79.912787578,-1.139250072],[-79.916072793,-1.144852836],[-79.919993787,-1.143408558],[-79.922134315,-1.143828272],[-79.924856436,-1.146295784],[-79.927653829,-1.146464547],[-79.93535355,-1.151427109],[-79.938015643,-1.151761986],[-79.940401483,-1.155726262],[-79.943828511,-1.155466578],[-79.946044677,-1.153609864],[-79.948581227,-1.147827683],[-79.945057381,-1.145724691],[-79.946368118,-1.14405081],[-79.950124999,-1.143436271],[-79.955207375,-1.138590874],[-79.959430296,-1.140557877],[-79.963752365,-1.140235879],[-79.965662193,-1.142019247],[-79.964806042,-1.146906809],[-79.96531584,-1.150010696],[-79.963805686,-1.152159063],[-79.964599873,-1.15663662],[-79.96864558,-1.161791262],[-79.968721092,-1.16645925],[-79.970212666,-1.168617498],[-79.961343337,-1.168617411],[-79.958483919,-1.166140427],[-79.953434444,-1.164397234],[-79.94962439,-1.167986336],[-79.952089947,-1.174760336],[-79.950369326,-1.178845675],[-79.953691655,-1.181141516],[-79.957956535,-1.181251552],[-79.9605414,-1.189690004],[-79.963263898,-1.185397848],[-79.967804047,-1.181852267],[-79.972674871,-1.180151051],[-79.974851783,-1.175733458],[-79.97826813,-1.17576058],[-79.984138087,-1.177054947],[-79.986302824,-1.17635654],[-79.993504879,-1.193667818],[-79.997185919,-1.194315238],[-80.001598616,-1.196417979],[-80.003922983,-1.199701744],[-80.010801126,-1.204952662],[-80.010801112,-1.217647666],[-80.015653239,-1.218567131],[-80.015051744,-1.224871565],[-80.017367584,-1.227290323],[-80.017054168,-1.234159413],[-80.018119463,-1.238329735],[-80.020928924,-1.241119462],[-80.020454287,-1.242725642],[-80.025133706,-1.246631336],[-80.030105982,-1.2474872],[-80.032803737,-1.250655199],[-80.034446901,-1.250848205],[-80.037837011,-1.253924386],[-80.03741308,-1.256989709],[-80.038843438,-1.260286338],[-80.036411381,-1.260691759],[-80.035654907,-1.26579625],[-80.036516052,-1.268493774],[-80.035069377,-1.270915237],[-80.032291905,-1.27245982],[-80.029683246,-1.275650454],[-80.030976078,-1.278703825],[-80.034950339,-1.273950312],[-80.041140702,-1.27540702],[-80.042754431,-1.28004499],[-80.044329691,-1.281311584],[-80.047169843,-1.287365199],[-80.0508773,-1.286319275],[-80.054054078,-1.289539688],[-80.061313817,-1.290807254],[-80.062928111,-1.294283638],[-80.064887547,-1.294454933],[-80.069553233,-1.297125673],[-80.073819952,-1.303780642],[-80.076902126,-1.304403701],[-80.08104844,-1.307457862],[-80.080283698,-1.309914914],[-80.083692273,-1.315389757],[-80.080875891,-1.317753503],[-80.084012668,-1.319531689],[-80.087237154,-1.319663786],[-80.08997237,-1.323088107],[-80.097035316,-1.326805883],[-80.09906126,-1.326289141],[-80.099978703,-1.327694221],[-80.103739436,-1.328553623],[-80.106659157,-1.326423412],[-80.10975871,-1.322827871],[-80.113622393,-1.32386125],[-80.115861477,-1.32264661],[-80.123106362,-1.324776682],[-80.127875901,-1.323710561],[-80.132727668,-1.324753222],[-80.134430414,-1.325988664],[-80.137540119,-1.324121569],[-80.145421312,-1.342989478],[-80.153758909,-1.366758718],[-80.142156585,-1.380712968],[-80.144863928,-1.407211311],[-80.150685902,-1.409001354],[-80.153962273,-1.40804332],[-80.158627976,-1.409371238],[-80.163058004,-1.411478392],[-80.166757803,-1.410441953],[-80.169516379,-1.412356766],[-80.169771668,-1.41610646],[-80.17626419,-1.417631905],[-80.179574099,-1.416632261],[-80.182425521,-1.417214644],[-80.184859293,-1.420468208],[-80.187160721,-1.421548722],[-80.190643052,-1.420311762],[-80.192035694,-1.42253783],[-80.195452078,-1.422018148],[-80.196975506,-1.425283424],[-80.194881429,-1.427519008],[-80.192128424,-1.435245694],[-80.194224756,-1.438781668],[-80.19706975,-1.440663446],[-80.195451297,-1.444274449],[-80.198055816,-1.448839538],[-80.193814845,-1.45444622],[-80.195184753,-1.458681403],[-80.197762107,-1.462626944],[-80.199223182,-1.464262745],[-80.197033753,-1.468344203],[-80.194543247,-1.469451763],[-80.192935559,-1.471824851],[-80.194379866,-1.473389164],[-80.194976524,-1.477415518],[-80.198050613,-1.478651538],[-80.199180122,-1.480627241],[-80.201903577,-1.480213904],[-80.204134483,-1.482332015],[-80.205318377,-1.487935414],[-80.202831481,-1.491039219],[-80.203078988,-1.494108289],[-80.20591023,-1.496654973],[-80.205242426,-1.499694493],[-80.202892146,-1.501571196],[-80.202665483,-1.505479015],[-80.200462297,-1.507487787],[-80.197772126,-1.514594949],[-80.195493509,-1.515342742],[-80.194048206,-1.519243332],[-80.187452118,-1.522510116],[-80.183785499,-1.52122518],[-80.180866692,-1.524690737],[-80.177322558,-1.525852654],[-80.17549762,-1.528435757],[-80.172093142,-1.527000781],[-80.19269792,-1.550819573],[-80.220213099,-1.57431862],[-80.235360163,-1.574202529],[-80.236860847,-1.57120663],[-80.242270417,-1.567508522],[-80.245154897,-1.566269121],[-80.246656974,-1.567374237],[-80.251963614,-1.565661302],[-80.259098882,-1.567331895],[-80.262881635,-1.565252697],[-80.269576428,-1.569236307],[-80.27532857,-1.569238321],[-80.282023771,-1.570740015],[-80.279821151,-1.574001792],[-80.279711487,-1.576600188],[-80.277391818,-1.58036427],[-80.261984338,-1.602838259],[-80.252593035,-1.616151414],[-80.223630648,-1.61615139],[-80.223340665,-1.620227326],[-80.224726324,-1.623825151],[-80.227963992,-1.624978455],[-80.229821903,-1.627131901],[-80.2257625,-1.627884691],[-80.224058468,-1.630072683],[-80.224368402,-1.632478398],[-80.220113139,-1.635907859],[-80.222522753,-1.644153782],[-80.221688662,-1.645868561],[-80.223874754,-1.649352918],[-80.221484691,-1.653495319],[-80.219309396,-1.659425547],[-80.219866477,-1.661282179],[-80.216667165,-1.666475793],[-80.209708383,-1.669994749],[-80.208201929,-1.675063181],[-80.209850093,-1.68314226],[-80.210918989,-1.683998391],[-80.210543141,-1.689316781],[-80.212779235,-1.692051238],[-80.210583112,-1.692961943],[-80.210460491,-1.694414668],[-80.216815481,-1.695308428],[-80.22242393,-1.694920252],[-80.223064597,-1.692451432],[-80.226127716,-1.693795653],[-80.230505666,-1.688333276],[-80.232151176,-1.688394252],[-80.233213104,-1.690640175],[-80.23926433,-1.693471741],[-80.24226751,-1.689751548],[-80.246284137,-1.686772537],[-80.252086767,-1.685038677],[-80.252027046,-1.683702398],[-80.257511325,-1.682919046],[-80.258669906,-1.680645083],[-80.263079294,-1.676173945],[-80.264787493,-1.678298947],[-80.272871985,-1.678021819],[-80.276008223,-1.679127685],[-80.281101824,-1.677902378],[-80.288352263,-1.679140113],[-80.290348271,-1.683895944],[-80.29775987,-1.683082197],[-80.29992544,-1.687149992],[-80.295298118,-1.692015947],[-80.295070812,-1.693870767],[-80.291843428,-1.697051342],[-80.289627613,-1.697699613],[-80.282917968,-1.703014124],[-80.283793516,-1.706624467],[-80.289931507,-1.710127856],[-80.297965051,-1.706784148],[-80.298057894,-1.70511835],[-80.302096318,-1.702831319],[-80.304030346,-1.699558434],[-80.310486159,-1.693483274],[-80.313081868,-1.690337076],[-80.31664764,-1.690386651],[-80.319192315,-1.685829877],[-80.321112849,-1.686075352],[-80.323661431,-1.682909844],[-80.326099501,-1.686342432],[-80.325342344,-1.689233348],[-80.324606367,-1.691249332],[-80.325448059,-1.694497629],[-80.3293348,-1.701041134],[-80.330114577,-1.703968619],[-80.334966282,-1.706247797],[-80.334524377,-1.708458365],[-80.336470071,-1.710134929],[-80.336494884,-1.713008507],[-80.334021227,-1.715418568],[-80.333981347,-1.723874699],[-80.340057854,-1.722968093],[-80.351171748,-1.723136945],[-80.362446093,-1.739463347],[-80.382581156,-1.751784512],[-80.383841682,-1.755410486],[-80.386681719,-1.757177886],[-80.386672123,-1.759583854],[-80.389016824,-1.764294075],[-80.387961867,-1.765991884],[-80.390283191,-1.771825067],[-80.396112487,-1.772131118],[-80.403242273,-1.775140576],[-80.405450427,-1.774528045],[-80.411305893,-1.779278958],[-80.413266465,-1.783825891],[-80.414669052,-1.785125361],[-80.419146333,-1.786313778],[-80.4190209,-1.78943612],[-80.420895589,-1.794306347],[-80.421679277,-1.799319619],[-80.425544557,-1.801416407],[-80.426713826,-1.804332074],[-80.425774129,-1.808421589],[-80.416908542,-1.813943556],[-80.414611129,-1.817631251],[-80.412730002,-1.818175114],[-80.410110658,-1.823887408],[-80.411089771,-1.827791081],[-80.407485418,-1.831486132],[-80.409732334,-1.837669657],[-80.411213172,-1.836504865],[-80.416729659,-1.83775814],[-80.418682156,-1.835719412],[-80.425276282,-1.835771823],[-80.428203918,-1.836465142],[-80.428015178,-1.840129832],[-80.429761263,-1.841465683],[-80.429870525,-1.844007185],[-80.431852892,-1.845346358],[-80.431686969,-1.850217112],[-80.430467279,-1.852605622],[-80.427571706,-1.85451005],[-80.431291011,-1.856253161],[-80.437036558,-1.856625348],[-80.439110318,-1.858945794],[-80.433024779,-1.865679765],[-80.435888944,-1.867883781],[-80.434098668,-1.88360159],[-80.437609221,-1.883994459],[-80.438525498,-1.882512396],[-80.443288544,-1.881234581],[-80.440962715,-1.886663153],[-80.436026945,-1.884698975],[-80.433083176,-1.885636145],[-80.42924338,-1.882599364],[-80.423657203,-1.879925589],[-80.420787536,-1.879230822],[-80.417741122,-1.880351554],[-80.417641386,-1.883679094],[-80.419697253,-1.884883907],[-80.420123318,-1.888515708],[-80.421507793,-1.889062021],[-80.422665734,-1.892940042],[-80.429936815,-1.895390925],[-80.430677969,-1.898247778],[-80.432531437,-1.89998165],[-80.433282817,-1.90279648],[-80.431739652,-1.904743027],[-80.433365158,-1.914339032],[-80.431403156,-1.915960011],[-80.431729029,-1.92051272],[-80.430043636,-1.921454655],[-80.430129575,-1.925188397],[-80.431508824,-1.92820223],[-80.43529638,-1.929943394],[-80.436855271,-1.938321826],[-80.438504082,-1.9391002],[-80.440418917,-1.94313893],[-80.446083052,-1.945664013],[-80.451624829,-1.943208556],[-80.452808246,-1.941091615],[-80.455389269,-1.940694307],[-80.461449815,-1.944186762],[-80.464175311,-1.947318559],[-80.465273558,-1.944175007],[-80.465139376,-1.940820985],[-80.466340969,-1.938670918],[-80.469957801,-1.937774924],[-80.471615682,-1.930992339],[-80.471468018,-1.928451679],[-80.479001549,-1.925859414],[-80.481673549,-1.92626087],[-80.484338006,-1.92279219],[-80.488704801,-1.922298897],[-80.493138341,-1.924066728],[-80.494780083,-1.923184935],[-80.501966655,-1.926317703],[-80.506406096,-1.925493191],[-80.513648076,-1.920566374],[-80.517041281,-1.921675973],[-80.51912667,-1.919975211],[-80.519378279,-1.916502434],[-80.516769739,-1.913035351],[-80.516941897,-1.909915037],[-80.518450705,-1.908116134],[-80.516356931,-1.905829199],[-80.516501057,-1.902477012],[-80.520869034,-1.900323079],[-80.524629933,-1.894723939],[-80.526735311,-1.894753567],[-80.528636699,-1.889502728],[-80.53114405,-1.888357699],[-80.534529605,-1.882283201],[-80.534522627,-1.878101049],[-80.539239081,-1.874013876],[-80.543853828,-1.868219666],[-80.546598709,-1.862178466],[-80.551556348,-1.858460545],[-80.553357119,-1.854436083],[-80.55554865,-1.85323249],[-80.557032607,-1.847571827],[-80.560076171,-1.843714682],[-80.565844983,-1.839433814],[-80.566226721,-1.834818893],[-80.565137149,-1.830536036],[-80.560084123,-1.830404606],[-80.559777778,-1.824677778],[-80.571191667,-1.824402778],[-80.564205751,-1.819483961],[-80.561973688,-1.814779368],[-80.55771507,-1.810045961],[-80.557035821,-1.803668599],[-80.554899196,-1.79882545],[-80.555610269,-1.791268896],[-80.552643256,-1.787407007],[-80.551716649,-1.782719962],[-80.549590128,-1.780478447],[-80.554508999,-1.781962256],[-80.565002948,-1.782529045],[-80.567168806,-1.784190643],[-80.573087131,-1.784561081],[-80.575545969,-1.787491662],[-80.576269646,-1.784144521],[-80.581175313,-1.784019653],[-80.582941979,-1.785191456],[-80.587295886,-1.784546382],[-80.588255979,-1.781658385],[-80.593204602,-1.779554948],[-80.599542115,-1.768027681],[-80.604175948,-1.764945113],[-80.606143718,-1.759965483],[-80.610397629,-1.756959995],[-80.610369703,-1.750245848],[-80.612245767,-1.747303849],[-80.611749769,-1.738048556],[-80.610858331,-1.734648465],[-80.614055137,-1.734386461],[-80.616322238,-1.730383199],[-80.618183064,-1.729439327],[-80.620612613,-1.725120669],[-80.617770803,-1.720577699],[-80.617390576,-1.718232153],[-80.619041072,-1.714356776],[-80.61726686,-1.712139054],[-80.619822444,-1.707432954],[-80.624944367,-1.705090385],[-80.625572732,-1.703139163],[-80.629691001,-1.702134609],[-80.634260749,-1.698627275],[-80.635692421,-1.695295512],[-80.633924759,-1.694161519],[-80.636155601,-1.691633839],[-80.636900659,-1.688864464],[-80.640571594,-1.685820358],[-80.642249151,-1.682768694],[-80.64547987,-1.680464149],[-80.644658992,-1.675093719],[-80.650430268,-1.668801095],[-80.653939863,-1.670330467],[-80.653898115,-1.673376049],[-80.661731835,-1.675715547],[-80.665101019,-1.678470464],[-80.667602518,-1.67690336],[-80.671882784,-1.679230593],[-80.674821128,-1.67598709],[-80.677801353,-1.676948543],[-80.678267602,-1.674445467],[-80.687849791,-1.675169041],[-80.689115341,-1.672580163],[-80.695850129,-1.671787726],[-80.700708011,-1.675275112],[-80.703052093,-1.67331211],[-80.708564575,-1.673816594],[-80.710674909,-1.675827555],[-80.713332428,-1.676025855],[-80.71507302,-1.680983192],[-80.719439659,-1.680013996],[-80.724694238,-1.683515226],[-80.727875843,-1.684040845],[-80.730868892,-1.685857795],[-80.731696587,-1.683097481],[-80.733664667,-1.681899851],[-80.740158493,-1.680109274],[-80.74007565,-1.678207503],[-80.743526326,-1.67710957],[-80.744406119,-1.674028596],[-80.74422322,-1.670229557],[-80.747575847,-1.668595278],[-80.752955455,-1.674442548],[-80.753473221,-1.676452549],[-80.758946325,-1.676654568],[-80.761236367,-1.679755265],[-80.763301205,-1.684175768],[-80.7677721,-1.684860533],[-80.770203743,-1.688026159],[-80.772852376,-1.688466587],[-80.775758233,-1.6914764],[-80.775952745,-1.693084708],[-80.784497398,-1.699756932],[-80.788790696,-1.700490619],[-80.790306096,-1.703583186],[-80.794060472,-1.706479602],[-80.796420378,-1.705513195],[-80.799549738,-1.70753611],[-80.80253638,-1.711574172],[-80.806627133,-1.706236779],[-80.805593192,-1.703703554],[-80.808065609,-1.701079849],[-80.807661017,-1.699406171],[-80.809818803,-1.697189554],[-80.811347216,-1.693389797],[-80.810627922,-1.689228021],[-80.81128715,-1.683958176],[-80.81919647,-1.668415524],[-80.821705927,-1.657799657],[-80.826489069,-1.647722248],[-80.833060582,-1.636093668],[-80.836930336,-1.630565631],[-80.843668629,-1.626981873],[-80.84389341,-1.619653382],[-80.846096092,-1.617617658],[-80.843529243,-1.613979479],[-80.845362414,-1.608443615],[-80.848219814,-1.604701284],[-80.852216057,-1.601055893],[-80.85102398,-1.598477024],[-80.845860357,-1.594702325],[-80.844260813,-1.592113869],[-80.84109345,-1.582761988],[-80.84028295,-1.57681989],[-80.840712074,-1.572761288],[-80.840844543,-1.569279369],[-80.836251013,-1.565321858],[-80.835127219,-1.561205108],[-80.831306218,-1.561974178],[-80.823762632,-1.562110168],[-80.820102448,-1.562789074],[-80.816257195,-1.561909578],[-80.813232688,-1.557675004],[-80.811988934,-1.553371394],[-80.811140922,-1.545814085],[-80.811539286,-1.538748647],[-80.812804964,-1.530183283],[-80.816067039,-1.526551653],[-80.816426646,-1.522163338],[-80.81764039,-1.52080618],[-80.817730295,-1.515354704],[-80.815752372,-1.509812762],[-80.812673054,-1.509778842],[-80.810672666,-1.511079474],[-80.80734611,-1.506645962],[-80.806492016,-1.50126235],[-80.804109493,-1.498864629],[-80.802711402,-1.495899102],[-80.799325901,-1.498111015],[-80.795429223,-1.497068071],[-80.793002928,-1.493896068],[-80.792828429,-1.489184653],[-80.795253683,-1.488278235],[-80.792466598,-1.485473343],[-80.792331735,-1.478913391],[-80.789634465,-1.479049115],[-80.788016167,-1.481673098],[-80.785363978,-1.481311225],[-80.780101971,-1.48475831],[-80.774803764,-1.483243531],[-80.769730413,-1.479023076],[-80.767274933,-1.475246254],[-80.764469117,-1.466410629],[-80.764454439,-1.461530096],[-80.763287652,-1.45840871],[-80.764513335,-1.448052283],[-80.766843196,-1.442177487],[-80.767067971,-1.437381871],[-80.761403894,-1.432902929],[-80.754472883,-1.429843234],[-80.751587966,-1.420154573],[-80.751576611,-1.4165005],[-80.752847382,-1.411673083],[-80.754098395,-1.410054876],[-80.754880074,-1.402171214],[-80.758530373,-1.392826428],[-80.761495218,-1.391545476],[-80.759727593,-1.38856253],[-80.75408413,-1.38408667],[-80.747840894,-1.378209962],[-80.744202643,-1.371790785],[-80.741777189,-1.370796329],[-80.739332739,-1.366821177],[-80.738715915,-1.362098506],[-80.739201366,-1.357333895],[-80.741822942,-1.349302697],[-80.744868461,-1.342552192],[-80.748299359,-1.336138436],[-80.754806523,-1.322585769],[-80.759852727,-1.314369838],[-80.768655998,-1.302883581],[-80.782018682,-1.28638567],[-80.790694854,-1.278330388],[-80.793675645,-1.274423946],[-80.805532197,-1.260356089],[-80.81002819,-1.254932959],[-80.818290713,-1.246208741],[-80.826025783,-1.233599755],[-80.835784664,-1.223602189],[-80.84159519,-1.215708953],[-80.846733023,-1.210073431],[-80.851604401,-1.202728279],[-80.855594054,-1.192422762],[-80.862229953,-1.181953004],[-80.86982906,-1.167994039],[-80.873302219,-1.162167143],[-80.876446559,-1.158527989],[-80.880632642,-1.148215843],[-80.88426163,-1.134248266],[-80.886512222,-1.126615651],[-80.893193742,-1.111586963],[-80.895649138,-1.104752259],[-80.898353907,-1.09468718],[-80.900335941,-1.085643635],[-80.901993148,-1.08083597],[-80.912546997,-1.058679459],[-80.907218812,-1.056868538],[-80.9045462,-1.051674079],[-80.902693767,-1.04443901],[-80.903570936,-1.038824862],[-80.899694431,-1.035606441],[-80.892761241,-1.035632626],[-80.885204006,-1.030645769],[-80.883322146,-1.028371127],[-80.881694822,-1.024285892],[-80.878775129,-1.021039823],[-80.874690827,-1.019088198],[-80.872952005,-1.017612313],[-80.867852278,-1.009156131],[-80.865765358,-1.003789102],[-80.863950796,-1.002069502],[-80.862075647,-0.997756115],[-80.857097296,-0.993087927],[-80.855365283,-0.993713465],[-80.849035422,-0.98620242],[-80.846390996,-0.98406464],[-80.840990599,-0.977440503],[-80.836983558,-0.970621416],[-80.830725407,-0.959942349],[-80.82966993,-0.956373311],[-80.825281639,-0.957697913],[-80.817840503,-0.953838594],[-80.813550024,-0.954446032],[-80.811810031,-0.95660288],[-80.809689855,-0.956366061],[-80.804318868,-0.960264279],[-80.796247982,-0.959924624],[-80.790101801,-0.95810753],[-80.784386231,-0.957162498],[-80.777626346,-0.953421328],[-80.769670551,-0.948006206],[-80.764036939,-0.943537081],[-80.760102947,-0.942639924],[-80.75638058,-0.942931721],[-80.752940102,-0.944602211],[-80.744331047,-0.943643848],[-80.739187039,-0.942196998],[-80.727806976,-0.93753872],[-80.723525756,-0.941672461],[-80.724469627,-0.943234984],[-80.720562735,-0.946841286],[-80.720307529,-0.950126847],[-80.715414763,-0.950500672],[-80.712189479,-0.949903493],[-80.706728269,-0.950154434],[-80.700487707,-0.948258808],[-80.697405447,-0.948312387],[-80.692633249,-0.947188126],[-80.683364356,-0.943563269],[-80.673062602,-0.936920034],[-80.668276213,-0.932447853],[-80.665231564,-0.92906294],[-80.66031285,-0.929111535],[-80.657889355,-0.927134819],[-80.654470215,-0.929183704],[-80.655501167,-0.930923839],[-80.655950642,-0.935566868],[-80.651955605,-0.940289204],[-80.647687864,-0.942363142],[-80.638822134,-0.944280264],[-80.630976797,-0.947054674],[-80.618770182,-0.944624111],[-80.613018103,-0.942228889],[-80.607836991,-0.939331432],[-80.60017763,-0.936299158],[-80.592125142,-0.931739027],[-80.589752218,-0.931077794],[-80.585058475,-0.92810049],[-80.579844719,-0.923541517],[-80.574480295,-0.917513149],[-80.569875954,-0.913138761],[-80.56598303,-0.908082448],[-80.559502084,-0.901238944],[-80.552499546,-0.890570597],[-80.548770085,-0.885881355],[-80.543823893,-0.877784808],[-80.540113042,-0.868608404],[-80.537238425,-0.858706656],[-80.534363862,-0.851382131],[-80.530411272,-0.838722288],[-80.527536644,-0.828232775],[-80.525335746,-0.817426704],[-80.522551043,-0.800290579],[-80.520180233,-0.797521346],[-80.52075435,-0.793644096],[-80.517790738,-0.780034658],[-80.512625443,-0.759914326],[-80.511008497,-0.755618914],[-80.505394062,-0.734277583],[-80.501935521,-0.730389177],[-80.496904946,-0.720080159],[-80.492458304,-0.705340113],[-80.489269283,-0.700004782],[-80.485496293,-0.688791417],[-80.483250561,-0.684269878],[-80.482127616,-0.679386677],[-80.479971716,-0.67355389],[-80.477766287,-0.665093038],[-80.476540291,-0.662937071],[-80.469684322,-0.638919808],[-80.467225193,-0.638702819],[-80.464820139,-0.63473199],[-80.462748102,-0.629742606],[-80.459435516,-0.628014566],[-80.455118444,-0.620854536],[-80.452392011,-0.611030342],[-80.447988813,-0.609033427],[-80.446494471,-0.609628318],[-80.441723927,-0.608261174],[-80.430116955,-0.602553008],[-80.425822031,-0.598385879],[-80.425020808,-0.595866819],[-80.421897172,-0.594650907],[-80.422252903,-0.582509122],[-80.422552278,-0.572290132],[-80.425099525,-0.569645019],[-80.428839321,-0.567698728],[-80.431885801,-0.569728064],[-80.434377805,-0.567685204],[-80.436104502,-0.56398565],[-80.437177061,-0.558581315],[-80.437920397,-0.550644638],[-80.441060465,-0.530427686],[-80.44307148,-0.519594488],[-80.441691437,-0.515900539],[-80.443890632,-0.515073872],[-80.446781869,-0.502013211],[-80.451306594,-0.485454823],[-80.453417678,-0.476049755],[-80.456606713,-0.465152477],[-80.459750827,-0.456154309],[-80.46199653,-0.452039493],[-80.466038952,-0.450050015],[-80.468778816,-0.446025696],[-80.475785753,-0.441368301],[-80.477627243,-0.439514353],[-80.482657828,-0.425587489],[-80.484544309,-0.415865774],[-80.489979065,-0.407274514],[-80.491102025,-0.403069291],[-80.49316812,-0.398954505],[-80.492090142,-0.395111022],[-80.493078313,-0.387559772],[-80.492943527,-0.384304127],[-80.490562961,-0.376933616],[-80.488316701,-0.365870854],[-80.482678038,-0.366151097],[-80.476189956,-0.368839736],[-80.469811888,-0.366533568],[-80.465634751,-0.363730131],[-80.460873662,-0.359570079],[-80.454720187,-0.355817057],[-80.444434531,-0.346230906],[-80.443940443,-0.344874388],[-80.438415796,-0.340759543],[-80.436619168,-0.341663944],[-80.433699663,-0.339809978],[-80.430690303,-0.336283062],[-80.427007194,-0.333389118],[-80.420539342,-0.321587308],[-80.416137578,-0.314216778],[-80.41092735,-0.314171521],[-80.407244236,-0.311639377],[-80.403291672,-0.306620159],[-80.398575482,-0.296039197],[-80.394712754,-0.284734734],[-80.392871207,-0.27727374],[-80.39134412,-0.269089295],[-80.388559341,-0.261854434],[-80.387436375,-0.255071728],[-80.384961047,-0.247862098],[-80.383663455,-0.241822892],[-80.379710926,-0.233683595],[-80.373737136,-0.22694611],[-80.364080217,-0.222921691],[-80.360576782,-0.219982522],[-80.357208124,-0.219575544],[-80.354513171,-0.216998103],[-80.345979139,-0.210351019],[-80.338523111,-0.201352669],[-80.333913342,-0.191458279],[-80.326088403,-0.172934111],[-80.322578947,-0.174264277],[-80.320427977,-0.179284227],[-80.315605294,-0.182741989],[-80.31395725,-0.186104931],[-80.308398038,-0.188825076],[-80.302850081,-0.188592164],[-80.297947873,-0.187688488],[-80.293373804,-0.185778833],[-80.286171545,-0.18086195],[-80.279730761,-0.175400207],[-80.269296979,-0.165043049],[-80.265213868,-0.165315597],[-80.261979957,-0.163280815],[-80.261845219,-0.161833813],[-80.253401062,-0.154010959],[-80.248235768,-0.150212591],[-80.234761028,-0.13899844],[-80.220567605,-0.125297184],[-80.21917521,-0.123081481],[-80.215896315,-0.120730119],[-80.211853848,-0.116615223],[-80.20933861,-0.113042981],[-80.204263115,-0.10933507],[-80.191686663,-0.094865094],[-80.185398419,-0.088444087],[-80.178885594,-0.078857767],[-80.177672828,-0.076189877],[-80.173316019,-0.07329586],[-80.171115168,-0.070899258],[-80.167881168,-0.071351426],[-80.161413339,-0.068276548],[-80.158808215,-0.066241711],[-80.15494538,-0.062669523],[-80.153283508,-0.059775489],[-80.150768241,-0.05796673],[-80.14735463,-0.052585755],[-80.141605422,-0.048787409],[-80.138101975,-0.041054963],[-80.134149368,-0.038025323],[-80.130196699,-0.031966005],[-80.125660257,-0.020661406],[-80.124133062,-0.017812643],[-80.122156755,-0.016953421],[-80.118832965,-0.013562063],[-80.114880368,-0.00560363],[-80.111646429,-0.002935714],[-80.107918462,0.002083578],[-80.106211637,0.002807093],[-80.102932767,0.008956786],[-80.100956467,0.008278497],[-80.098890303,0.01126292],[-80.096375043,0.012574337],[-80.095252171,0.019131003],[-80.093725031,0.024692854],[-80.093590225,0.0278582],[-80.092152933,0.032922688],[-80.090715601,0.041107284],[-80.088694463,0.048839648],[-80.08676309,0.049382301],[-80.082990068,0.047030884],[-80.078184131,0.046849988],[-80.074186552,0.045809992],[-80.068616979,0.049698752],[-80.061161013,0.06276699],[-80.058780444,0.069188039],[-80.054109158,0.084607519],[-80.049033698,0.097946984],[-80.044721703,0.113592632],[-80.041622565,0.122545937],[-80.038074213,0.138553301],[-80.037478929,0.142561953],[-80.037310617,0.145290841],[-80.033897007,0.163649498],[-80.031606291,0.177124598],[-80.030483418,0.20516002],[-80.030797825,0.215288946],[-80.031830888,0.223699542],[-80.033043605,0.241741628],[-80.033941961,0.247032075],[-80.034930114,0.259014958],[-80.034840226,0.274434343],[-80.035379207,0.281850043],[-80.034974991,0.288858866],[-80.035154697,0.298354669],[-80.036592011,0.321461054],[-80.038882682,0.339548174],[-80.042071671,0.35397267],[-80.042565776,0.361071872],[-80.042071686,0.364191888],[-80.038164045,0.368849268],[-80.033447853,0.369527567],[-80.03002213,0.373884706],[-80.021246202,0.366385215],[-80.010072927,0.359861929],[-80.005817798,0.357040349],[-79.997520394,0.348493898],[-79.994858183,0.34370681],[-79.992862563,0.329920613],[-79.988572203,0.303777099],[-79.987979203,0.292504345],[-79.984559914,0.281123832],[-79.980778232,0.27306556],[-79.976757539,0.267889275],[-79.971109236,0.263350943],[-79.963178522,0.260420786],[-79.955418827,0.259615967],[-79.94538042,0.261920179],[-79.936665361,0.257625755],[-79.934911091,0.254954621],[-79.931744527,0.254035309],[-79.923685197,0.255298323],[-79.921046142,0.257667513],[-79.921488086,0.260539565],[-79.926466072,0.262732301],[-79.927102873,0.26657129],[-79.923641245,0.268887747],[-79.921225358,0.274507107],[-79.918629166,0.275904584],[-79.91320461,0.273487602],[-79.911194051,0.27146995],[-79.909622856,0.272867619],[-79.90905226,0.276070871],[-79.905741748,0.275517427],[-79.903665506,0.277558242],[-79.906060998,0.282844787],[-79.908606617,0.281759756],[-79.909593663,0.287711342],[-79.907958614,0.294278829],[-79.905990448,0.293340401],[-79.907493153,0.288866429],[-79.903459311,0.288466939],[-79.901817693,0.29104342],[-79.90191481,0.293641074],[-79.904147016,0.297079151],[-79.900335602,0.298038008],[-79.897424628,0.301286517],[-79.894670386,0.302098436],[-79.895253526,0.312566071],[-79.896727934,0.312972328],[-79.903502146,0.312272869],[-79.904760733,0.314807633],[-79.901498722,0.316018587],[-79.896261665,0.315709953],[-79.889313519,0.31710955],[-79.887435542,0.318446672],[-79.885501669,0.32214336],[-79.880379345,0.322240218],[-79.876378428,0.316714103],[-79.872503465,0.317114722],[-79.870020431,0.318353744],[-79.864261691,0.31467811],[-79.862369304,0.317281211],[-79.856381758,0.317852456],[-79.852746612,0.320282268],[-79.848217842,0.320462226],[-79.842919058,0.322747687],[-79.840762422,0.322337711],[-79.838073025,0.324106512],[-79.832141067,0.324390678],[-79.828154011,0.321073689],[-79.826366604,0.318334388],[-79.823777618,0.319448156],[-79.820714877,0.318171356],[-79.817693311,0.320372301],[-79.812748851,0.322272426],[-79.810604963,0.322194112],[-79.806795534,0.326777388],[-79.803186932,0.32893716],[-79.803770578,0.33205832],[-79.808084944,0.329032364],[-79.811432131,0.329118923],[-79.817158066,0.331871855],[-79.817464115,0.337054196],[-79.813330574,0.340833974],[-79.815264418,0.342915014],[-79.81564565,0.345524909],[-79.812871192,0.346916238],[-79.808340839,0.350523491],[-79.807989747,0.354017591],[-79.805796213,0.357888387],[-79.806253476,0.360682566],[-79.805207166,0.36304576],[-79.801141766,0.365031611],[-79.800536329,0.366577041],[-79.796357783,0.369562652],[-79.785039813,0.374403262],[-79.781650925,0.376899923],[-79.779466903,0.377092327],[-79.776410472,0.381223455],[-79.77195886,0.377917064],[-79.767919592,0.381132709],[-79.764549835,0.380353936],[-79.762301103,0.381806392],[-79.75930606,0.381172322]]]]},"properties":{"codigo":"13","nombre":"MANABÍ","nivel":"Provincia","codigo_provincia":"13","provincia":"MANABÍ"},"id":"13"},{"type":"Feature","geometry":{"type":"MultiPolygon","coordinates":[[[[-78.160292794,-1.449683614],[-78.15319061,-1.452887851],[-78.149883089,-1.453486129],[-78.144732096,-1.452241157],[-78.141310565,-1.452846447],[-78.13980373,-1.451553516],[-78.133638118,-1.452454138],[-78.128670553,-1.450867511],[-78.123079107,-1.454245623],[-78.121435612,-1.45771484],[-78.114901942,-1.462282232],[-78.110659491,-1.469563584],[-78.103026603,-1.475449048],[-78.101905359,-1.477297963],[-78.100281677,-1.483726748],[-78.095923522,-1.488764274],[-78.092028284,-1.491748449],[-78.089387491,-1.494804967],[-78.085130808,-1.498289621],[-78.081964317,-1.503664307],[-78.079444331,-1.505167011],[-78.077610162,-1.508965633],[-78.074017374,-1.513335602],[-78.07371282,-1.517241458],[-78.072009825,-1.522374179],[-78.069597808,-1.524649494],[-78.065462406,-1.526957559],[-78.064757978,-1.531403104],[-78.062460048,-1.533780965],[-78.059434921,-1.539848873],[-78.058365202,-1.54386357],[-78.059350278,-1.546126437],[-78.057594125,-1.555217765],[-78.059071043,-1.559092588],[-78.058291344,-1.566306275],[-78.059469844,-1.569520889],[-78.058303734,-1.577809784],[-78.055303302,-1.582997844],[-78.050492883,-1.588068524],[-78.048049459,-1.592411053],[-78.047546846,-1.595049507],[-78.044774584,-1.600080008],[-78.045725315,-1.603021771],[-78.045149242,-1.607166157],[-78.042564909,-1.616891928],[-78.039933842,-1.619484196],[-78.039904617,-1.623246869],[-78.038630286,-1.627232413],[-78.031622507,-1.633748176],[-78.031346724,-1.643572822],[-78.02936561,-1.646739685],[-78.030813316,-1.65085834],[-78.031263317,-1.654961156],[-78.026182081,-1.661022778],[-78.024348362,-1.665951844],[-78.021562101,-1.670537371],[-78.02186833,-1.675400122],[-78.019514262,-1.676916874],[-78.011773471,-1.677808592],[-78.003087188,-1.675640211],[-77.997070053,-1.677222971],[-77.991940469,-1.676282767],[-77.987750122,-1.676304966],[-77.985257592,-1.675196728],[-77.984405898,-1.672929289],[-77.978973972,-1.670917711],[-77.976121621,-1.672118055],[-77.973157247,-1.672017839],[-77.968529976,-1.665795645],[-77.965664861,-1.662941871],[-77.959758196,-1.66079095],[-77.946566957,-1.662893091],[-77.942292466,-1.662159768],[-77.938917385,-1.657354739],[-77.933692931,-1.656543457],[-77.928337315,-1.654546377],[-77.923381913,-1.65453856],[-77.920962837,-1.655567466],[-77.916945617,-1.660571187],[-77.916181937,-1.662883768],[-77.916633149,-1.670062458],[-77.914156635,-1.674038335],[-77.909316077,-1.67840482],[-77.905663717,-1.686435202],[-77.903727577,-1.688597465],[-77.900676723,-1.689223591],[-77.896273866,-1.688657202],[-77.892253904,-1.689296091],[-77.889058416,-1.691270033],[-77.888740031,-1.694309862],[-77.886377833,-1.700989041],[-77.882448374,-1.707378806],[-77.882455488,-1.711392409],[-77.882506092,-1.715754132],[-77.881156781,-1.721702292],[-77.882686752,-1.727355225],[-77.88303672,-1.731227915],[-77.881525947,-1.739973505],[-77.880136207,-1.744416937],[-77.886498044,-1.749719452],[-77.887007536,-1.751885826],[-77.885209141,-1.762079396],[-77.883579954,-1.764758449],[-77.879447418,-1.764435969],[-77.875106938,-1.760628255],[-77.871738271,-1.75521601],[-77.869129132,-1.755856957],[-77.868797639,-1.758079245],[-77.871638938,-1.763504938],[-77.872200777,-1.768424853],[-77.869972872,-1.771174538],[-77.86790766,-1.770396614],[-77.865039796,-1.772327755],[-77.866183819,-1.778481959],[-77.869752023,-1.783822896],[-77.868845671,-1.788826337],[-77.866988167,-1.791619626],[-77.866926375,-1.794430341],[-77.865025703,-1.797452992],[-77.859980938,-1.79720047],[-77.857925919,-1.798803081],[-77.856742588,-1.807348138],[-77.857721205,-1.810117617],[-77.861335699,-1.81332193],[-77.861632048,-1.815029009],[-77.856354088,-1.817744526],[-77.855706982,-1.82107045],[-77.852978444,-1.824751223],[-77.847631784,-1.835110261],[-77.846752932,-1.83953979],[-77.849188446,-1.840447585],[-77.851713535,-1.839046686],[-77.854575269,-1.840729635],[-77.855920815,-1.845521841],[-77.853720825,-1.848443435],[-77.848507415,-1.846799289],[-77.841788929,-1.850042591],[-77.833781547,-1.856782578],[-77.831647778,-1.862381666],[-77.830204867,-1.865627246],[-77.827361646,-1.868239204],[-77.826504959,-1.875706583],[-77.828335538,-1.881422178],[-77.82674252,-1.888816497],[-77.828189979,-1.896180552],[-77.825500924,-1.898852453],[-77.824508305,-1.902591053],[-77.827114569,-1.906228774],[-77.827513498,-1.908894432],[-77.825469304,-1.909631551],[-77.825364881,-1.916119375],[-77.8228907,-1.923214191],[-77.819536185,-1.926016201],[-77.814139474,-1.928467781],[-77.809821292,-1.932140268],[-77.806173636,-1.932910121],[-77.796423091,-1.932724329],[-77.79447185,-1.934560909],[-77.793578653,-1.949950691],[-77.793999159,-1.955237832],[-77.787595821,-1.957376477],[-77.784556937,-1.959034026],[-77.78221405,-1.961926121],[-77.781277082,-1.967445096],[-77.778733168,-1.97109677],[-77.776638056,-1.972194445],[-77.774256544,-1.973378232],[-77.764751691,-1.975769872],[-77.756498751,-1.983621197],[-77.754510517,-1.984879133],[-77.750357093,-1.985568764],[-77.74783356,-1.984034873],[-77.745773155,-1.980904846],[-77.740657477,-1.980536245],[-77.735437015,-1.982743673],[-77.731869205,-1.985231572],[-77.731776358,-1.988959529],[-77.733444345,-1.993508326],[-77.731159728,-1.995702406],[-77.729822947,-1.999045492],[-77.728910357,-2.008851512],[-77.728221013,-2.01148849],[-77.720909991,-2.018528425],[-77.717136731,-2.023893027],[-77.714395503,-2.026315467],[-77.710189603,-2.027121787],[-77.702143532,-2.024094206],[-77.699114432,-2.024410618],[-77.688948699,-2.030089254],[-77.68630627,-2.032987318],[-77.684516199,-2.037213421],[-77.680655749,-2.043335024],[-77.676478141,-2.047735323],[-77.672589242,-2.050343909],[-77.663751519,-2.05125736],[-77.648293099,-2.049289232],[-77.644231803,-2.049173136],[-77.640671324,-2.048090297],[-77.634300448,-2.045030102],[-77.626034308,-2.045371063],[-77.621444273,-2.042601392],[-77.616635034,-2.042447831],[-77.612961415,-2.044411412],[-77.610671556,-2.049066146],[-77.605997599,-2.052353727],[-77.602075039,-2.054101634],[-77.600361205,-2.055890098],[-77.595867266,-2.058281905],[-77.592046858,-2.062252193],[-77.591968654,-2.065513679],[-77.590358071,-2.068986904],[-77.586217508,-2.072705522],[-77.579801752,-2.0741611],[-77.576412168,-2.076555119],[-77.570456787,-2.07930192],[-77.564077797,-2.080255668],[-77.557928665,-2.078902287],[-77.555334592,-2.075885948],[-77.54946262,-2.073077475],[-77.542051551,-2.073634643],[-77.537381226,-2.075273016],[-77.530532696,-2.079271989],[-77.525748839,-2.083956416],[-77.520758392,-2.08537891],[-77.51608765,-2.082192558],[-77.513629572,-2.082222924],[-77.506283325,-2.085790458],[-77.501038913,-2.089326777],[-77.498679538,-2.093048722],[-77.49693272,-2.098965356],[-77.492934771,-2.102626205],[-77.486980074,-2.104799434],[-77.466925438,-2.109123755],[-77.459718463,-2.114124486],[-77.45562603,-2.115462561],[-77.44947622,-2.119247114],[-77.445901921,-2.118321438],[-77.434963024,-2.121977323],[-77.42897865,-2.125316348],[-77.428165813,-2.126787709],[-77.427866521,-2.132998597],[-77.428527001,-2.136293874],[-77.425270527,-2.139669164],[-77.414222818,-2.143941073],[-77.409882981,-2.146499032],[-77.40637261,-2.149775623],[-77.403550556,-2.150664809],[-77.39437806,-2.150762464],[-77.390307295,-2.152514641],[-77.38577074,-2.15877484],[-77.377985065,-2.158577013],[-77.372471813,-2.159131147],[-77.362365538,-2.165049212],[-77.360050724,-2.16486445],[-77.356142839,-2.160584874],[-77.351334743,-2.160394087],[-77.348943845,-2.166216329],[-77.346464997,-2.170080258],[-77.34322822,-2.173130104],[-77.340281798,-2.173935123],[-77.333908364,-2.173110464],[-77.323863147,-2.178371085],[-77.320794982,-2.182872378],[-77.316273267,-2.187011723],[-77.309658551,-2.185263511],[-77.30550165,-2.185880266],[-77.301130678,-2.189813402],[-77.293323999,-2.194240575],[-77.289073112,-2.199033928],[-77.284981818,-2.201937879],[-77.280090444,-2.201925595],[-77.278753748,-2.204740868],[-77.278930381,-2.210091938],[-77.278211488,-2.212717662],[-77.27222357,-2.214422351],[-77.272405031,-2.217814699],[-77.270876393,-2.221393796],[-77.268261257,-2.222677015],[-77.265633718,-2.228880779],[-77.264195526,-2.23422764],[-77.258494673,-2.235072932],[-77.253924957,-2.239312915],[-77.248115148,-2.245651592],[-77.243548309,-2.248744928],[-77.239749977,-2.248448451],[-77.23605422,-2.249824221],[-77.234770996,-2.252537863],[-77.235897198,-2.260094594],[-77.232883718,-2.26265476],[-77.227302222,-2.263231193],[-77.223497685,-2.262044648],[-77.219765121,-2.262109983],[-77.216181066,-2.263386898],[-77.208165662,-2.268668233],[-77.204374862,-2.265529333],[-77.2012408,-2.265497176],[-77.196676975,-2.267443643],[-77.19382204,-2.269633449],[-77.190923935,-2.270175103],[-77.184237324,-2.275793995],[-77.183376912,-2.277941269],[-77.183002732,-2.284771113],[-77.179547836,-2.289347587],[-77.171652134,-2.294222545],[-77.168976993,-2.300186251],[-77.16616951,-2.302352065],[-77.157991703,-2.299517629],[-77.148912182,-2.298746642],[-77.145913665,-2.299126594],[-77.141039108,-2.301859865],[-77.136703503,-2.302833206],[-77.133938163,-2.304795976],[-77.132471766,-2.309299815],[-77.128569256,-2.314722391],[-77.121596668,-2.314106145],[-77.114588523,-2.315669021],[-77.113159782,-2.317217412],[-77.110200666,-2.324911178],[-77.107695652,-2.329322384],[-77.104342527,-2.333050559],[-77.103172334,-2.337250493],[-77.099824852,-2.338922407],[-77.095151864,-2.339138584],[-77.092352815,-2.341671727],[-77.087542606,-2.343434987],[-77.086798739,-2.344560094],[-77.086001761,-2.351110882],[-77.081725115,-2.361959328],[-77.078621705,-2.364625195],[-77.079140505,-2.369250054],[-77.08181173,-2.371683993],[-77.08149447,-2.376421114],[-77.079657702,-2.378636809],[-77.072735156,-2.383452874],[-77.069409753,-2.388171723],[-77.06595055,-2.389845348],[-77.064341146,-2.392240713],[-77.058703852,-2.395913958],[-77.055703905,-2.398878377],[-77.051771434,-2.404132565],[-77.048844327,-2.406524001],[-77.048588429,-2.408815756],[-77.049968926,-2.411721239],[-77.049461344,-2.414836127],[-77.045569853,-2.418191831],[-77.041003487,-2.420936566],[-77.03867379,-2.42605196],[-77.0365174,-2.432779724],[-77.034439307,-2.437071941],[-77.033562002,-2.444770569],[-77.032265295,-2.449745637],[-77.02764203,-2.454296132],[-77.023089722,-2.457562652],[-77.020489178,-2.457841404],[-77.016825595,-2.456326011],[-77.012340624,-2.455596165],[-77.005821349,-2.456364571],[-77.000680919,-2.460504003],[-76.999779399,-2.464262191],[-77.000792838,-2.470712538],[-76.999567103,-2.475687549],[-76.997238443,-2.480301004],[-76.99454649,-2.487277303],[-76.994495604,-2.492327479],[-76.997114948,-2.497600755],[-76.998486218,-2.503407496],[-76.998864015,-2.50799338],[-76.997959513,-2.512646947],[-76.996348744,-2.515328329],[-76.993710344,-2.516323077],[-76.987339004,-2.515228828],[-76.978375957,-2.511547686],[-76.972323185,-2.51113493],[-76.967581145,-2.512982679],[-76.964259264,-2.516231659],[-76.962528042,-2.523317938],[-76.959341448,-2.528859516],[-76.954586673,-2.534790088],[-76.951351275,-2.544521868],[-76.949487715,-2.548276651],[-76.94430349,-2.554814501],[-76.939603692,-2.554513029],[-76.937047461,-2.55203363],[-76.932689269,-2.545035794],[-76.928952181,-2.544379251],[-76.926200939,-2.547307327],[-76.925359092,-2.554539252],[-76.922031907,-2.559399426],[-76.917422815,-2.564219619],[-76.913220669,-2.564241931],[-76.907921696,-2.562040224],[-76.904441374,-2.559056468],[-76.902886493,-2.555291012],[-76.900470502,-2.553564189],[-76.897621749,-2.553555037],[-76.892163504,-2.556689061],[-76.886473396,-2.565516557],[-76.883869915,-2.56676158],[-76.880669006,-2.565533563],[-76.873394129,-2.557738635],[-76.868661787,-2.55661312],[-76.860425193,-2.560060161],[-76.852023284,-2.559567265],[-76.844908868,-2.557359585],[-76.842884116,-2.555848914],[-76.837426512,-2.547809469],[-76.835189068,-2.546011646],[-76.830139673,-2.543918195],[-76.820473888,-2.543516662],[-76.817147914,-2.544371217],[-76.815361956,-2.546126038],[-76.814759337,-2.558120374],[-76.814007561,-2.561191581],[-76.810071583,-2.567117063],[-76.807870929,-2.568631704],[-76.800268246,-2.570695434],[-76.79727254,-2.570357257],[-76.793778603,-2.568137456],[-76.78497379,-2.556798728],[-76.780240224,-2.552605434],[-76.777719255,-2.552298698],[-76.773383851,-2.553388435],[-76.768628879,-2.555759863],[-76.761459395,-2.561554758],[-76.756973906,-2.56318097],[-76.752137623,-2.563224501],[-76.747959019,-2.561778263],[-76.744947284,-2.55738188],[-76.739737135,-2.553873349],[-76.737719683,-2.553866612],[-76.732787346,-2.565039526],[-76.730236438,-2.573773576],[-76.727965395,-2.578629543],[-76.723908295,-2.585239869],[-76.719501722,-2.589879622],[-76.712718622,-2.595406325],[-76.705579312,-2.599665251],[-76.699658249,-2.604687423],[-76.692089775,-2.609986761],[-76.86808075,-2.669507024],[-77.025048448,-2.722558911],[-77.159570001,-2.768000194],[-77.250074251,-2.798559639],[-77.308485805,-2.818277583],[-77.413621051,-2.853754331],[-77.453587916,-2.867238805],[-77.581767668,-2.910465431],[-77.711876417,-2.954320417],[-77.767494742,-2.973059729],[-77.844497445,-2.998997111],[-77.839939167,-3.008044945],[-77.940389463,-3.065604856],[-77.947777746,-3.072649619],[-77.948314694,-3.075506619],[-77.946367129,-3.079013753],[-77.948190234,-3.084221015],[-77.951109033,-3.087868421],[-77.95183599,-3.090766821],[-77.959307135,-3.093366924],[-77.962607314,-3.095660467],[-77.96283243,-3.100967571],[-77.966378303,-3.105505071],[-77.966271694,-3.107609143],[-77.969758622,-3.112789229],[-77.97041502,-3.117294408],[-77.974995906,-3.119115531],[-77.979430201,-3.118495565],[-77.983102308,-3.119630137],[-77.984369348,-3.129359074],[-77.986342395,-3.133664214],[-77.988272844,-3.134736324],[-77.994715588,-3.141842664],[-77.996758111,-3.14719516],[-78.002632761,-3.151188214],[-78.005251128,-3.15470621],[-78.008749967,-3.156438525],[-78.009844514,-3.160744833],[-78.012216511,-3.165875746],[-78.010966707,-3.16753659],[-78.010346564,-3.175277633],[-78.011834256,-3.178133047],[-78.018995102,-3.185332261],[-78.022902493,-3.18711044],[-78.029258431,-3.187275827],[-78.037227656,-3.190534681],[-78.039747054,-3.195149528],[-78.040868108,-3.20144915],[-78.041036843,-3.206821828],[-78.043845193,-3.207762217],[-78.048209302,-3.206303711],[-78.054131111,-3.207097153],[-78.060491213,-3.216228541],[-78.063550337,-3.225795806],[-78.071247807,-3.225763855],[-78.076132968,-3.227368363],[-78.083394239,-3.221112499],[-78.086957285,-3.217132833],[-78.090200963,-3.21554541],[-78.093023175,-3.218978627],[-78.088534454,-3.224875048],[-78.086721677,-3.230330063],[-78.091986148,-3.235549687],[-78.089509221,-3.24042272],[-78.093834692,-3.24214723],[-78.094694493,-3.247917814],[-78.095779824,-3.249763539],[-78.095938892,-3.253642173],[-78.100354897,-3.255828868],[-78.099114052,-3.26000326],[-78.101903746,-3.262477019],[-78.107668165,-3.263100699],[-78.107576941,-3.267896203],[-78.108696333,-3.271259383],[-78.106982103,-3.273592981],[-78.108086939,-3.277230983],[-78.113227933,-3.281297696],[-78.113034819,-3.285711445],[-78.116061198,-3.289098265],[-78.119789506,-3.291091135],[-78.119786935,-3.29367422],[-78.124051795,-3.294388037],[-78.127756347,-3.299005423],[-78.13069503,-3.304627356],[-78.132635952,-3.305566918],[-78.133121762,-3.308610735],[-78.135945161,-3.311625655],[-78.135976932,-3.314145355],[-78.140267356,-3.319619833],[-78.142910387,-3.326432889],[-78.145235516,-3.328284579],[-78.149981226,-3.32863505],[-78.151836541,-3.330607449],[-78.152722844,-3.334015631],[-78.157746554,-3.335574092],[-78.160712703,-3.340555336],[-78.164597397,-3.343530757],[-78.168378183,-3.345097809],[-78.170464319,-3.349872864],[-78.174679819,-3.351426453],[-78.177363949,-3.355337887],[-78.181003761,-3.35536705],[-78.183157159,-3.357372064],[-78.190197585,-3.359725555],[-78.192412266,-3.361191292],[-78.193802466,-3.366294862],[-78.191632268,-3.370290326],[-78.191626884,-3.372416513],[-78.193979033,-3.373453995],[-78.194236281,-3.375520587],[-78.191990928,-3.376804614],[-78.189960251,-3.382316805],[-78.188748412,-3.389470691],[-78.186734505,-3.393162654],[-78.187052761,-3.397773892],[-78.182602773,-3.402463316],[-78.180701781,-3.40857306],[-78.178562671,-3.410728362],[-78.175214277,-3.412109312],[-78.172305715,-3.412027803],[-78.168436765,-3.40942865],[-78.166754591,-3.412476558],[-78.161695355,-3.413528345],[-78.154683145,-3.421661642],[-78.153068041,-3.4317962],[-78.15083738,-3.433314769],[-78.152180055,-3.436364403],[-78.152608458,-3.442589562],[-78.150424374,-3.443551281],[-78.149399949,-3.446961023],[-78.147631201,-3.447977647],[-78.147899299,-3.455821876],[-78.148499467,-3.458482287],[-78.14546491,-3.460306296],[-78.145298692,-3.462843396],[-78.147124211,-3.465400442],[-78.146595452,-3.469188354],[-78.147541675,-3.473053294],[-78.146638627,-3.478070061],[-78.149428393,-3.480889161],[-78.155040978,-3.480482144],[-78.160244782,-3.481911206],[-78.162902438,-3.481368872],[-78.166420302,-3.484670387],[-78.170055324,-3.490718108],[-78.180720068,-3.491676856],[-78.182710501,-3.495038661],[-78.184019436,-3.499350186],[-78.186673679,-3.497744109],[-78.19255407,-3.500548839],[-78.195742923,-3.497897697],[-78.200621979,-3.495774096],[-78.20239995,-3.501041031],[-78.205993561,-3.505386277],[-78.210517082,-3.507666354],[-78.216475292,-3.509236573],[-78.218365718,-3.508775284],[-78.220649517,-3.505693101],[-78.224076508,-3.503847997],[-78.226516495,-3.501043582],[-78.230815083,-3.499810412],[-78.232298934,-3.495996841],[-78.228987228,-3.495867481],[-78.226320627,-3.491591367],[-78.227137219,-3.488997288],[-78.229667844,-3.487715613],[-78.229410712,-3.482894821],[-78.230407748,-3.477703353],[-78.23283212,-3.471505132],[-78.234357012,-3.469137844],[-78.234319576,-3.465647022],[-78.236678246,-3.461278587],[-78.236796213,-3.456286774],[-78.235047825,-3.452456169],[-78.236414302,-3.450542657],[-78.236676641,-3.445171863],[-78.24365499,-3.43960858],[-78.244534401,-3.436612918],[-78.242504943,-3.430797104],[-78.243657693,-3.422068805],[-78.24182528,-3.420552453],[-78.240918238,-3.416590478],[-78.241368982,-3.408711323],[-78.244672009,-3.408110198],[-78.246903783,-3.404781595],[-78.246592855,-3.40229954],[-78.248513994,-3.401056983],[-78.25494191,-3.404229725],[-78.264349903,-3.403899976],[-78.267056782,-3.405389],[-78.270137718,-3.403858752],[-78.273534604,-3.404088381],[-78.276796835,-3.401438869],[-78.27920304,-3.4020004],[-78.283301123,-3.399931836],[-78.284917101,-3.397210662],[-78.28971488,-3.395427981],[-78.292956539,-3.398070188],[-78.295706628,-3.398187917],[-78.301786392,-3.399838527],[-78.306231672,-3.396773283],[-78.310175063,-3.395579232],[-78.317025581,-3.396239171],[-78.32327932,-3.390714078],[-78.327300861,-3.388788465],[-78.335136928,-3.384066218],[-78.3409284,-3.38223147],[-78.345351097,-3.382476305],[-78.346725107,-3.380916346],[-78.346963287,-3.383630139],[-78.345229981,-3.387093384],[-78.34428076,-3.391324243],[-78.347372361,-3.395912081],[-78.355745532,-3.40348926],[-78.354494296,-3.404695689],[-78.353996393,-3.408631709],[-78.350329448,-3.414344369],[-78.350911441,-3.417296636],[-78.346693295,-3.419695187],[-78.344955846,-3.421598473],[-78.342529623,-3.426493506],[-78.342536175,-3.43101273],[-78.344248573,-3.434742869],[-78.344299298,-3.439738741],[-78.345946637,-3.450514656],[-78.348163486,-3.452529414],[-78.348148261,-3.456297782],[-78.352408967,-3.461986855],[-78.355093658,-3.462443339],[-78.355759188,-3.467849177],[-78.358247566,-3.47321232],[-78.358265911,-3.476880384],[-78.355486921,-3.47865454],[-78.353374763,-3.481548456],[-78.356467798,-3.486810987],[-78.354549424,-3.490363581],[-78.355125389,-3.495424852],[-78.3578644,-3.49794808],[-78.358348194,-3.501492747],[-78.362416741,-3.506830918],[-78.363304978,-3.510426137],[-78.365939284,-3.512968222],[-78.367295736,-3.517464195],[-78.367286913,-3.521488951],[-78.365199564,-3.529729177],[-78.530059293,-3.529728504],[-78.53480874,-3.528186217],[-78.53507914,-3.531243234],[-78.532699624,-3.531947157],[-78.534627449,-3.537354624],[-78.540473521,-3.53811284],[-78.541475516,-3.537215116],[-78.546359976,-3.537908483],[-78.550634318,-3.540430582],[-78.552830714,-3.544726017],[-78.558735482,-3.541385621],[-78.559719326,-3.543509453],[-78.564315446,-3.543908701],[-78.5643369,-3.546402434],[-78.567771828,-3.545795691],[-78.569655272,-3.547764841],[-78.577148792,-3.550741012],[-78.579728679,-3.548538011],[-78.587258382,-3.55127339],[-78.590087207,-3.549135748],[-78.59325261,-3.550001229],[-78.59742511,-3.547691104],[-78.602242985,-3.547090217],[-78.602670726,-3.545198567],[-78.606880361,-3.544488263],[-78.609658922,-3.541982079],[-78.612980621,-3.54180587],[-78.61347006,-3.538898343],[-78.615761641,-3.537484245],[-78.62358671,-3.537575442],[-78.628029392,-3.53382602],[-78.633768292,-3.535331197],[-78.638281069,-3.538964416],[-78.645842015,-3.537512853],[-78.647000963,-3.540433638],[-78.650902668,-3.542882311],[-78.652225325,-3.545278125],[-78.657129983,-3.545432976],[-78.658066367,-3.546954076],[-78.6632303,-3.547762362],[-78.66818577,-3.550740632],[-78.669922951,-3.555379437],[-78.669790161,-3.557581452],[-78.671436064,-3.56068975],[-78.671282044,-3.563613631],[-78.67566596,-3.56590245],[-78.677441616,-3.569733697],[-78.677727293,-3.573098399],[-78.680216571,-3.576120648],[-78.681525331,-3.581222347],[-78.680485056,-3.584120638],[-78.683623901,-3.587459426],[-78.688878542,-3.58630128],[-78.690861999,-3.583965366],[-78.69490206,-3.581117197],[-78.697462684,-3.580925631],[-78.702534945,-3.577947444],[-78.706131271,-3.577914197],[-78.712615052,-3.572442431],[-78.714911774,-3.571131398],[-78.714606234,-3.568769183],[-78.717478505,-3.564570498],[-78.722931803,-3.561951114],[-78.725422978,-3.563914294],[-78.727360125,-3.562914337],[-78.738972584,-3.562134712],[-78.743449741,-3.563931798],[-78.745805348,-3.566462313],[-78.748682384,-3.566252823],[-78.750207851,-3.567727607],[-78.754369101,-3.568703435],[-78.757263767,-3.565701779],[-78.762221902,-3.562948377],[-78.767104783,-3.562184858],[-78.768237547,-3.561184879],[-78.771917952,-3.5630137],[-78.775385005,-3.561391213],[-78.775313097,-3.559229663],[-78.777294848,-3.556974044],[-78.781337927,-3.555970359],[-78.781829161,-3.553831819],[-78.786327778,-3.550636111],[-78.81863763,-3.550635927],[-78.820680296,-3.544940777],[-78.829237602,-3.549320194],[-78.831952504,-3.549317756],[-78.834856194,-3.545354736],[-78.836426323,-3.539448579],[-78.840043853,-3.532253175],[-78.841067207,-3.525125536],[-78.844427055,-3.521099225],[-78.842447363,-3.518635661],[-78.847771436,-3.5132159],[-78.850546575,-3.51570641],[-78.855228851,-3.516327188],[-78.85961607,-3.513245626],[-78.862904487,-3.511806016],[-78.863218388,-3.509606614],[-78.868085902,-3.505694312],[-78.870521794,-3.502267314],[-78.869656145,-3.496618353],[-78.870773844,-3.494486011],[-78.864999883,-3.489077698],[-78.86770384,-3.485178673],[-78.866938201,-3.48036506],[-78.867797416,-3.473384639],[-78.867054816,-3.464849395],[-78.868719917,-3.462724253],[-78.868870878,-3.459657353],[-78.871665078,-3.459173792],[-78.873147998,-3.455552157],[-78.878216201,-3.453823325],[-78.878410212,-3.44792019],[-78.880582404,-3.447113347],[-78.880675087,-3.443956049],[-78.878724179,-3.437041064],[-78.876319213,-3.435246446],[-78.877912066,-3.429939683],[-78.874910908,-3.427052182],[-78.87475365,-3.421967148],[-78.876195699,-3.42084171],[-78.877685715,-3.416544124],[-78.88082197,-3.414291786],[-78.883021086,-3.407089818],[-78.882909219,-3.404285875],[-78.881321481,-3.40149518],[-78.889739051,-3.395538776],[-78.893169422,-3.394364821],[-78.897798745,-3.394869056],[-78.901568598,-3.394152375],[-78.906027436,-3.387920479],[-78.905162137,-3.385451416],[-78.906918837,-3.381832145],[-78.911759012,-3.380901731],[-78.914560206,-3.377162259],[-78.914524108,-3.372325345],[-78.916209962,-3.367446681],[-78.921698034,-3.363956062],[-78.92429077,-3.364996628],[-78.927035703,-3.361613331],[-78.93192699,-3.359328357],[-78.932091413,-3.356691595],[-78.93066289,-3.35302994],[-78.93292917,-3.349124484],[-78.935968229,-3.348642012],[-78.940775479,-3.349088796],[-78.942842483,-3.346462525],[-78.942966106,-3.343416429],[-78.941626463,-3.335827796],[-78.943657611,-3.334657248],[-78.944567284,-3.327511697],[-78.945768531,-3.326331396],[-78.945342557,-3.323053373],[-78.947276065,-3.31806259],[-78.946502003,-3.314845918],[-78.948775843,-3.312558633],[-78.946799327,-3.308424283],[-78.950755858,-3.30694615],[-78.952601483,-3.302543744],[-78.94777216,-3.297487699],[-78.941354708,-3.297873532],[-78.938257857,-3.296036025],[-78.934534856,-3.296277055],[-78.933854843,-3.288848888],[-78.936310868,-3.280889951],[-78.934453609,-3.27780024],[-78.935649742,-3.275987084],[-78.934404999,-3.273106867],[-78.930491693,-3.273018719],[-78.926923727,-3.271992268],[-78.923889239,-3.269200952],[-78.921404473,-3.27193794],[-78.913927928,-3.273673835],[-78.910777986,-3.271938949],[-78.908273656,-3.268578964],[-78.90563716,-3.268161121],[-78.903362625,-3.265531777],[-78.902019491,-3.262072258],[-78.901918594,-3.257505036],[-78.898498747,-3.25397852],[-78.894359168,-3.253599298],[-78.892006506,-3.251554891],[-78.885868704,-3.250381841],[-78.882851838,-3.250791753],[-78.879021743,-3.249769399],[-78.878851948,-3.248076508],[-78.874495565,-3.246153825],[-78.866687125,-3.24161037],[-78.865393139,-3.234888209],[-78.863837781,-3.235666114],[-78.856109323,-3.22993878],[-78.853465152,-3.231153099],[-78.850300635,-3.229134841],[-78.84609262,-3.232020308],[-78.845085798,-3.23789866],[-78.845920819,-3.239730328],[-78.841844468,-3.244350126],[-78.83632948,-3.245982555],[-78.834663337,-3.245357939],[-78.830594047,-3.240439178],[-78.829940319,-3.235501373],[-78.826338713,-3.23278591],[-78.827282269,-3.230115196],[-78.824547529,-3.228498035],[-78.822678023,-3.224672843],[-78.818651667,-3.221212357],[-78.817182986,-3.218600986],[-78.813812983,-3.215382533],[-78.811313741,-3.211320615],[-78.811414578,-3.208580876],[-78.810933124,-3.207181635],[-78.805042641,-3.204162286],[-78.804911281,-3.202152773],[-78.799230491,-3.197913988],[-78.795907077,-3.192991411],[-78.79331883,-3.191493271],[-78.790374355,-3.19300459],[-78.789083556,-3.189590929],[-78.783685065,-3.185279805],[-78.782915543,-3.18013913],[-78.783151885,-3.176915174],[-78.777459481,-3.171542641],[-78.77327895,-3.166912475],[-78.766230934,-3.162918341],[-78.763871424,-3.163010104],[-78.754854555,-3.16007725],[-78.753236854,-3.156358016],[-78.750385489,-3.153602349],[-78.750404157,-3.148235068],[-78.748284513,-3.148015203],[-78.746374143,-3.145682406],[-78.736675333,-3.139647015],[-78.732825765,-3.140682769],[-78.730020479,-3.14296313],[-78.727891954,-3.142604637],[-78.72663869,-3.140223087],[-78.721663231,-3.138618657],[-78.718278185,-3.136031082],[-78.716635226,-3.136571616],[-78.710110851,-3.133490188],[-78.705398254,-3.136710001],[-78.703108569,-3.130495899],[-78.70104192,-3.127223598],[-78.697622509,-3.119253297],[-78.697576388,-3.115844926],[-78.695856786,-3.113359691],[-78.695877182,-3.108082953],[-78.693855301,-3.106467017],[-78.688354915,-3.10483321],[-78.689222328,-3.100556791],[-78.684317163,-3.08886693],[-78.684179665,-3.085194167],[-78.682722024,-3.082731939],[-78.684334799,-3.080688131],[-78.682930435,-3.074370855],[-78.683196031,-3.071467855],[-78.681659985,-3.068394492],[-78.677386869,-3.067245884],[-78.672967305,-3.064168123],[-78.671449312,-3.060657501],[-78.67266448,-3.057177091],[-78.671696045,-3.054325146],[-78.671854013,-3.049282638],[-78.673799298,-3.042335534],[-78.673107747,-3.039300416],[-78.676238349,-3.036545803],[-78.675235164,-3.028370834],[-78.67012472,-3.024587756],[-78.667384658,-3.024294832],[-78.665043684,-3.022614374],[-78.664792476,-3.019933913],[-78.662542397,-3.015803347],[-78.664855039,-3.01235709],[-78.662463487,-3.009302501],[-78.66195799,-3.003977701],[-78.657670427,-2.999477788],[-78.659932053,-2.994846341],[-78.657461422,-2.992058821],[-78.658819695,-2.989888336],[-78.656998111,-2.987310955],[-78.651916879,-2.987199599],[-78.650092502,-2.985947214],[-78.647021101,-2.98714602],[-78.644234293,-2.984293915],[-78.637748215,-2.980758964],[-78.636603666,-2.977956847],[-78.635095514,-2.973591203],[-78.633045666,-2.971160327],[-78.632107267,-2.967980457],[-78.632872581,-2.965144636],[-78.631730242,-2.963679846],[-78.63202851,-2.959497121],[-78.635461217,-2.955777642],[-78.636873981,-2.954012358],[-78.637228549,-2.950431909],[-78.635850826,-2.947848542],[-78.634463522,-2.942503604],[-78.632280818,-2.937817068],[-78.628736947,-2.936421155],[-78.628741992,-2.926199085],[-78.63017279,-2.922177097],[-78.634276781,-2.921898795],[-78.632564728,-2.918738171],[-78.631564812,-2.913450479],[-78.625322392,-2.906896098],[-78.622090498,-2.905370564],[-78.618091888,-2.900811999],[-78.615624463,-2.899343143],[-78.612930584,-2.89530028],[-78.611736838,-2.890583851],[-78.604809524,-2.885195215],[-78.604839236,-2.882363603],[-78.602481057,-2.879511455],[-78.601669485,-2.873867134],[-78.600556708,-2.871956279],[-78.593472305,-2.864982953],[-78.591273305,-2.861558319],[-78.587764856,-2.860013267],[-78.582308587,-2.855844445],[-78.578493522,-2.852384825],[-78.57750737,-2.849432496],[-78.578645889,-2.844579054],[-78.576797236,-2.842889634],[-78.57652854,-2.840129655],[-78.577550623,-2.835999611],[-78.575306232,-2.832815057],[-78.57568414,-2.830500953],[-78.579705182,-2.826289168],[-78.581934431,-2.825122361],[-78.583041168,-2.821221161],[-78.585766291,-2.818414127],[-78.58860528,-2.817134172],[-78.595116783,-2.819162258],[-78.597476456,-2.816214844],[-78.597753214,-2.811633694],[-78.600211256,-2.806716353],[-78.602664419,-2.804729797],[-78.603152533,-2.800875473],[-78.604597936,-2.799917056],[-78.610728529,-2.790499436],[-78.611864432,-2.787311872],[-78.614123511,-2.78599669],[-78.609731294,-2.780561662],[-78.610308943,-2.777841992],[-78.60744569,-2.776190692],[-78.606827372,-2.773773962],[-78.603790931,-2.768637759],[-78.60228604,-2.768196077],[-78.60124791,-2.762855016],[-78.599872385,-2.761449328],[-78.596488142,-2.762640604],[-78.59217059,-2.761670556],[-78.591231918,-2.756035746],[-78.590315489,-2.755184445],[-78.58989553,-2.752877801],[-78.593021139,-2.745795893],[-78.590310781,-2.740447798],[-78.588198135,-2.738410668],[-78.588361294,-2.735316276],[-78.582886679,-2.725657547],[-78.582907398,-2.724334305],[-78.579016896,-2.72159146],[-78.577769633,-2.719181981],[-78.576897545,-2.712847333],[-78.579455532,-2.709177821],[-78.577573142,-2.707043659],[-78.573032356,-2.705158352],[-78.569216193,-2.705893967],[-78.56690704,-2.705228297],[-78.564612183,-2.701544378],[-78.553803097,-2.695558646],[-78.550173849,-2.694653009],[-78.546877635,-2.696106289],[-78.541561445,-2.695365341],[-78.536706119,-2.693161423],[-78.532416752,-2.694569564],[-78.530269982,-2.69225265],[-78.523655604,-2.69225108],[-78.521147808,-2.688955874],[-78.518312065,-2.688553082],[-78.514671659,-2.683731041],[-78.515056581,-2.6801255],[-78.505063084,-2.674566672],[-78.500859316,-2.671421497],[-78.495957316,-2.666882938],[-78.492089928,-2.665476035],[-78.487946428,-2.661274194],[-78.483088825,-2.660141378],[-78.474736839,-2.662954227],[-78.470530752,-2.661700371],[-78.468109572,-2.659568242],[-78.464304667,-2.658193716],[-78.460173903,-2.658321485],[-78.456992973,-2.655161894],[-78.449615622,-2.652176557],[-78.447346541,-2.652444464],[-78.441033078,-2.649030879],[-78.438615448,-2.645223649],[-78.434595587,-2.64351507],[-78.43115094,-2.636140278],[-78.422137216,-2.63060602],[-78.424039122,-2.626143026],[-78.42490997,-2.618894411],[-78.429427526,-2.614368623],[-78.429647017,-2.611671679],[-78.435105777,-2.607393471],[-78.435110982,-2.601048591],[-78.436577231,-2.599114617],[-78.440947487,-2.596820681],[-78.4438063,-2.594107551],[-78.452371215,-2.591700096],[-78.460612044,-2.590848678],[-78.468953466,-2.58197909],[-78.47087508,-2.580848463],[-78.472988661,-2.57690785],[-78.478838373,-2.574839948],[-78.480564558,-2.57247876],[-78.484820712,-2.57207397],[-78.491901625,-2.572707846],[-78.497762394,-2.571812589],[-78.503750429,-2.574933266],[-78.505226447,-2.575018438],[-78.511381246,-2.580454373],[-78.515041939,-2.583065402],[-78.515736413,-2.584956984],[-78.519191657,-2.588312801],[-78.520958083,-2.594002014],[-78.522839274,-2.59570965],[-78.524722007,-2.607230748],[-78.526478147,-2.608443116],[-78.527025333,-2.614998072],[-78.528916243,-2.620249946],[-78.530896522,-2.62176769],[-78.531457767,-2.625835893],[-78.533109589,-2.626899802],[-78.535880305,-2.622301473],[-78.535871204,-2.622091004],[-78.536783091,-2.620942764],[-78.537003289,-2.620216182],[-78.536937658,-2.619728184],[-78.536861899,-2.619555846],[-78.536682237,-2.619010228],[-78.536625483,-2.618847494],[-78.536704364,-2.617422312],[-78.536676463,-2.617097012],[-78.536881094,-2.616923297],[-78.537860992,-2.614516523],[-78.538215584,-2.613158846],[-78.538493109,-2.61229845],[-78.538721564,-2.612212806],[-78.539063865,-2.612280442],[-78.5393396,-2.612338381],[-78.540310103,-2.612196802],[-78.540471825,-2.612187555],[-78.541442365,-2.612026842],[-78.541585305,-2.611893199],[-78.541872619,-2.610889328],[-78.542063882,-2.61036357],[-78.542074063,-2.610019212],[-78.542191905,-2.608115797],[-78.542222448,-2.607082722],[-78.543469406,-2.606625998],[-78.543859842,-2.606397179],[-78.545192557,-2.605864092],[-78.545819109,-2.605488007],[-78.545210922,-2.602751346],[-78.546296908,-2.601199782],[-78.54821148,-2.59800476],[-78.547665406,-2.596287994],[-78.546720407,-2.591517089],[-78.545539372,-2.58882824],[-78.545378913,-2.587770206],[-78.543357192,-2.581216363],[-78.542839468,-2.579790458],[-78.542322804,-2.577812045],[-78.540390956,-2.57498758],[-78.540104602,-2.573533048],[-78.539386931,-2.570827263],[-78.538896559,-2.570215644],[-78.536476453,-2.567047729],[-78.535494723,-2.565625272],[-78.535345148,-2.565503015],[-78.534504625,-2.565435531],[-78.53427655,-2.565335385],[-78.531662452,-2.563856643],[-78.530149052,-2.563190548],[-78.528388434,-2.561558692],[-78.528304035,-2.560337201],[-78.528160414,-2.559842574],[-78.527642197,-2.5586784],[-78.526758548,-2.556244192],[-78.526606266,-2.556088341],[-78.523935304,-2.554455093],[-78.522522285,-2.552576091],[-78.522220161,-2.552019435],[-78.52128313,-2.551123139],[-78.521140566,-2.550967089],[-78.519862235,-2.547779577],[-78.519714203,-2.547474377],[-78.519428159,-2.547286414],[-78.518216698,-2.546638369],[-78.517141948,-2.545716784],[-78.516250215,-2.545505291],[-78.515251499,-2.544930468],[-78.514368956,-2.544363799],[-78.512703987,-2.542136509],[-78.511590737,-2.540049531],[-78.511397278,-2.539743487],[-78.511081634,-2.53814558],[-78.511335233,-2.537214999],[-78.508479345,-2.535542244],[-78.508037322,-2.535412249],[-78.505240582,-2.530937266],[-78.504591969,-2.529932794],[-78.505628138,-2.526956192],[-78.505525159,-2.52609507],[-78.505439906,-2.525913155],[-78.504755784,-2.525557899],[-78.504232545,-2.525112299],[-78.504711405,-2.523203109],[-78.504484372,-2.52255698],[-78.504282003,-2.522068733],[-78.503072615,-2.520417818],[-78.503092986,-2.519709988],[-78.503161223,-2.518839633],[-78.502695099,-2.516159277],[-78.502782773,-2.515228693],[-78.502443774,-2.514692356],[-78.502401425,-2.514455522],[-78.502435836,-2.514192318],[-78.502448346,-2.514163096],[-78.501332029,-2.512143807],[-78.501065,-2.511898169],[-78.500712509,-2.511553265],[-78.499754413,-2.510231346],[-78.498953695,-2.509650076],[-78.498840239,-2.509561689],[-78.498567219,-2.509349012],[-78.498387176,-2.508999515],[-78.497875204,-2.507209137],[-78.497615677,-2.506144448],[-78.497670499,-2.505448047],[-78.497649926,-2.505325446],[-78.497752661,-2.504440811],[-78.497768964,-2.504255601],[-78.497470549,-2.503178695],[-78.497430385,-2.503111868],[-78.496892492,-2.50188642],[-78.496707541,-2.501115065],[-78.496537566,-2.50085266],[-78.496393182,-2.500156282],[-78.496334204,-2.499911047],[-78.495985814,-2.49931252],[-78.49522754,-2.497943165],[-78.494715788,-2.496976044],[-78.494141218,-2.496534919],[-78.493322095,-2.495909185],[-78.493215438,-2.495729623],[-78.493103498,-2.494574348],[-78.492982507,-2.49443063],[-78.492320829,-2.493532577],[-78.492070608,-2.492831457],[-78.492050896,-2.492784169],[-78.49172249,-2.492414423],[-78.491651386,-2.492294715],[-78.492064749,-2.489971039],[-78.492638668,-2.487657443],[-78.492797236,-2.486789658],[-78.492761936,-2.486595885],[-78.492356275,-2.486107258],[-78.491904872,-2.48579799],[-78.491827654,-2.485767949],[-78.491679641,-2.485570234],[-78.491692897,-2.485376764],[-78.491658931,-2.48520914],[-78.491445442,-2.484943283],[-78.491274411,-2.484856865],[-78.49096822,-2.484576483],[-78.490897188,-2.484418513],[-78.490776414,-2.484160009],[-78.49036568,-2.482580883],[-78.49016019,-2.481855889],[-78.489661936,-2.481295344],[-78.489519702,-2.481069083],[-78.489314897,-2.479981791],[-78.489073539,-2.479364342],[-78.488909806,-2.479191848],[-78.488696506,-2.478825553],[-78.48845477,-2.478408985],[-78.488476547,-2.478208146],[-78.488441869,-2.477684358],[-78.488406719,-2.47741167],[-78.488180857,-2.476141395],[-78.487946713,-2.475480915],[-78.487249158,-2.474697592],[-78.487164116,-2.474403285],[-78.487329916,-2.473478121],[-78.487210305,-2.472602634],[-78.48709719,-2.472064349],[-78.487055068,-2.471705556],[-78.487191093,-2.471440367],[-78.487391355,-2.471153778],[-78.487642249,-2.470494223],[-78.487660492,-2.470275443],[-78.487607529,-2.469991958],[-78.487572417,-2.469697747],[-78.487359527,-2.469138531],[-78.487023102,-2.468382887],[-78.486682071,-2.467915529],[-78.486537963,-2.46778852],[-78.486092454,-2.467688323],[-78.485187904,-2.466536799],[-78.485108556,-2.46642228],[-78.484954021,-2.466227603],[-78.484811834,-2.465976234],[-78.484627161,-2.465559777],[-78.484165963,-2.464260363],[-78.48403287,-2.464231413],[-78.484453452,-2.463103464],[-78.484388728,-2.462118077],[-78.483534956,-2.460959012],[-78.483054238,-2.45992501],[-78.483286415,-2.459734137],[-78.483513117,-2.459292156],[-78.483579017,-2.459017269],[-78.483585758,-2.458592805],[-78.483682173,-2.457893499],[-78.483629203,-2.457612408],[-78.483522714,-2.457343172],[-78.483510983,-2.45725945],[-78.48347007,-2.456888704],[-78.482954059,-2.456289872],[-78.482788197,-2.455984653],[-78.4825853,-2.455777412],[-78.481796866,-2.455278505],[-78.481866574,-2.453604649],[-78.482504971,-2.45296496],[-78.482667274,-2.452630468],[-78.485174247,-2.449564632],[-78.485193518,-2.449430749],[-78.485641435,-2.448934179],[-78.485556966,-2.448331382],[-78.48421187,-2.44631579],[-78.484187687,-2.444811823],[-78.484331024,-2.444446207],[-78.485253676,-2.443092012],[-78.48564642,-2.442856001],[-78.485646553,-2.442784259],[-78.485462436,-2.442066488],[-78.485014834,-2.441118644],[-78.484907001,-2.440383568],[-78.484724993,-2.43971912],[-78.484897818,-2.438837012],[-78.484685049,-2.438183756],[-78.484815611,-2.437014598],[-78.484552193,-2.436748656],[-78.483931675,-2.435813981],[-78.483755792,-2.435419925],[-78.482979964,-2.434536035],[-78.48221095,-2.433824341],[-78.481398195,-2.433621937],[-78.480934956,-2.433413014],[-78.48065706,-2.433261833],[-78.479916607,-2.432535845],[-78.479717504,-2.432205456],[-78.479026914,-2.431515434],[-78.478912978,-2.431414781],[-78.478293887,-2.430631628],[-78.47805179,-2.430408772],[-78.477490232,-2.430104497],[-78.477320166,-2.429854039],[-78.477211482,-2.429682599],[-78.476613711,-2.428942532],[-78.476215483,-2.428787578],[-78.476001525,-2.428775219],[-78.475668958,-2.428619153],[-78.475211824,-2.428325348],[-78.474754702,-2.428025564],[-78.473829285,-2.427223264],[-78.473714218,-2.427077468],[-78.472799481,-2.426512683],[-78.472582409,-2.426599486],[-78.472021827,-2.426755165],[-78.471415284,-2.426715816],[-78.47094535,-2.426700773],[-78.470151642,-2.426279197],[-78.469789302,-2.425683306],[-78.469614349,-2.425589142],[-78.467220439,-2.424885806],[-78.466336801,-2.424453693],[-78.465951803,-2.424366878],[-78.465338402,-2.424365723],[-78.464668396,-2.42412054],[-78.464312169,-2.423904645],[-78.463602865,-2.423057957],[-78.462985981,-2.422375252],[-78.462358422,-2.421040878],[-78.462535731,-2.419424243],[-78.463011392,-2.417660874],[-78.463098547,-2.4168191],[-78.463056858,-2.416223569],[-78.462608536,-2.415670318],[-78.46311505,-2.415613877],[-78.463457237,-2.415707783],[-78.465133057,-2.415883109],[-78.467038491,-2.415319926],[-78.46741026,-2.414847129],[-78.467496089,-2.414718155],[-78.468372846,-2.415013939],[-78.469514382,-2.414836723],[-78.470405352,-2.415161229],[-78.470654686,-2.415326702],[-78.471232129,-2.415485616],[-78.472593106,-2.416212755],[-78.473534976,-2.41601364],[-78.474084343,-2.415928578],[-78.47459737,-2.416209331],[-78.475288673,-2.41651194],[-78.476100023,-2.417467626],[-78.476505917,-2.417827095],[-78.476834043,-2.41781336],[-78.477112652,-2.417577132],[-78.477219839,-2.417469719],[-78.477512792,-2.417190473],[-78.478012816,-2.416789651],[-78.478219913,-2.416653729],[-78.478905503,-2.416188684],[-78.479755949,-2.41528632],[-78.479884679,-2.415100031],[-78.480163286,-2.414863801],[-78.480453654,-2.414696943],[-78.48075841,-2.414463154],[-78.481158285,-2.414219975],[-78.481481665,-2.414201446],[-78.48155388,-2.413718516],[-78.481365113,-2.412938565],[-78.481347097,-2.412393289],[-78.481467012,-2.41182914],[-78.48162922,-2.411537689],[-78.481778325,-2.410614882],[-78.481859848,-2.410241974],[-78.481912452,-2.410079455],[-78.48200809,-2.40978788],[-78.482360658,-2.409410693],[-78.482641909,-2.40902859],[-78.482713322,-2.408980894],[-78.483047247,-2.40839801],[-78.483056916,-2.408311937],[-78.4832092,-2.408245261],[-78.48346156,-2.408059199],[-78.483504514,-2.407973188],[-78.483543882,-2.407680876],[-78.483583586,-2.405478456],[-78.483705576,-2.405076925],[-78.483828472,-2.404398623],[-78.483996803,-2.404007939],[-78.484075655,-2.403792857],[-78.484100981,-2.403595612],[-78.484010223,-2.402522894],[-78.484143672,-2.401705277],[-78.484440585,-2.401207217],[-78.484558686,-2.400981446],[-78.484602282,-2.400543897],[-78.485412182,-2.399420504],[-78.485476621,-2.399306402],[-78.485519921,-2.399030272],[-78.485393872,-2.398443869],[-78.485406496,-2.397532343],[-78.485412939,-2.39707509],[-78.485413076,-2.39699976],[-78.485488236,-2.395786791],[-78.485354432,-2.395522114],[-78.485620023,-2.394597126],[-78.485563631,-2.394231135],[-78.485457141,-2.393958316],[-78.484845694,-2.392888224],[-78.484525529,-2.392450004],[-78.48454745,-2.392163074],[-78.484826559,-2.391647043],[-78.48492712,-2.391259819],[-78.484906467,-2.390850848],[-78.485515044,-2.389646933],[-78.48565776,-2.389611324],[-78.486892099,-2.389384021],[-78.48699597,-2.389399247],[-78.486667831,-2.387853098],[-78.486874721,-2.386518766],[-78.48689854,-2.386494896],[-78.487263952,-2.385587308],[-78.487462995,-2.384805497],[-78.487784218,-2.384662602],[-78.487663802,-2.383769663],[-78.487611546,-2.383289368],[-78.487008097,-2.38173862],[-78.486923249,-2.38132953],[-78.486576216,-2.379972958],[-78.486556132,-2.379248321],[-78.486579933,-2.377921125],[-78.486530331,-2.377741677],[-78.485719701,-2.376377083],[-78.485391356,-2.372574125],[-78.485854689,-2.372725632],[-78.486132403,-2.372675735],[-78.486254846,-2.372662997],[-78.487007155,-2.373347467],[-78.487139577,-2.373460951],[-78.48755544,-2.373569326],[-78.487947313,-2.373797228],[-78.488244022,-2.374060826],[-78.488386173,-2.3743361],[-78.488896489,-2.374803361],[-78.489918783,-2.374817186],[-78.49010924,-2.374674049],[-78.490621241,-2.374208655],[-78.490906991,-2.373958076],[-78.491715637,-2.373792153],[-78.492830789,-2.37504969],[-78.493815548,-2.376103718],[-78.494037319,-2.376639118],[-78.494227459,-2.376967974],[-78.494490508,-2.377249259],[-78.495874158,-2.377939322],[-78.496514528,-2.378801409],[-78.497092268,-2.3797686],[-78.49731955,-2.380299914],[-78.498144306,-2.381750634],[-78.498286956,-2.381750895],[-78.498586484,-2.381772965],[-78.499435085,-2.381867781],[-78.499592041,-2.381846544],[-78.499734717,-2.381832456],[-78.500134682,-2.381531863],[-78.500325451,-2.38148631],[-78.500634949,-2.381331901],[-78.501212584,-2.380729115],[-78.503321864,-2.378165729],[-78.503935558,-2.378001835],[-78.504343003,-2.377507545],[-78.504471995,-2.377170585],[-78.505823754,-2.375106824],[-78.506159691,-2.374712843],[-78.506638972,-2.373931706],[-78.507121427,-2.373719748],[-78.508042417,-2.373235139],[-78.509204415,-2.372234839],[-78.509525925,-2.37193051],[-78.509745915,-2.371541093],[-78.509981725,-2.37129759],[-78.510561128,-2.370365967],[-78.510761313,-2.370100876],[-78.511304154,-2.369671394],[-78.511497053,-2.369492382],[-78.512325398,-2.368635348],[-78.513184246,-2.368051605],[-78.513473742,-2.36796781],[-78.513610641,-2.367860441],[-78.514079714,-2.366849844],[-78.514349833,-2.366648103],[-78.515439765,-2.366385803],[-78.51667418,-2.366115399],[-78.516817111,-2.365957818],[-78.516917274,-2.365785812],[-78.517088519,-2.365750248],[-78.517552607,-2.36548563],[-78.518269478,-2.365142554],[-78.518459881,-2.3650293],[-78.518662512,-2.364965159],[-78.518740854,-2.36493843],[-78.519555077,-2.364481071],[-78.519605094,-2.364430939],[-78.519650814,-2.364371756],[-78.519317918,-2.361822671],[-78.519296897,-2.361610987],[-78.519086442,-2.361266434],[-78.519058734,-2.361172919],[-78.519230897,-2.360265654],[-78.519167176,-2.360000086],[-78.519310806,-2.359447911],[-78.519510897,-2.359233036],[-78.5202123,-2.357871148],[-78.520705652,-2.357190459],[-78.520842362,-2.356516306],[-78.52087819,-2.356423102],[-78.521042492,-2.356279907],[-78.5212429,-2.355885672],[-78.521493685,-2.355238027],[-78.522178474,-2.355200989],[-78.522387644,-2.355230061],[-78.522834851,-2.355096937],[-78.522939377,-2.355144954],[-78.523428493,-2.355514118],[-78.523956291,-2.355519845],[-78.524279362,-2.355673477],[-78.524717153,-2.355487724],[-78.524850513,-2.355363604],[-78.526255516,-2.35407949],[-78.526450776,-2.353907651],[-78.526679743,-2.353496722],[-78.527446372,-2.35289065],[-78.527675085,-2.35262321],[-78.528048327,-2.351289419],[-78.528924968,-2.350315249],[-78.529092671,-2.34984192],[-78.529182824,-2.349698701],[-78.529525639,-2.349441029],[-78.529883098,-2.348968148],[-78.530131065,-2.348566816],[-78.530731382,-2.34789348],[-78.531045725,-2.347602276],[-78.531364983,-2.347220202],[-78.531593652,-2.346976675],[-78.531760077,-2.34697697],[-78.531964586,-2.346953419],[-78.53216948,-2.346709848],[-78.532212644,-2.346499472],[-78.532441446,-2.346179417],[-78.532727234,-2.34590251],[-78.532955877,-2.34567333],[-78.533274749,-2.345511273],[-78.533556083,-2.345062168],[-78.533894091,-2.344833183],[-78.534280655,-2.344030321],[-78.535005456,-2.34286694],[-78.535391328,-2.342458674],[-78.535684162,-2.342229607],[-78.536041001,-2.342047912],[-78.536680211,-2.341684225],[-78.537570192,-2.341001776],[-78.538402724,-2.340363714],[-78.538626577,-2.34009695],[-78.539668253,-2.33929987],[-78.540513035,-2.338535151],[-78.54061727,-2.338483586],[-78.540885129,-2.338430847],[-78.54108494,-2.338373802],[-78.541277519,-2.338374142],[-78.541405942,-2.338352844],[-78.541798643,-2.338116775],[-78.542227494,-2.337600962],[-78.542513221,-2.33735753],[-78.542606094,-2.337271598],[-78.542906059,-2.33704254],[-78.54317025,-2.336877989],[-78.543391758,-2.336648793],[-78.543640265,-2.336274358],[-78.543735149,-2.336057495],[-78.543828934,-2.335616193],[-78.543879138,-2.335629664],[-78.544223535,-2.335827571],[-78.544276976,-2.335857559],[-78.544419487,-2.335938523],[-78.544553134,-2.335989578],[-78.544936762,-2.335843772],[-78.545049772,-2.335799129],[-78.545795427,-2.335521558],[-78.54587904,-2.335498349],[-78.54620017,-2.335403253],[-78.546357811,-2.335328794],[-78.546625338,-2.33529638],[-78.546806629,-2.335293709],[-78.547020715,-2.335231307],[-78.547246796,-2.335106149],[-78.547451997,-2.335025795],[-78.547743108,-2.335104031],[-78.548251183,-2.335173678],[-78.548512534,-2.335275778],[-78.549011455,-2.335482923],[-78.549302728,-2.335468487],[-78.549480928,-2.335534567],[-78.549786697,-2.335729416],[-78.54985503,-2.335741493],[-78.550809612,-2.335396394],[-78.550943145,-2.335513216],[-78.551864685,-2.335371339],[-78.55198658,-2.335344648],[-78.552159405,-2.335081881],[-78.55218928,-2.334992251],[-78.552500056,-2.334698636],[-78.552767429,-2.334756501],[-78.552888639,-2.334781824],[-78.553081324,-2.334721177],[-78.553448857,-2.334603439],[-78.553927062,-2.334417736],[-78.554108887,-2.334450339],[-78.554451432,-2.334346907],[-78.55456229,-2.334171322],[-78.55460534,-2.334024317],[-78.554694857,-2.333816409],[-78.555130354,-2.333580408],[-78.555362547,-2.3333584],[-78.555473363,-2.333207926],[-78.555809425,-2.332727813],[-78.556259861,-2.332100818],[-78.556438566,-2.33187513],[-78.556724575,-2.331466674],[-78.557271109,-2.330951053],[-78.557410361,-2.330854438],[-78.557410646,-2.330689422],[-78.557357418,-2.330535074],[-78.557789947,-2.329951093],[-78.558506957,-2.329844725],[-78.558758694,-2.329732521],[-78.558944313,-2.3296324],[-78.559439589,-2.329198],[-78.559829981,-2.32892126],[-78.559906663,-2.328572226],[-78.560016713,-2.328175419],[-78.560416525,-2.327951309],[-78.560493428,-2.327473131],[-78.560627433,-2.326971138],[-78.560732538,-2.326684334],[-78.561191367,-2.326363116],[-78.561265794,-2.32628348],[-78.561494309,-2.326126034],[-78.561589459,-2.3260975],[-78.562264964,-2.325931266],[-78.562754792,-2.325898635],[-78.563115783,-2.326128852],[-78.563310033,-2.326540539],[-78.563547639,-2.326627048],[-78.56376647,-2.326570031],[-78.564085273,-2.326446223],[-78.564546284,-2.326580951],[-78.564617636,-2.326566726],[-78.565122017,-2.32636671],[-78.565288346,-2.326424397],[-78.565791916,-2.326697909],[-78.566362286,-2.32683761],[-78.566538076,-2.326924012],[-78.566856724,-2.326891082],[-78.567508316,-2.326806117],[-78.568060094,-2.326697062],[-78.56844569,-2.326444224],[-78.5685838,-2.326320102],[-78.568812471,-2.326071775],[-78.569041181,-2.325799532],[-78.569939949,-2.325767608],[-78.570153936,-2.325763195],[-78.570986378,-2.32558766],[-78.571167235,-2.32549231],[-78.571395603,-2.325420958],[-78.571775772,-2.325560328],[-78.57200828,-2.325847719],[-78.57223673,-2.325728536],[-78.5726599,-2.325748401],[-78.573489127,-2.326063132],[-78.57371432,-2.326458132],[-78.574093583,-2.327128431],[-78.574319266,-2.327236443],[-78.574853255,-2.327799389],[-78.575280785,-2.328051245],[-78.575848433,-2.329786125],[-78.576066145,-2.330384398],[-78.576129468,-2.330893915],[-78.576479251,-2.330729502],[-78.576621941,-2.330708225],[-78.579119818,-2.329873099],[-78.579255523,-2.329765712],[-78.579519874,-2.329507877],[-78.580312252,-2.329128983],[-78.580797704,-2.328878704],[-78.581490249,-2.328485288],[-78.58119234,-2.327509002],[-78.581155272,-2.326696344],[-78.581188302,-2.325693776],[-78.581233323,-2.324388044],[-78.581326476,-2.324137087],[-78.581835313,-2.322717356],[-78.581929246,-2.322007215],[-78.582472488,-2.321326545],[-78.583707806,-2.320525092],[-78.584607375,-2.320024402],[-78.585442482,-2.319681445],[-78.587094868,-2.318292367],[-78.586962235,-2.317990797],[-78.586981426,-2.317890383],[-78.586958339,-2.317483771],[-78.586398257,-2.316880127],[-78.586161425,-2.316334436],[-78.585801025,-2.315750267],[-78.585635155,-2.315419942],[-78.585664099,-2.315176048],[-78.585503122,-2.314764417],[-78.585541568,-2.314525322],[-78.585413909,-2.314094615],[-78.585228808,-2.313888621],[-78.585272349,-2.313448641],[-78.585248865,-2.313276405],[-78.585090461,-2.311343721],[-78.584582934,-2.310823743],[-78.584089036,-2.310449809],[-78.583842192,-2.31020066],[-78.582474251,-2.309299079],[-78.581951712,-2.308992061],[-78.581733254,-2.308829059],[-78.581251147,-2.308794432],[-78.58078054,-2.308707529],[-78.580262676,-2.30844835],[-78.57982095,-2.30815582],[-78.579346407,-2.307585809],[-78.579027748,-2.307200051],[-78.578987953,-2.307157107],[-78.578606286,-2.306599206],[-78.57792232,-2.306148416],[-78.57778,-2.305952063],[-78.57547515,-2.305154109],[-78.575299368,-2.305062927],[-78.575149997,-2.304988163],[-78.574995543,-2.304886975],[-78.574881617,-2.304771984],[-78.574648098,-2.304705147],[-78.574171887,-2.30477019],[-78.573125295,-2.305055385],[-78.572530513,-2.305293523],[-78.571888584,-2.305292422],[-78.571222861,-2.305303238],[-78.571092098,-2.305303013],[-78.5703148,-2.305275742],[-78.570189735,-2.305305805],[-78.569619718,-2.305467895],[-78.569496088,-2.305437521],[-78.569102905,-2.305293452],[-78.568823751,-2.305173394],[-78.568562123,-2.305232734],[-78.568513027,-2.305274379],[-78.568181124,-2.305330769],[-78.5679083,-2.305237589],[-78.566554008,-2.304715095],[-78.565881744,-2.305078653],[-78.565382012,-2.305346845],[-78.563299427,-2.307623781],[-78.56278592,-2.307603763],[-78.562310861,-2.307344656],[-78.561759901,-2.306980189],[-78.561085279,-2.306634642],[-78.560638327,-2.306624304],[-78.560229007,-2.306853188],[-78.560057795,-2.306872025],[-78.55975359,-2.306804536],[-78.559582525,-2.306737278],[-78.558153731,-2.306976046],[-78.55787655,-2.306985929],[-78.557092016,-2.306969197],[-78.556995442,-2.306952834],[-78.555854134,-2.307017825],[-78.554040778,-2.305235379],[-78.553536523,-2.305368434],[-78.552618455,-2.305364509],[-78.552191783,-2.30551981],[-78.551696957,-2.305700711],[-78.551426759,-2.305212369],[-78.551270141,-2.305039907],[-78.551141741,-2.305048609],[-78.551016378,-2.305058778],[-78.550970347,-2.305068741],[-78.550356465,-2.305180013],[-78.55028221,-2.30515597],[-78.550213939,-2.305108021],[-78.550313577,-2.302244816],[-78.549200903,-2.301712344],[-78.546653949,-2.300722626],[-78.545583852,-2.299122335],[-78.545692381,-2.298219719],[-78.545764184,-2.297938839],[-78.545925275,-2.297580387],[-78.546038899,-2.297174023],[-78.546071786,-2.296980563],[-78.54620583,-2.29687537],[-78.546598621,-2.296577107],[-78.546699979,-2.296391938],[-78.546763851,-2.296167841],[-78.546766052,-2.295985492],[-78.546812294,-2.295613731],[-78.54683811,-2.295555141],[-78.547070901,-2.294975595],[-78.547267744,-2.294563395],[-78.547303915,-2.294264516],[-78.547292293,-2.294109046],[-78.547286807,-2.293839989],[-78.547341156,-2.29333786],[-78.547306604,-2.292686108],[-78.547377661,-2.29206493],[-78.547336514,-2.291795812],[-78.547235584,-2.29172987],[-78.54695078,-2.291442396],[-78.546654257,-2.291003333],[-78.546465294,-2.29052977],[-78.546553978,-2.29037682],[-78.546616164,-2.290298007],[-78.546604236,-2.290182475],[-78.546564449,-2.290092006],[-78.546518588,-2.290004638],[-78.546400001,-2.289837026],[-78.545379534,-2.28875908],[-78.543716939,-2.287811563],[-78.543111548,-2.287666634],[-78.54238345,-2.287020028],[-78.542030532,-2.28688792],[-78.54126798,-2.286592695],[-78.541235525,-2.286407446],[-78.541025488,-2.285990379],[-78.540843837,-2.285464319],[-78.540569161,-2.285247432],[-78.540433469,-2.285156097],[-78.540251079,-2.284948316],[-78.540048292,-2.284664571],[-78.539960547,-2.284535278],[-78.539884277,-2.284337366],[-78.539836241,-2.284050185],[-78.539765529,-2.283691335],[-78.539673276,-2.28346378],[-78.53953109,-2.283293178],[-78.539402614,-2.283202839],[-78.539139185,-2.282929753],[-78.5389047,-2.282412781],[-78.53880187,-2.282253845],[-78.538762403,-2.282057757],[-78.53873864,-2.281840417],[-78.538559465,-2.28131448],[-78.538445854,-2.281017736],[-78.538142261,-2.280596306],[-78.537924516,-2.280021967],[-78.537734681,-2.279811187],[-78.537128357,-2.27915337],[-78.536922346,-2.279048013],[-78.536935854,-2.278970247],[-78.537253934,-2.278712653],[-78.537694242,-2.278426428],[-78.537848996,-2.278295161],[-78.537971625,-2.27811081],[-78.538195021,-2.27753047],[-78.538148061,-2.277183619],[-78.538302897,-2.277004521],[-78.538355428,-2.276870208],[-78.538631938,-2.27644021],[-78.538681791,-2.275081913],[-78.538606119,-2.274842631],[-78.538530465,-2.274593783],[-78.538483144,-2.274459777],[-78.538237436,-2.273550578],[-78.538543115,-2.27324681],[-78.538644386,-2.272930617],[-78.539369396,-2.272193277],[-78.539428018,-2.272086653],[-78.539658286,-2.271238023],[-78.539731474,-2.27067934],[-78.539365836,-2.26985044],[-78.538971947,-2.269714334],[-78.538406779,-2.269016549],[-78.538045476,-2.268370937],[-78.53799784,-2.268306264],[-78.538025973,-2.268204924],[-78.538028596,-2.267714916],[-78.537650608,-2.266298491],[-78.537460822,-2.266059015],[-78.537381938,-2.266021507],[-78.537221613,-2.265968045],[-78.537121941,-2.265862648],[-78.537214856,-2.265646466],[-78.537463829,-2.264279731],[-78.537388835,-2.263638676],[-78.537460341,-2.263600534],[-78.537550561,-2.263600689],[-78.537712013,-2.263725323],[-78.537873255,-2.263974316],[-78.538263659,-2.264534948],[-78.538540147,-2.264114514],[-78.538527558,-2.26381178],[-78.538644141,-2.263612122],[-78.538871381,-2.263352792],[-78.539033358,-2.263166529],[-78.539372273,-2.262710049],[-78.539461646,-2.262578667],[-78.539500444,-2.262480084],[-78.53953155,-2.262343579],[-78.539446666,-2.26192731],[-78.539563679,-2.261401615],[-78.539878122,-2.261029075],[-78.53997362,-2.260790085],[-78.540145323,-2.260474697],[-78.540250379,-2.260207025],[-78.54020354,-2.259786037],[-78.541173749,-2.257668322],[-78.541631279,-2.257030563],[-78.542882181,-2.256135907],[-78.543171032,-2.25534413],[-78.544069369,-2.25344024],[-78.543898198,-2.253439949],[-78.543334628,-2.253517914],[-78.542543468,-2.253215238],[-78.542144262,-2.253099767],[-78.54178762,-2.253120685],[-78.541537924,-2.253163309],[-78.540368233,-2.253175671],[-78.539776533,-2.253016826],[-78.539669962,-2.252772709],[-78.539748812,-2.252536082],[-78.540027686,-2.252106082],[-78.540100019,-2.251503541],[-78.539878888,-2.25152469],[-78.539507971,-2.251552758],[-78.53941529,-2.251531077],[-78.537984768,-2.249724246],[-78.537836595,-2.249478865],[-78.537480644,-2.249089638],[-78.537237446,-2.248802243],[-78.537095216,-2.248556871],[-78.537074134,-2.248515819],[-78.537095461,-2.248431358],[-78.537202759,-2.248222241],[-78.537748876,-2.247373101],[-78.537832532,-2.247090751],[-78.537811432,-2.247027247],[-78.537716385,-2.246734393],[-78.537538535,-2.246465046],[-78.537443611,-2.246363245],[-78.537058524,-2.2456272],[-78.53690461,-2.244930232],[-78.536876587,-2.244628853],[-78.536999093,-2.243875733],[-78.536878497,-2.243488103],[-78.536686796,-2.24297121],[-78.53639574,-2.242159994],[-78.536153563,-2.241973045],[-78.5355261,-2.241878713],[-78.534480011,-2.240492256],[-78.534458975,-2.240276983],[-78.534396962,-2.240184877],[-78.526023065,-2.243041774],[-78.523562492,-2.243062697],[-78.514550935,-2.240295691],[-78.513199401,-2.243835156],[-78.50875914,-2.24631707],[-78.505190443,-2.246530959],[-78.50114445,-2.241534237],[-78.497941312,-2.240686944],[-78.500028396,-2.237884508],[-78.499353489,-2.230114584],[-78.49212214,-2.225770261],[-78.491291818,-2.223351099],[-78.48855006,-2.221014766],[-78.487390351,-2.216567119],[-78.493234661,-2.209359002],[-78.498189868,-2.208222387],[-78.501222261,-2.205984883],[-78.497897948,-2.197532671],[-78.497939516,-2.194887323],[-78.500538077,-2.19094974],[-78.502473595,-2.18082334],[-78.502018761,-2.175461328],[-78.50450091,-2.171950658],[-78.50376412,-2.166761543],[-78.504253501,-2.158706393],[-78.50957274,-2.15616381],[-78.514240351,-2.156541759],[-78.5165586,-2.154613143],[-78.513857437,-2.146511894],[-78.513328702,-2.142649789],[-78.514836132,-2.140926378],[-78.515329823,-2.136966892],[-78.51311586,-2.132791966],[-78.509141803,-2.12915165],[-78.505340487,-2.127014072],[-78.502922319,-2.127541098],[-78.496814529,-2.125919378],[-78.493825241,-2.121466283],[-78.492208936,-2.124923086],[-78.484747761,-2.129597098],[-78.482420723,-2.12984632],[-78.479815415,-2.127693994],[-78.479499341,-2.124188237],[-78.473752821,-2.122206497],[-78.471412714,-2.122106894],[-78.468939081,-2.120015728],[-78.463023359,-2.11958271],[-78.460623256,-2.117701518],[-78.457234265,-2.118772045],[-78.452965441,-2.118822625],[-78.450159815,-2.117971016],[-78.447641087,-2.114714819],[-78.446780568,-2.111406234],[-78.445963151,-2.102216736],[-78.442629109,-2.097476819],[-78.438533036,-2.096078957],[-78.437566194,-2.093003965],[-78.434833067,-2.09069531],[-78.436858479,-2.084530622],[-78.439928289,-2.083738397],[-78.439258455,-2.0760874],[-78.442673962,-2.072311548],[-78.444231829,-2.073097799],[-78.446621151,-2.070785793],[-78.44613948,-2.068356926],[-78.448092459,-2.066330686],[-78.452068777,-2.06500751],[-78.45219734,-2.059345727],[-78.451301654,-2.056772404],[-78.45272756,-2.051301256],[-78.451022215,-2.046993271],[-78.452948014,-2.044471266],[-78.450619103,-2.03802223],[-78.450891754,-2.030149688],[-78.447921594,-2.026890516],[-78.448987591,-2.025207207],[-78.449088455,-2.021323898],[-78.447503599,-2.019480047],[-78.447190059,-2.016617188],[-78.4447822,-2.016056069],[-78.441555859,-2.012797351],[-78.444677663,-2.008724412],[-78.445002648,-2.006076998],[-78.449420856,-2.004743576],[-78.451655434,-2.002975076],[-78.454051857,-1.999363961],[-78.457594409,-1.996314509],[-78.459172213,-1.992246834],[-78.463729953,-1.994157926],[-78.466794592,-1.997232626],[-78.475044175,-2.002226839],[-78.478939307,-2.003321331],[-78.478685292,-2.000987429],[-78.482622059,-1.993906722],[-78.48481697,-1.992022689],[-78.485005113,-1.986430888],[-78.487757464,-1.982438922],[-78.48788146,-1.980098689],[-78.486104591,-1.977204438],[-78.48747674,-1.968291374],[-78.488695798,-1.964956411],[-78.489067715,-1.958429],[-78.48258312,-1.952558435],[-78.475694041,-1.953189524],[-78.471838951,-1.950760887],[-78.467858143,-1.950842274],[-78.463590178,-1.949855938],[-78.462868663,-1.946828329],[-78.460569199,-1.943666227],[-78.46147519,-1.93811139],[-78.460395593,-1.934770895],[-78.457231538,-1.929480327],[-78.457362101,-1.921573429],[-78.453673378,-1.916791133],[-78.451130235,-1.916835152],[-78.443177075,-1.910910599],[-78.438176056,-1.909635687],[-78.436361325,-1.910412375],[-78.433055451,-1.908824368],[-78.432041817,-1.902196008],[-78.430397399,-1.898519045],[-78.420023356,-1.89492437],[-78.420090492,-1.884413982],[-78.415847715,-1.882745935],[-78.414040995,-1.880901116],[-78.410444008,-1.879382796],[-78.403646161,-1.878679974],[-78.403280988,-1.876337441],[-78.400728131,-1.87208688],[-78.400942939,-1.869988153],[-78.403709652,-1.867370988],[-78.403410929,-1.863288371],[-78.3975051,-1.853996958],[-78.397194481,-1.851887401],[-78.401443559,-1.847087214],[-78.409320557,-1.844870586],[-78.413885053,-1.839473532],[-78.413525547,-1.836623776],[-78.415248174,-1.835572314],[-78.42135753,-1.827410677],[-78.419720661,-1.822990378],[-78.420802205,-1.814892265],[-78.420330009,-1.804990643],[-78.423401599,-1.800794677],[-78.43039332,-1.797036514],[-78.434302575,-1.795744583],[-78.437758103,-1.79227723],[-78.439077028,-1.787171168],[-78.438577883,-1.783796277],[-78.440515876,-1.775168694],[-78.440090174,-1.770927839],[-78.443778509,-1.766543295],[-78.445832481,-1.764557686],[-78.446011859,-1.761978851],[-78.457707414,-1.761747686],[-78.461487602,-1.760619356],[-78.463516067,-1.75614425],[-78.466672935,-1.754630021],[-78.467590367,-1.75190866],[-78.461212973,-1.7491575],[-78.460305213,-1.74762788],[-78.459268146,-1.741227118],[-78.457174876,-1.737480391],[-78.454551776,-1.736183003],[-78.451406137,-1.732082732],[-78.451103285,-1.728259095],[-78.449712255,-1.727080661],[-78.448849452,-1.721842401],[-78.444409506,-1.712575278],[-78.442865915,-1.707270373],[-78.443160776,-1.704431032],[-78.441303013,-1.703083412],[-78.44022622,-1.699692231],[-78.437115303,-1.698050006],[-78.435490524,-1.69050083],[-78.432217801,-1.685411896],[-78.426914663,-1.683814617],[-78.42317045,-1.684483845],[-78.41778166,-1.685330267],[-78.412293265,-1.682593551],[-78.41212154,-1.679685217],[-78.409139868,-1.674578765],[-78.408715825,-1.67176604],[-78.409686494,-1.665454312],[-78.404050985,-1.664031207],[-78.402258839,-1.662539065],[-78.395410359,-1.660758051],[-78.388135152,-1.658251917],[-78.384068447,-1.65534832],[-78.376904794,-1.654420299],[-78.374050595,-1.657360871],[-78.371301974,-1.656379873],[-78.371131243,-1.65340377],[-78.368103137,-1.650410712],[-78.363833893,-1.644916109],[-78.363785031,-1.642831944],[-78.365986899,-1.63804288],[-78.366274981,-1.635637071],[-78.364010819,-1.631887686],[-78.365790125,-1.624346293],[-78.365876222,-1.616059241],[-78.366624742,-1.614233154],[-78.363926152,-1.606465244],[-78.369494466,-1.604331934],[-78.373396373,-1.598965622],[-78.373081409,-1.595322582],[-78.373840459,-1.590737182],[-78.377113427,-1.584692734],[-78.372181821,-1.582323885],[-78.371989019,-1.579000162],[-78.370414758,-1.575500833],[-78.373433038,-1.571287277],[-78.372029634,-1.565098926],[-78.374473145,-1.562052497],[-78.376383286,-1.557678318],[-78.375997418,-1.551494731],[-78.373564704,-1.546546009],[-78.373577289,-1.54286081],[-78.376088361,-1.541025604],[-78.376392384,-1.535704279],[-78.371242904,-1.535001543],[-78.364682607,-1.533026641],[-78.363670415,-1.528739171],[-78.363700265,-1.523646863],[-78.362363306,-1.522046693],[-78.35740911,-1.520868459],[-78.350730338,-1.523134515],[-78.348672629,-1.522887583],[-78.349032065,-1.519250031],[-78.345237739,-1.514184462],[-78.344848676,-1.508856408],[-78.34519164,-1.503554179],[-78.336380159,-1.500724198],[-78.329650532,-1.499168333],[-78.327287623,-1.496607715],[-78.324385367,-1.496515035],[-78.319026768,-1.498420761],[-78.312265709,-1.493986102],[-78.310774802,-1.489607992],[-78.306367755,-1.484866609],[-78.300788254,-1.483305536],[-78.29761226,-1.480038634],[-78.295850792,-1.480625543],[-78.287524059,-1.481294082],[-78.284748638,-1.479163998],[-78.278644454,-1.483074651],[-78.279872389,-1.487140728],[-78.277499633,-1.49201621],[-78.277393369,-1.496440895],[-78.276348012,-1.498313335],[-78.272667807,-1.500773309],[-78.269981935,-1.500645439],[-78.267308464,-1.502503808],[-78.260813655,-1.500920718],[-78.252629657,-1.49664478],[-78.249168379,-1.496644883],[-78.245092709,-1.493010578],[-78.241384139,-1.492018066],[-78.23692485,-1.49311262],[-78.229967418,-1.491172514],[-78.22687207,-1.487831216],[-78.223132657,-1.487209881],[-78.222305679,-1.483563084],[-78.221609227,-1.476083776],[-78.211107081,-1.471962391],[-78.209014996,-1.472969434],[-78.205539468,-1.472712722],[-78.198480086,-1.473698817],[-78.195652632,-1.471459519],[-78.198462736,-1.47002622],[-78.195152399,-1.468085991],[-78.19503358,-1.462790124],[-78.194107906,-1.461996449],[-78.192410419,-1.455405873],[-78.18683668,-1.456018815],[-78.185748528,-1.454252672],[-78.180798664,-1.450238649],[-78.177949337,-1.448684849],[-78.175576183,-1.451541416],[-78.17289037,-1.452655749],[-78.164921962,-1.448436671],[-78.160292794,-1.449683614]]]]},"properties":{"codigo":"14","nombre":"MORONA SANTIAGO","nivel":"Provincia","codigo_provincia":"14","provincia":"MORONA SANTIAGO"},"id":"14"},{"type":"Feature","geometry":{"type":"MultiPolygon","coordinates":[[[[-77.820076152,0.033709135],[-77.813810207,0.029155123],[-77.812444866,0.024409956],[-77.808841818,0.023009329],[-77.802762488,0.023254578],[-77.800644228,0.023983775],[-77.798700905,0.026624915],[-77.79622557,0.025230627],[-77.793163197,0.021150822],[-77.790084403,0.021978293],[-77.784446238,0.019356364],[-77.780880153,0.01481676],[-77.779469212,0.010505543],[-77.781983041,0.008589543],[-77.785010113,0.004418321],[-77.788020331,0.002654523],[-77.786662414,-0.000847286],[-77.78655794,-0.006192246],[-77.791353344,-0.01241869],[-77.794111914,-0.013781025],[-77.794467972,-0.016646166],[-77.790769139,-0.023899258],[-77.786823508,-0.026320697],[-77.785142588,-0.031320493],[-77.785816754,-0.032758327],[-77.785723481,-0.038866163],[-77.784284623,-0.044411335],[-77.782593034,-0.047316514],[-77.782877767,-0.050335066],[-77.785350743,-0.052689321],[-77.782314962,-0.057666245],[-77.782820692,-0.062915295],[-77.781168275,-0.065003071],[-77.780061946,-0.070377562],[-77.780096844,-0.080062912],[-77.7823054,-0.083113373],[-77.715716596,-0.081889989],[-77.65882122,-0.080852622],[-77.649466602,-0.079119426],[-77.645615596,-0.078977167],[-77.639619997,-0.07618368],[-77.633823942,-0.076855821],[-77.630617535,-0.078437486],[-77.628955817,-0.08078872],[-77.622622947,-0.079623427],[-77.619416068,-0.081571863],[-77.613927194,-0.081248807],[-77.611951137,-0.08198343],[-77.607300442,-0.086739742],[-77.603439943,-0.08848089],[-77.6022148,-0.09270586],[-77.599689132,-0.094995742],[-77.596115401,-0.096406161],[-77.594449625,-0.101406393],[-77.591874576,-0.101546145],[-77.589613463,-0.104000977],[-77.59118415,-0.109268391],[-77.583973449,-0.10910747],[-77.581193204,-0.104195328],[-77.580633356,-0.101424423],[-77.577324926,-0.099406398],[-77.575170074,-0.096768199],[-77.571885228,-0.096366435],[-77.571249505,-0.092648372],[-77.567533187,-0.087041404],[-77.563972858,-0.08869457],[-77.562245282,-0.085460067],[-77.558960564,-0.084073902],[-77.559606408,-0.080950497],[-77.55881866,-0.07815002],[-77.552230202,-0.075999005],[-77.551442493,-0.07258113],[-77.548575643,-0.069455573],[-77.54582248,-0.069636963],[-77.54462657,-0.065628431],[-77.538987458,-0.064672287],[-77.537193661,-0.057181001],[-77.534991296,-0.054992207],[-77.529921758,-0.055460223],[-77.526598901,-0.058097865],[-77.525620924,-0.060601837],[-77.522184317,-0.060639844],[-77.515643312,-0.062187697],[-77.51266229,-0.064127619],[-77.50929225,-0.063190782],[-77.509168986,-0.060921892],[-77.504688468,-0.056477519],[-77.504280418,-0.0537862],[-77.505875389,-0.0517315],[-77.504926286,-0.047623778],[-77.508211257,-0.040712181],[-77.506255717,-0.039268962],[-77.503388731,-0.040301013],[-77.499857332,-0.039529775],[-77.490157703,-0.040661216],[-77.486676179,-0.039736427],[-77.487687357,-0.035402855],[-77.486199433,-0.032517788],[-77.486968476,-0.029160447],[-77.485487648,-0.026479673],[-77.479635292,-0.024587239],[-77.475463168,-0.024286086],[-77.471889169,-0.021662644],[-77.470764334,-0.018566212],[-77.466689759,-0.019610446],[-77.46377431,-0.018624844],[-77.460374711,-0.019119335],[-77.460097005,-0.021119069],[-77.456298652,-0.024552929],[-77.456662824,-0.028435573],[-77.455950724,-0.032928374],[-77.453286664,-0.037680313],[-77.453746785,-0.042885853],[-77.456271547,-0.045803498],[-77.456223869,-0.04996542],[-77.451026467,-0.053047143],[-77.451263532,-0.057283124],[-77.450456419,-0.061022094],[-77.446706783,-0.061858043],[-77.4439852,-0.059855342],[-77.440833411,-0.059564086],[-77.438258421,-0.063221437],[-77.43929041,-0.06642793],[-77.44336608,-0.069010878],[-77.448705594,-0.069876151],[-77.44990396,-0.070903576],[-77.449061012,-0.076912214],[-77.456322451,-0.082092532],[-77.457485075,-0.084684884],[-77.454376003,-0.087025974],[-77.451136575,-0.087646847],[-77.450234615,-0.089314388],[-77.450246025,-0.093949339],[-77.446520098,-0.09468959],[-77.444704413,-0.096889796],[-77.444965181,-0.099517872],[-77.448672806,-0.103381523],[-77.451104176,-0.112998133],[-77.454295892,-0.114575371],[-77.455078612,-0.117991971],[-77.452503497,-0.119759615],[-77.452586779,-0.124108606],[-77.454902497,-0.127778671],[-77.45313551,-0.137239486],[-77.45148356,-0.138758741],[-77.447477983,-0.136607907],[-77.444554668,-0.133807405],[-77.438313943,-0.129367511],[-77.435532378,-0.131211511],[-77.428308649,-0.130990676],[-77.422546392,-0.133617833],[-77.418625983,-0.134114182],[-77.414752876,-0.135814619],[-77.410936929,-0.136205852],[-77.401919058,-0.138125271],[-77.398264589,-0.138124713],[-77.393356926,-0.139815375],[-77.387974281,-0.144088595],[-77.385610414,-0.149845943],[-77.384096927,-0.151767278],[-77.379385253,-0.152565276],[-77.370900085,-0.146101828],[-77.365774908,-0.14364422],[-77.361201179,-0.142202923],[-77.35722195,-0.139630922],[-77.351896928,-0.135137483],[-77.346724108,-0.129624322],[-77.34542844,-0.125081261],[-77.340929794,-0.122643992],[-77.339489548,-0.117525549],[-77.336732779,-0.113629315],[-77.336999244,-0.107892182],[-77.338898268,-0.10159348],[-77.335517622,-0.095350562],[-77.3296746,-0.094210461],[-77.325033883,-0.088820796],[-77.321280023,-0.080318596],[-77.31944762,-0.079300375],[-77.314014688,-0.074083257],[-77.311936191,-0.073196367],[-77.308103873,-0.073575551],[-77.305449922,-0.071031293],[-77.304476695,-0.066384909],[-77.304974656,-0.059376166],[-77.299109994,-0.059375774],[-77.296552156,-0.064834775],[-77.296509991,-0.067620181],[-77.294385754,-0.070372062],[-77.301611151,-0.071577725],[-77.300530617,-0.074424286],[-77.296867927,-0.075143791],[-77.294378961,-0.079599654],[-77.2960712,-0.08964517],[-77.291260473,-0.09457446],[-77.28857641,-0.101334786],[-77.286106029,-0.1036428],[-77.285858318,-0.123862976],[-77.282299692,-0.127600138],[-77.278443978,-0.136665686],[-77.280274396,-0.138886856],[-77.28842169,-0.138416137],[-77.292096955,-0.139322804],[-77.294021144,-0.140820636],[-77.29693231,-0.145401907],[-77.297057626,-0.151799417],[-77.293301467,-0.155106739],[-77.29621571,-0.161118574],[-77.299242526,-0.165072758],[-77.295953314,-0.166597707],[-77.2954916,-0.171935552],[-77.299622868,-0.179624672],[-77.299577163,-0.182977839],[-77.295629708,-0.189919431],[-77.298647039,-0.191560077],[-77.297142961,-0.194213761],[-77.298488849,-0.201520849],[-77.298351476,-0.204600866],[-77.292641411,-0.203627801],[-77.289117474,-0.205925549],[-77.286935123,-0.2055094],[-77.280688828,-0.209505312],[-77.275794603,-0.216517316],[-77.275324932,-0.223653628],[-77.272802494,-0.230189593],[-77.268412813,-0.236303654],[-77.269247361,-0.23868538],[-77.266198037,-0.240218063],[-77.262372213,-0.236450471],[-77.261370599,-0.237929614],[-77.260536339,-0.238717964],[-77.262764618,-0.243824891],[-77.265216829,-0.246595024],[-77.265818908,-0.254697651],[-77.270174324,-0.254173809],[-77.274696602,-0.259601163],[-77.274447913,-0.262030738],[-77.267750342,-0.262329292],[-77.263435484,-0.265799994],[-77.262316708,-0.268336395],[-77.259179851,-0.26891539],[-77.255523429,-0.267812625],[-77.25359727,-0.269830227],[-77.255472126,-0.270900508],[-77.259607849,-0.278013253],[-77.258021876,-0.281251736],[-77.2623622,-0.284862702],[-77.262156073,-0.286875786],[-77.259218513,-0.290904737],[-77.259204751,-0.292910752],[-77.256599292,-0.296044308],[-77.257773226,-0.299127151],[-77.256241916,-0.301867658],[-77.257357535,-0.303419545],[-77.256440812,-0.308293245],[-77.261409439,-0.309085553],[-77.266407025,-0.312268162],[-77.268363303,-0.315316356],[-77.26615587,-0.320693031],[-77.268556932,-0.324828563],[-77.271705487,-0.326699072],[-77.275821148,-0.330899081],[-77.274457032,-0.332487467],[-77.274983415,-0.33721439],[-77.278058122,-0.341093099],[-77.281969331,-0.340293474],[-77.285780129,-0.342466777],[-77.292975431,-0.340368592],[-77.296451489,-0.338233868],[-77.297703425,-0.336299645],[-77.301605556,-0.346223055],[-77.306809711,-0.353945124],[-77.308767901,-0.353352007],[-77.31042074,-0.350782398],[-77.316991721,-0.356768264],[-77.319124584,-0.360879227],[-77.320518795,-0.365658776],[-77.322155893,-0.366529699],[-77.324066173,-0.370263464],[-77.334140555,-0.370263889],[-77.330862773,-0.373837434],[-77.329210297,-0.37689088],[-77.32632144,-0.379400899],[-77.326610447,-0.388857888],[-77.325769757,-0.393437961],[-77.328007627,-0.398284845],[-77.325659907,-0.402509133],[-77.322302794,-0.405581767],[-77.325814023,-0.409082851],[-77.326693967,-0.411857635],[-77.32532456,-0.414976157],[-77.327721605,-0.416966453],[-77.328271424,-0.421251041],[-77.326987481,-0.424176004],[-77.331359882,-0.425523742],[-77.345172949,-0.419902171],[-77.3516229,-0.419327097],[-77.354857994,-0.419933679],[-77.357982104,-0.42348837],[-77.358341255,-0.426775675],[-77.360314804,-0.42841541],[-77.365011954,-0.428816608],[-77.367675449,-0.434235979],[-77.365908815,-0.436567909],[-77.36377363,-0.442848536],[-77.368322923,-0.442356275],[-77.370297302,-0.444725881],[-77.3693913,-0.44855609],[-77.373067122,-0.450933734],[-77.370600337,-0.455146406],[-77.37197498,-0.458553735],[-77.374705438,-0.461898464],[-77.378240383,-0.463639444],[-77.382350894,-0.46261484],[-77.385064675,-0.469221757],[-77.38404254,-0.471663017],[-77.384004507,-0.476357332],[-77.385048628,-0.481805686],[-77.390537732,-0.491440719],[-77.391585403,-0.495333276],[-77.40130605,-0.496764849],[-77.403280679,-0.498597121],[-77.405608824,-0.498397724],[-77.40825949,-0.500807332],[-77.410712395,-0.500321321],[-77.414003205,-0.503863713],[-77.417808145,-0.504629128],[-77.418125879,-0.509434908],[-77.420801949,-0.510998859],[-77.421885789,-0.514393148],[-77.424818387,-0.515566649],[-77.424689235,-0.517354804],[-77.428230355,-0.519113274],[-77.428752706,-0.522043554],[-77.432179999,-0.521355542],[-77.436778076,-0.515033706],[-77.439885619,-0.512378753],[-77.450079531,-0.512484481],[-77.453692855,-0.511110344],[-77.455623382,-0.511765093],[-77.461158866,-0.508171507],[-77.461779572,-0.505816597],[-77.466562446,-0.503631681],[-77.473866408,-0.501876732],[-77.480460995,-0.496635641],[-77.482910606,-0.497306475],[-77.485528857,-0.496362923],[-77.487720436,-0.497322909],[-77.491400148,-0.492607378],[-77.494586527,-0.491624125],[-77.498746644,-0.491930505],[-77.501614207,-0.489239274],[-77.50460563,-0.489191185],[-77.512093007,-0.486293983],[-77.516190694,-0.482714212],[-77.518352381,-0.477414261],[-77.525354767,-0.477129504],[-77.528460014,-0.476203961],[-77.534932038,-0.467517672],[-77.535051692,-0.464425905],[-77.536477121,-0.461773941],[-77.542320461,-0.460248518],[-77.543007394,-0.457591541],[-77.547236852,-0.452716398],[-77.554356418,-0.45314539],[-77.561944675,-0.455475271],[-77.565668545,-0.458424312],[-77.569341232,-0.459102043],[-77.571266095,-0.460545141],[-77.571093443,-0.462930205],[-77.570965845,-0.465392398],[-77.568224581,-0.469310948],[-77.568850803,-0.471085187],[-77.566222198,-0.476213066],[-77.567399244,-0.481434602],[-77.567405798,-0.485591141],[-77.563655334,-0.486884923],[-77.561650858,-0.489282885],[-77.562143697,-0.490955744],[-77.559688651,-0.494404807],[-77.563526675,-0.497934127],[-77.565686044,-0.497161082],[-77.567806095,-0.498985821],[-77.572584757,-0.500374219],[-77.575688979,-0.500498911],[-77.581253261,-0.503395859],[-77.582598797,-0.506212221],[-77.586648568,-0.507208402],[-77.595195187,-0.514904321],[-77.599500801,-0.516620317],[-77.601678452,-0.519140538],[-77.608440083,-0.519906225],[-77.615280481,-0.525594464],[-77.618251246,-0.529783817],[-77.619598695,-0.533844069],[-77.626603641,-0.540938014],[-77.628216531,-0.542413156],[-77.628653935,-0.545531832],[-77.626954633,-0.549282538],[-77.624152463,-0.551407679],[-77.623281074,-0.556021475],[-77.620722105,-0.560383374],[-77.617801223,-0.562532292],[-77.613043286,-0.564379032],[-77.605292848,-0.560047821],[-77.596955706,-0.565386271],[-77.593974481,-0.569327208],[-77.592835011,-0.573563134],[-77.590484932,-0.57386997],[-77.589834192,-0.578471765],[-77.590725361,-0.584615726],[-77.589109142,-0.588160758],[-77.587012138,-0.589444994],[-77.588144127,-0.595301571],[-77.586045941,-0.597888894],[-77.581125527,-0.601536937],[-77.580734529,-0.608079091],[-77.576364106,-0.612771608],[-77.569053471,-0.609625818],[-77.564008366,-0.612112645],[-77.558939918,-0.615950241],[-77.558071905,-0.618530254],[-77.552841521,-0.620261523],[-77.547530866,-0.620310521],[-77.541791112,-0.619021335],[-77.538654822,-0.620823274],[-77.537775241,-0.622937288],[-77.533630832,-0.624360093],[-77.532004772,-0.626044498],[-77.532755924,-0.630035639],[-77.534256759,-0.631560562],[-77.532670639,-0.639131355],[-77.531422511,-0.642153041],[-77.528373629,-0.644389767],[-77.526365707,-0.647922257],[-77.522742498,-0.650292938],[-77.527900758,-0.654700231],[-77.52644181,-0.658065074],[-77.527315577,-0.662563904],[-77.524710026,-0.667662493],[-77.524673382,-0.670449793],[-77.520577711,-0.675177061],[-77.518329779,-0.681689303],[-77.511038044,-0.689995054],[-77.503997569,-0.694308399],[-77.496950711,-0.701994745],[-77.499578237,-0.705212362],[-77.499917133,-0.7071594],[-77.505345352,-0.715234543],[-77.510484358,-0.719709825],[-77.511341038,-0.724264978],[-77.514094899,-0.728440286],[-77.521002836,-0.7329579],[-77.52255476,-0.735914771],[-77.527805147,-0.74052608],[-77.528563085,-0.743138385],[-77.523771347,-0.744436177],[-77.527547623,-0.752227819],[-77.530155286,-0.755958494],[-77.530104187,-0.757535425],[-77.53428742,-0.762233898],[-77.536689292,-0.768388471],[-77.535088975,-0.771965237],[-77.537744822,-0.775139309],[-77.536147262,-0.778213108],[-77.53718435,-0.781324927],[-77.53581517,-0.783746607],[-77.539857962,-0.785964928],[-77.540211346,-0.789183715],[-77.542189799,-0.790561657],[-77.542050787,-0.795034465],[-77.534706864,-0.800376914],[-77.534770702,-0.803113276],[-77.529702738,-0.810430219],[-77.52809886,-0.814201855],[-77.528204001,-0.817332039],[-77.524737626,-0.820712699],[-77.528424381,-0.822627555],[-77.528049025,-0.824785786],[-77.530354844,-0.829038471],[-77.530249367,-0.834167207],[-77.528210327,-0.835774536],[-77.529928023,-0.838029224],[-77.529676089,-0.841093342],[-77.533452273,-0.842713126],[-77.53668241,-0.845812643],[-77.534991536,-0.849431009],[-77.534009462,-0.854323056],[-77.536249486,-0.857731135],[-77.535624921,-0.865932064],[-77.536357972,-0.868985156],[-77.534815369,-0.873300763],[-77.536445325,-0.875296862],[-77.54115532,-0.875142118],[-77.542017253,-0.877471971],[-77.545959483,-0.877952324],[-77.548060514,-0.88222224],[-77.550600271,-0.882320191],[-77.55178588,-0.893635138],[-77.551041073,-0.899397678],[-77.552041175,-0.902361494],[-77.556812384,-0.90231826],[-77.560111039,-0.903193546],[-77.564939256,-0.906935231],[-77.569990908,-0.907865972],[-77.571069942,-0.908954205],[-77.577127467,-0.910566915],[-77.577494684,-0.912582785],[-77.581096929,-0.913809651],[-77.583498124,-0.911867808],[-77.587363514,-0.911901817],[-77.588855941,-0.914026202],[-77.588193166,-0.919618254],[-77.590118169,-0.920059175],[-77.591288294,-0.924193267],[-77.590842887,-0.928225581],[-77.588665058,-0.929123133],[-77.5838135,-0.933375901],[-77.578205731,-0.93530957],[-77.575161776,-0.931390041],[-77.573856008,-0.931020225],[-77.568390037,-0.93260624],[-77.567253785,-0.942756682],[-77.564644361,-0.943417158],[-77.556734194,-0.939399834],[-77.552610909,-0.940707522],[-77.543994098,-0.940896416],[-77.536968193,-0.942668996],[-77.533461902,-0.948322719],[-77.531068724,-0.950010771],[-77.527911141,-0.950592965],[-77.52137709,-0.947548903],[-77.519005494,-0.947859504],[-77.515592804,-0.950790601],[-77.511736058,-0.94443949],[-77.507970902,-0.946202563],[-77.506586065,-0.942466696],[-77.500760773,-0.942908793],[-77.49861532,-0.945070008],[-77.495648357,-0.940290856],[-77.493095979,-0.941061198],[-77.489570225,-0.939435324],[-77.484285151,-0.933810492],[-77.480002341,-0.931513833],[-77.477573614,-0.929242108],[-77.475336702,-0.928855675],[-77.473712241,-0.926039648],[-77.471297351,-0.925424242],[-77.469543579,-0.921317621],[-77.470189261,-0.919020037],[-77.468856459,-0.916400499],[-77.462104681,-0.912667642],[-77.458307522,-0.91610187],[-77.454683248,-0.917524106],[-77.454022026,-0.914119377],[-77.454561164,-0.910360337],[-77.456520673,-0.904542279],[-77.454478662,-0.901484059],[-77.450949429,-0.898932807],[-77.445867449,-0.897912921],[-77.44524614,-0.896381356],[-77.441477884,-0.895607414],[-77.437847305,-0.897773175],[-77.432447931,-0.899105765],[-77.43188201,-0.901161744],[-77.426382245,-0.902272489],[-77.423950888,-0.897467081],[-77.420865777,-0.897183085],[-77.422479387,-0.891599977],[-77.420234577,-0.890206386],[-77.416282398,-0.89125179],[-77.413864169,-0.890538437],[-77.411625011,-0.893133611],[-77.408717822,-0.893465214],[-77.402696672,-0.892018219],[-77.401081787,-0.89307544],[-77.400296484,-0.896209053],[-77.396957207,-0.895750876],[-77.393858518,-0.893916877],[-77.392319218,-0.889513871],[-77.39003774,-0.888819771],[-77.387580768,-0.890923476],[-77.384373251,-0.891688599],[-77.383360448,-0.888658381],[-77.378671342,-0.888189338],[-77.380312072,-0.883936694],[-77.379434674,-0.882229159],[-77.373018689,-0.882880298],[-77.37203305,-0.879240495],[-77.365590509,-0.879927923],[-77.36529724,-0.878886065],[-77.369703211,-0.875595565],[-77.369229146,-0.873018878],[-77.36608683,-0.869247051],[-77.363814756,-0.870697309],[-77.360821253,-0.870149727],[-77.35673378,-0.873979456],[-77.352267205,-0.871284243],[-77.353992037,-0.868312233],[-77.354082678,-0.864857027],[-77.350451666,-0.863930446],[-77.351993522,-0.861680651],[-77.345991469,-0.860581215],[-77.34261592,-0.861836296],[-77.337022868,-0.858630412],[-77.335554268,-0.860735953],[-77.331313207,-0.858567562],[-77.333125861,-0.854004249],[-77.328394565,-0.850789117],[-77.325461213,-0.851008462],[-77.324340355,-0.84679352],[-77.321207798,-0.846890855],[-77.319661411,-0.848494649],[-77.314653617,-0.842876195],[-77.310954021,-0.84036445],[-77.308670325,-0.839986044],[-77.304506587,-0.845283928],[-77.302635741,-0.843727054],[-77.299198538,-0.846110117],[-77.299238511,-0.84148435],[-77.295626853,-0.843928154],[-77.294389379,-0.842626302],[-77.294243692,-0.838588011],[-77.288303532,-0.837930219],[-77.286244987,-0.835395027],[-77.284050186,-0.837704005],[-77.280720883,-0.8389943],[-77.277497254,-0.837704902],[-77.275129048,-0.83519452],[-77.274061636,-0.83097271],[-77.271782435,-0.828437357],[-77.266724723,-0.828249825],[-77.26256283,-0.825508484],[-77.260444619,-0.822120581],[-77.264179596,-0.820812736],[-77.262441245,-0.818471421],[-77.259883957,-0.810006075],[-77.255766478,-0.809289237],[-77.25738132,-0.806592781],[-77.254770523,-0.804691404],[-77.2546796,-0.799001618],[-77.252991055,-0.796660414],[-77.252937179,-0.793256583],[-77.248701216,-0.793722076],[-77.246119613,-0.791032539],[-77.243688067,-0.791671659],[-77.242501225,-0.789510095],[-77.237807371,-0.788649512],[-77.236471361,-0.786136709],[-77.237640855,-0.783823241],[-77.235447441,-0.780886894],[-77.23010652,-0.779280543],[-77.226512895,-0.775326644],[-77.220417266,-0.772636456],[-77.214163309,-0.771947729],[-77.211314968,-0.773139424],[-77.207609397,-0.772429095],[-77.204417726,-0.770166715],[-77.20277884,-0.766740164],[-77.199432882,-0.767248303],[-77.200467464,-0.761760517],[-77.196265805,-0.758623118],[-77.191919393,-0.758241889],[-77.193297849,-0.755601481],[-77.189876613,-0.755426489],[-77.190121708,-0.751882254],[-77.18828439,-0.747419031],[-77.183789991,-0.742609581],[-77.183982896,-0.738998446],[-77.182153317,-0.736541562],[-77.177283423,-0.734198803],[-77.175509594,-0.734549563],[-77.174060996,-0.730499975],[-77.170660873,-0.725099293],[-77.168922454,-0.718613342],[-77.165996005,-0.714180426],[-77.164576837,-0.708888986],[-77.162751408,-0.70713201],[-77.155324821,-0.707734844],[-77.151626468,-0.704328371],[-77.146235545,-0.696299118],[-77.141882875,-0.69522079],[-77.139237079,-0.695791802],[-77.132607475,-0.693971233],[-77.129902143,-0.694852664],[-77.126339851,-0.699256071],[-77.123197471,-0.697892149],[-77.122776824,-0.694805589],[-77.118256409,-0.696277769],[-77.113434586,-0.700443611],[-77.113077184,-0.70230613],[-77.115469015,-0.707508516],[-77.115821113,-0.712016608],[-77.119490607,-0.724743104],[-77.122476267,-0.728996775],[-77.124977761,-0.730694611],[-77.131309915,-0.733446635],[-77.135177141,-0.73848925],[-77.136766688,-0.743993275],[-77.140520645,-0.748696772],[-77.148090752,-0.752142674],[-77.149524065,-0.760926287],[-77.153257627,-0.764547982],[-77.158276032,-0.764086782],[-77.164541379,-0.762157844],[-77.169309771,-0.76277116],[-77.179483019,-0.768763256],[-77.185780427,-0.770990174],[-77.187090132,-0.778944851],[-77.188863874,-0.785323606],[-77.195118948,-0.795002609],[-77.201593484,-0.798233062],[-77.205721564,-0.798738486],[-77.207141807,-0.802430027],[-77.204823449,-0.807766126],[-77.203607977,-0.813533166],[-77.201012502,-0.820786891],[-77.198104408,-0.824873161],[-77.19642995,-0.829132564],[-77.192373531,-0.834343417],[-77.190988826,-0.83948917],[-77.192189013,-0.844792707],[-77.19166025,-0.846860582],[-77.19337471,-0.850325537],[-77.19676915,-0.853701419],[-77.194419225,-0.854630573],[-77.19332932,-0.85786345],[-77.189217014,-0.855838703],[-77.18369347,-0.855704191],[-77.17726253,-0.856644144],[-77.176472528,-0.859880714],[-77.173598417,-0.863189564],[-77.17221026,-0.868995775],[-77.17096167,-0.868610446],[-77.163463893,-0.874216451],[-77.161312912,-0.873676968],[-77.160092522,-0.871153115],[-77.155192938,-0.869135219],[-77.150583578,-0.868304205],[-77.149259901,-0.871165681],[-77.145957018,-0.874081009],[-77.143913605,-0.87448116],[-77.144066664,-0.894684361],[-77.138932476,-0.899954274],[-77.135956313,-0.901899295],[-77.132178262,-0.902141292],[-77.127300405,-0.900529171],[-77.122055161,-0.901358692],[-77.119870825,-0.900275317],[-77.116230958,-0.90159663],[-77.11590593,-0.903806008],[-77.112014776,-0.906890312],[-77.107983777,-0.906273632],[-77.106571754,-0.908133227],[-77.100623403,-0.910477202],[-77.095691637,-0.910732342],[-77.09274441,-0.912966517],[-77.090883917,-0.910652498],[-77.084117406,-0.910642945],[-77.081762539,-0.911379493],[-77.077438501,-0.90966724],[-77.068353111,-0.911106609],[-77.064536344,-0.910721168],[-77.059920056,-0.908523695],[-77.056453848,-0.908666031],[-77.053732267,-0.909966197],[-77.051627997,-0.909074806],[-77.050558451,-0.911546688],[-77.04312549,-0.914057351],[-77.040769854,-0.91591094],[-77.035878851,-0.917064914],[-77.031651103,-0.916236334],[-77.028132348,-0.918947538],[-77.025748596,-0.919345013],[-77.024430335,-0.922377915],[-77.032392042,-0.924296791],[-77.036661594,-0.92358806],[-77.03922728,-0.928492749],[-77.041992563,-0.929276754],[-77.04244723,-0.932140508],[-77.045811174,-0.932196854],[-77.048116748,-0.934647204],[-77.052510481,-0.936689194],[-77.052702781,-0.940792087],[-77.055465675,-0.943737328],[-77.055369924,-0.946593339],[-77.061169694,-0.947278199],[-77.064178237,-0.949101367],[-77.071714789,-0.951391103],[-77.071715206,-0.968973245],[-77.07253229,-0.970713017],[-77.068584147,-0.975495526],[-77.05884938,-0.978339184],[-77.058093297,-0.982814247],[-77.056360308,-0.983037912],[-77.053373456,-0.986031363],[-77.049810877,-0.986865904],[-77.038790057,-0.986342331],[-77.036949663,-0.988979836],[-77.034122225,-0.987618258],[-77.032613225,-0.990539705],[-77.036418065,-0.991961218],[-77.040324735,-0.992151908],[-77.051398295,-0.995834198],[-77.05245057,-0.995686796],[-77.054090643,-1.002476701],[-77.05996454,-1.008314181],[-77.062280008,-1.004202254],[-77.067746276,-1.005274074],[-77.069960643,-1.008020437],[-77.075282915,-1.008885131],[-77.076528426,-1.010863886],[-77.079198104,-1.011171282],[-77.087160991,-1.01431684],[-77.087580862,-1.012835958],[-77.091695544,-1.014075164],[-77.092386694,-1.011765638],[-77.09616254,-1.011116689],[-77.098030606,-1.014184494],[-77.100240217,-1.011641534],[-77.105422446,-1.007913176],[-77.108288607,-1.007671704],[-77.113959459,-1.010841263],[-77.115652511,-1.012553139],[-77.119339072,-1.0118845],[-77.122848149,-1.014363203],[-77.127828803,-1.01201638],[-77.13013745,-1.014058325],[-77.134471334,-1.014983443],[-77.136740651,-1.018953764],[-77.140666347,-1.018647645],[-77.143156957,-1.020272631],[-77.145844222,-1.018476532],[-77.148969982,-1.018591298],[-77.152073986,-1.020567468],[-77.155750805,-1.021663677],[-77.1622895,-1.019636777],[-77.163180389,-1.018218569],[-77.166419277,-1.018017072],[-77.167531375,-1.019750745],[-77.170608079,-1.019644715],[-77.173113272,-1.016919219],[-77.176242662,-1.020897787],[-77.182392038,-1.022148179],[-77.184119354,-1.019530584],[-77.188278714,-1.023796662],[-77.193179126,-1.021146582],[-77.196604789,-1.022726099],[-77.198626754,-1.025273389],[-77.202567666,-1.024741044],[-77.205139922,-1.026004706],[-77.207112452,-1.023524225],[-77.211730262,-1.025509148],[-77.215192154,-1.022627952],[-77.217296999,-1.025255269],[-77.224886368,-1.024306851],[-77.22923369,-1.025833755],[-77.230787215,-1.027810927],[-77.23006362,-1.030569388],[-77.230366617,-1.037006489],[-77.232369327,-1.038187151],[-77.230648086,-1.041605772],[-77.232952129,-1.043944451],[-77.232812552,-1.047701489],[-77.236474691,-1.052430414],[-77.241192336,-1.053315096],[-77.243155583,-1.056054081],[-77.246042324,-1.057415988],[-77.248053508,-1.055327554],[-77.258582756,-1.053752819],[-77.260111022,-1.052259887],[-77.267793522,-1.057018111],[-77.273469937,-1.056576245],[-77.278223215,-1.058070954],[-77.285064975,-1.059116249],[-77.290629961,-1.058204224],[-77.294748312,-1.060292831],[-77.297717048,-1.060009561],[-77.304809606,-1.06546789],[-77.309836769,-1.064959854],[-77.314227548,-1.068568775],[-77.320191552,-1.072342528],[-77.332104229,-1.069274544],[-77.334628802,-1.067582363],[-77.337827893,-1.069424649],[-77.339035316,-1.067944918],[-77.342063039,-1.069421217],[-77.346128394,-1.069953961],[-77.349361738,-1.068915889],[-77.350818727,-1.070160878],[-77.351292878,-1.074827125],[-77.351291725,-1.102714349],[-77.353123795,-1.100851362],[-77.356694652,-1.099270312],[-77.361650732,-1.10169175],[-77.363945075,-1.099656907],[-77.360422139,-1.098421726],[-77.366281105,-1.094565977],[-77.369932193,-1.097951848],[-77.3700353,-1.094907628],[-77.371876091,-1.091979282],[-77.373870958,-1.090961405],[-77.378430531,-1.091736358],[-77.383669195,-1.094762419],[-77.387357829,-1.09010786],[-77.389849635,-1.089193306],[-77.389832427,-1.085973705],[-77.392701625,-1.083610387],[-77.395007249,-1.086626501],[-77.398015796,-1.08775726],[-77.401491956,-1.090371077],[-77.402883794,-1.089743618],[-77.400459239,-1.08544065],[-77.400411901,-1.08273355],[-77.402848713,-1.079760174],[-77.404996486,-1.078871457],[-77.413241645,-1.084040582],[-77.417644214,-1.084257863],[-77.42027476,-1.082645393],[-77.423918013,-1.083219241],[-77.42709618,-1.082181658],[-77.427926227,-1.080232551],[-77.432402367,-1.081023266],[-77.432788255,-1.083397891],[-77.436002469,-1.0850472],[-77.441419021,-1.077831312],[-77.445692325,-1.077090912],[-77.449085071,-1.078313379],[-77.452177027,-1.082661365],[-77.446553896,-1.082183575],[-77.447373451,-1.084329272],[-77.450495564,-1.084554115],[-77.450216998,-1.087718485],[-77.447812462,-1.091257498],[-77.444428635,-1.092246834],[-77.445614611,-1.094404809],[-77.449703072,-1.095929864],[-77.454374566,-1.095470227],[-77.454227199,-1.098667326],[-77.456170121,-1.100348086],[-77.458193232,-1.099026653],[-77.460586128,-1.101450951],[-77.463673787,-1.102058455],[-77.466579912,-1.101171499],[-77.471914142,-1.102182254],[-77.474375017,-1.101612615],[-77.478237222,-1.10333293],[-77.480417659,-1.105614837],[-77.484617967,-1.104959246],[-77.485308374,-1.106955819],[-77.489986789,-1.11171087],[-77.493008394,-1.112845141],[-77.49721166,-1.112173967],[-77.498369371,-1.115033615],[-77.501240351,-1.114808013],[-77.501469779,-1.118679758],[-77.51118658,-1.120548613],[-77.514512703,-1.119630936],[-77.515855164,-1.120764592],[-77.521436831,-1.122152391],[-77.524961791,-1.125375767],[-77.527121245,-1.126073066],[-77.529882091,-1.129155738],[-77.53525938,-1.133461222],[-77.537228151,-1.133669753],[-77.540342814,-1.138734861],[-77.543200846,-1.141798745],[-77.54211551,-1.144322751],[-77.549437594,-1.147409958],[-77.5495517,-1.150295046],[-77.551244538,-1.151400297],[-77.554013491,-1.150557258],[-77.554993801,-1.155139209],[-77.561242099,-1.158309609],[-77.564004981,-1.157547742],[-77.565207847,-1.155754587],[-77.568463006,-1.154758333],[-77.567663701,-1.152709843],[-77.571477846,-1.149836957],[-77.575469605,-1.145875285],[-77.580567422,-1.144417979],[-77.58137649,-1.137199013],[-77.582920666,-1.136776103],[-77.595830323,-1.124193454],[-77.597817854,-1.127780525],[-77.601301046,-1.129656136],[-77.601523896,-1.13306702],[-77.603966333,-1.134499807],[-77.60273386,-1.136766166],[-77.610804651,-1.138216144],[-77.612391199,-1.140755237],[-77.614016816,-1.147897016],[-77.617531591,-1.146903801],[-77.621991977,-1.14426645],[-77.628410048,-1.142731282],[-77.636728159,-1.146482176],[-77.639152421,-1.146534824],[-77.640520977,-1.13950868],[-77.642976056,-1.137465858],[-77.645157986,-1.133998462],[-77.6488364,-1.134764044],[-77.651929943,-1.13264803],[-77.655419185,-1.132250626],[-77.659072991,-1.135348301],[-77.659375665,-1.137088073],[-77.66240202,-1.139686079],[-77.664110326,-1.146281078],[-77.670398693,-1.149219792],[-77.671224073,-1.1448282],[-77.67390364,-1.144597853],[-77.675246382,-1.142347374],[-77.678842299,-1.142019289],[-77.685283463,-1.139303496],[-77.689297349,-1.140385461],[-77.690538998,-1.142321968],[-77.693916313,-1.142457594],[-77.69531202,-1.144856287],[-77.69959537,-1.147796179],[-77.702649142,-1.155234557],[-77.704543597,-1.156363468],[-77.704938724,-1.16041498],[-77.709756791,-1.162990699],[-77.713531407,-1.170367713],[-77.713798132,-1.173511811],[-77.71660489,-1.174532784],[-77.721324656,-1.179968079],[-77.724923351,-1.178082127],[-77.730159045,-1.17728795],[-77.731752988,-1.171851837],[-77.730266457,-1.167502188],[-77.731977281,-1.166185278],[-77.731532196,-1.163830484],[-77.727905032,-1.160842924],[-77.729116254,-1.159575159],[-77.732508818,-1.159974853],[-77.740966555,-1.162058108],[-77.741447828,-1.164143977],[-77.745335768,-1.16656231],[-77.750030227,-1.171712262],[-77.753203929,-1.173845916],[-77.754341625,-1.178247218],[-77.767199875,-1.178173061],[-77.771326744,-1.182055306],[-77.77528013,-1.183241365],[-77.778021108,-1.182527485],[-77.78070386,-1.183254094],[-77.786633126,-1.192220914],[-77.79085012,-1.192250019],[-77.79600498,-1.194823372],[-77.798364454,-1.19758424],[-77.802460677,-1.19856585],[-77.806388814,-1.202975253],[-77.812541245,-1.204775993],[-77.815777873,-1.20501241],[-77.820717058,-1.203508527],[-77.822053186,-1.204409354],[-77.825115945,-1.2031522],[-77.829383088,-1.211231986],[-77.829859048,-1.214885612],[-77.832080555,-1.218178334],[-77.84127392,-1.218178291],[-77.843906977,-1.211662388],[-77.845612849,-1.210237135],[-77.849754772,-1.210163207],[-77.850467351,-1.207043175],[-77.874779944,-1.205758831],[-77.874381781,-1.203888611],[-77.877065158,-1.200243248],[-77.879043333,-1.199970834],[-77.879611058,-1.203898235],[-77.882314764,-1.20706291],[-77.882532262,-1.209621297],[-77.884540536,-1.214703812],[-77.888776858,-1.22110972],[-77.888989486,-1.229694716],[-77.884807724,-1.232162175],[-77.883190288,-1.234395106],[-77.880961351,-1.242687711],[-77.888310984,-1.24488961],[-77.894596826,-1.242618379],[-77.898592567,-1.244331603],[-77.90408024,-1.241702416],[-77.904291536,-1.239713978],[-77.908856774,-1.236269894],[-77.912062822,-1.236907386],[-77.916092206,-1.234122937],[-77.915530342,-1.231524966],[-77.918175396,-1.22965777],[-77.91876754,-1.226893524],[-77.924631562,-1.224767474],[-77.926933934,-1.226437451],[-77.928859306,-1.224909882],[-77.932661567,-1.224809095],[-77.936229803,-1.228426924],[-77.944203513,-1.223565133],[-77.944878653,-1.221361312],[-77.943666491,-1.215907563],[-77.941619736,-1.215433611],[-77.943160311,-1.209859435],[-77.946257307,-1.205464716],[-77.950831425,-1.205374265],[-77.953789259,-1.206596972],[-77.958279181,-1.210428512],[-77.963569386,-1.211610767],[-77.966154618,-1.216804301],[-77.966950322,-1.224135442],[-77.970536707,-1.22486709],[-77.972293383,-1.223752686],[-77.975221833,-1.2261019],[-77.979958287,-1.223285397],[-77.98305553,-1.223030741],[-77.98773793,-1.22397309],[-77.989192386,-1.225234496],[-77.993245117,-1.223986785],[-77.999210677,-1.223850685],[-78.000138307,-1.222485227],[-78.004683388,-1.220967607],[-78.008614798,-1.224042589],[-78.011055849,-1.222868614],[-78.015408199,-1.22457174],[-78.018773976,-1.229627265],[-78.019032748,-1.233462522],[-78.026865832,-1.238152638],[-78.034469961,-1.239829401],[-78.035530131,-1.241324339],[-78.041584608,-1.243229136],[-78.0439822,-1.243310729],[-78.044158062,-1.246415068],[-78.046697118,-1.246044083],[-78.051877168,-1.24861594],[-78.059082592,-1.243794677],[-78.065525615,-1.242002652],[-78.069466371,-1.239453383],[-78.071430936,-1.2356635],[-78.073011035,-1.237497995],[-78.075288757,-1.237438091],[-78.082747722,-1.22978229],[-78.085812088,-1.232395747],[-78.088234954,-1.229392117],[-78.090624889,-1.229603372],[-78.091679783,-1.232676798],[-78.094820134,-1.230565745],[-78.094707336,-1.226870793],[-78.097068704,-1.225850878],[-78.100842879,-1.227500741],[-78.10402384,-1.230759372],[-78.110704097,-1.233472831],[-78.115649216,-1.230500209],[-78.119449555,-1.22704902],[-78.120279585,-1.225302517],[-78.123757076,-1.22306939],[-78.121813514,-1.220588646],[-78.11967327,-1.213410865],[-78.118610575,-1.211597467],[-78.118249589,-1.207056817],[-78.116424648,-1.202232971],[-78.117480704,-1.201299708],[-78.115095978,-1.194478866],[-78.116867843,-1.188606052],[-78.123919799,-1.192379557],[-78.129661942,-1.191371942],[-78.132804229,-1.18464289],[-78.135181961,-1.182235488],[-78.14040341,-1.183086959],[-78.142077119,-1.184795985],[-78.14771155,-1.184543629],[-78.149738861,-1.181055185],[-78.153398222,-1.179672303],[-78.155550774,-1.182041305],[-78.158753136,-1.183378778],[-78.162363738,-1.183258179],[-78.165814488,-1.184426378],[-78.16949474,-1.187664635],[-78.177543014,-1.187070433],[-78.180359179,-1.183372294],[-78.182926146,-1.181806521],[-78.188073178,-1.182753249],[-78.189703626,-1.178887015],[-78.187046304,-1.175804882],[-78.187591655,-1.172037436],[-78.186282185,-1.170305128],[-78.187144243,-1.163334246],[-78.189433159,-1.161822691],[-78.190014326,-1.158719329],[-78.193211127,-1.158300367],[-78.194909512,-1.15653847],[-78.198213217,-1.157236705],[-78.20344959,-1.152821065],[-78.207953423,-1.14597684],[-78.212033719,-1.146829945],[-78.215255603,-1.145054036],[-78.219139115,-1.141629243],[-78.222440258,-1.141051699],[-78.226480721,-1.142105232],[-78.229301596,-1.138959767],[-78.233172645,-1.144283575],[-78.237803272,-1.146326834],[-78.243074507,-1.150586566],[-78.246075999,-1.154179545],[-78.248184542,-1.155085394],[-78.250926533,-1.153965584],[-78.254683674,-1.155263876],[-78.257508161,-1.153886295],[-78.261144613,-1.154806386],[-78.264422174,-1.156872593],[-78.265698325,-1.148331046],[-78.264600204,-1.144002241],[-78.264641262,-1.140779185],[-78.26662296,-1.139172247],[-78.269854565,-1.139225221],[-78.274586345,-1.144322723],[-78.277828862,-1.143604747],[-78.279258962,-1.142012579],[-78.283070114,-1.140966612],[-78.286099233,-1.142907021],[-78.292022633,-1.142086887],[-78.299291485,-1.143695461],[-78.302846899,-1.146517632],[-78.309689664,-1.144166038],[-78.310797124,-1.142889262],[-78.317742755,-1.149763153],[-78.320047135,-1.156836284],[-78.321572448,-1.159861762],[-78.322594366,-1.164477627],[-78.325658124,-1.162873318],[-78.329821654,-1.163583068],[-78.331165251,-1.164901873],[-78.334565598,-1.164205597],[-78.339851327,-1.165238643],[-78.340574375,-1.173351661],[-78.343301195,-1.174004074],[-78.346596344,-1.172117188],[-78.350301648,-1.173824567],[-78.352553869,-1.169870492],[-78.351180788,-1.168457053],[-78.353279509,-1.16557002],[-78.353426122,-1.162478942],[-78.356419368,-1.162606108],[-78.358750536,-1.161304501],[-78.354821353,-1.155963647],[-78.352042771,-1.154928044],[-78.351669348,-1.152839365],[-78.347481193,-1.150111503],[-78.346593796,-1.14154883],[-78.340254948,-1.138871319],[-78.337979288,-1.13516379],[-78.339195691,-1.129870872],[-78.337592738,-1.116095088],[-78.334105539,-1.110059494],[-78.338905421,-1.107171014],[-78.340708727,-1.104083573],[-78.340097976,-1.100607947],[-78.342641528,-1.098493075],[-78.342444631,-1.094273825],[-78.338431977,-1.089172275],[-78.337875318,-1.087342538],[-78.332270869,-1.085137693],[-78.332569784,-1.082890273],[-78.335714902,-1.080341689],[-78.33566858,-1.076243197],[-78.332978796,-1.072817697],[-78.333172029,-1.065045604],[-78.330386973,-1.064708414],[-78.329812674,-1.062646009],[-78.333361006,-1.060756033],[-78.333071237,-1.056973407],[-78.331247746,-1.05403984],[-78.329233956,-1.05324424],[-78.327738499,-1.046313408],[-78.326273963,-1.043977842],[-78.329969297,-1.042390091],[-78.330450362,-1.037152713],[-78.331908745,-1.035038169],[-78.334673637,-1.036880022],[-78.336488305,-1.03326241],[-78.343045175,-1.028067479],[-78.344470538,-1.028032805],[-78.345714377,-1.023428431],[-78.349387747,-1.019615154],[-78.350908654,-1.0160368],[-78.350222279,-1.009991303],[-78.353640456,-1.008813427],[-78.354850737,-1.005979464],[-78.358672647,-1.004776017],[-78.360450332,-0.999325027],[-78.362843531,-0.998817046],[-78.36623774,-1.000313875],[-78.370835432,-1.000549598],[-78.372248267,-1.004775498],[-78.374121122,-1.005774801],[-78.378450482,-1.005140151],[-78.387159002,-0.999258735],[-78.390568442,-0.999760761],[-78.395500402,-0.994542599],[-78.392105826,-0.985938619],[-78.392100181,-0.982837801],[-78.394266422,-0.978000096],[-78.393569143,-0.972952638],[-78.395397684,-0.967277252],[-78.395998407,-0.962822268],[-78.40149524,-0.963902932],[-78.40720426,-0.960418527],[-78.407287446,-0.959119386],[-78.410727691,-0.95246186],[-78.413452778,-0.949338889],[-78.418548776,-0.950611928],[-78.419866371,-0.951808583],[-78.424047527,-0.948511978],[-78.429490289,-0.945658213],[-78.429923094,-0.937880366],[-78.426663496,-0.935445736],[-78.424351375,-0.930118338],[-78.421251227,-0.926717285],[-78.415950727,-0.925101605],[-78.415607224,-0.921070914],[-78.409324807,-0.913239976],[-78.410813777,-0.911245489],[-78.414830006,-0.908623947],[-78.418584887,-0.907191418],[-78.418215647,-0.902754215],[-78.421692896,-0.897998712],[-78.421035225,-0.895768332],[-78.422701203,-0.892507359],[-78.424133393,-0.886671168],[-78.426488042,-0.884664545],[-78.427326164,-0.882156572],[-78.427067181,-0.877768442],[-78.424124748,-0.87551307],[-78.420268234,-0.877759292],[-78.417048895,-0.877435571],[-78.413287766,-0.874802509],[-78.40838947,-0.874424807],[-78.404327284,-0.872771137],[-78.40231642,-0.869247077],[-78.401560712,-0.862684851],[-78.3990746,-0.857565788],[-78.400483064,-0.854391119],[-78.400982186,-0.846911504],[-78.396874056,-0.837410554],[-78.393152175,-0.83294116],[-78.393667821,-0.829077202],[-78.393015032,-0.824705518],[-78.389948978,-0.819920956],[-78.390902187,-0.815268168],[-78.389037394,-0.811608311],[-78.389142579,-0.808650588],[-78.388798788,-0.803867972],[-78.390339781,-0.800579424],[-78.393827117,-0.798537116],[-78.393527838,-0.792047127],[-78.395208102,-0.783903367],[-78.39337536,-0.781938634],[-78.395913616,-0.776631347],[-78.397408252,-0.772002749],[-78.397592879,-0.765249876],[-78.395588716,-0.761636621],[-78.391789987,-0.75840841],[-78.393111232,-0.753138599],[-78.392906892,-0.747520485],[-78.394910804,-0.743139663],[-78.399016782,-0.739130716],[-78.401806158,-0.732006308],[-78.407390691,-0.728273152],[-78.41109588,-0.724122226],[-78.410707332,-0.721249145],[-78.40714412,-0.719082504],[-78.407896038,-0.717452949],[-78.404105716,-0.715982511],[-78.402247112,-0.711042728],[-78.399165394,-0.710739792],[-78.39951139,-0.707445854],[-78.395744158,-0.700721447],[-78.39723896,-0.697718905],[-78.396580901,-0.694153405],[-78.395021595,-0.692830645],[-78.397375938,-0.690294194],[-78.39553088,-0.687250769],[-78.396176196,-0.683489872],[-78.395074719,-0.676671312],[-78.380312844,-0.674738786],[-78.377284104,-0.674916486],[-78.368904218,-0.673600398],[-78.3645072,-0.67592655],[-78.361736336,-0.674974387],[-78.355451083,-0.669900983],[-78.349419683,-0.66616744],[-78.346308092,-0.665962503],[-78.341809027,-0.661847235],[-78.341477397,-0.660125409],[-78.332191164,-0.657741196],[-78.330636923,-0.654751414],[-78.32931272,-0.649157714],[-78.329682052,-0.645343914],[-78.326600267,-0.642020903],[-78.325487053,-0.635431441],[-78.321243833,-0.628087393],[-78.320837404,-0.624972524],[-78.323087505,-0.61843818],[-78.326440905,-0.615721264],[-78.32662862,-0.61363779],[-78.32197807,-0.604912943],[-78.320592854,-0.595325533],[-78.320585133,-0.590609408],[-78.320531548,-0.584237671],[-78.317875176,-0.581172017],[-78.311803033,-0.580790573],[-78.308218187,-0.577494558],[-78.305931556,-0.577400654],[-78.303349555,-0.580209093],[-78.300588171,-0.580451963],[-78.300066021,-0.577865817],[-78.297227973,-0.576636206],[-78.293534422,-0.577408379],[-78.291514471,-0.579076252],[-78.288117472,-0.579046113],[-78.286703521,-0.575552312],[-78.284923102,-0.574109532],[-78.284366988,-0.566815175],[-78.279242472,-0.562288919],[-78.279406838,-0.557401914],[-78.275161105,-0.552893359],[-78.271563046,-0.543307877],[-78.269965003,-0.541794409],[-78.270657843,-0.537183908],[-78.267048178,-0.533751509],[-78.267125232,-0.530056764],[-78.266042993,-0.528405664],[-78.268552836,-0.525301021],[-78.267894913,-0.521427623],[-78.270650098,-0.514830922],[-78.269495239,-0.509517928],[-78.265741904,-0.50959306],[-78.263506173,-0.506229642],[-78.259335368,-0.503676654],[-78.254764299,-0.503069474],[-78.2547982,-0.498904558],[-78.253003636,-0.492362674],[-78.253274927,-0.491064472],[-78.250874481,-0.487097751],[-78.250396058,-0.480367289],[-78.252509771,-0.479159385],[-78.251588737,-0.476016207],[-78.248881891,-0.474150144],[-78.247030769,-0.470515096],[-78.247319306,-0.461429444],[-78.246084862,-0.45989873],[-78.242264027,-0.461347374],[-78.239357142,-0.460887171],[-78.238293654,-0.457304817],[-78.2366054,-0.456045387],[-78.236978684,-0.45366328],[-78.235309567,-0.450282158],[-78.235742012,-0.445391669],[-78.237086419,-0.441091982],[-78.235908964,-0.4359535],[-78.238526592,-0.435018401],[-78.242967498,-0.428339735],[-78.248791877,-0.425709439],[-78.248754,-0.421850619],[-78.255163157,-0.408752342],[-78.253883702,-0.404739432],[-78.25252477,-0.404535209],[-78.248302442,-0.400801707],[-78.245022464,-0.395943388],[-78.243394352,-0.390684091],[-78.243224717,-0.384247639],[-78.240596953,-0.381959147],[-78.233247938,-0.37919392],[-78.229317266,-0.372466934],[-78.225486926,-0.367234229],[-78.223817596,-0.363535521],[-78.218546552,-0.36322011],[-78.215808956,-0.361973626],[-78.214576134,-0.355206082],[-78.210844079,-0.351467649],[-78.206756316,-0.344714136],[-78.207262703,-0.34025024],[-78.203522125,-0.3353588],[-78.202680407,-0.332525216],[-78.199625506,-0.329569056],[-78.19650666,-0.329575171],[-78.194978274,-0.325754103],[-78.192901618,-0.324885373],[-78.193063529,-0.32243843],[-78.191062486,-0.318729422],[-78.194402026,-0.310848409],[-78.193676112,-0.308728166],[-78.19634124,-0.305214529],[-78.19198331,-0.304142366],[-78.191822803,-0.299927407],[-78.192693951,-0.298185131],[-78.192028001,-0.293793362],[-78.190198972,-0.289735701],[-78.187826078,-0.286517177],[-78.188103151,-0.282387921],[-78.191385243,-0.280842943],[-78.190720983,-0.278356426],[-78.191535362,-0.275051416],[-78.189037707,-0.269192482],[-78.185959834,-0.266154489],[-78.185970753,-0.263551016],[-78.18971096,-0.258657788],[-78.190756696,-0.256304358],[-78.187544278,-0.25164284],[-78.189484527,-0.240627354],[-78.185724863,-0.236757328],[-78.186770626,-0.229921431],[-78.19097335,-0.22811175],[-78.187612186,-0.223453057],[-78.185373839,-0.215836167],[-78.185398034,-0.213397489],[-78.187627282,-0.211717389],[-78.190555468,-0.212002941],[-78.192574518,-0.209803701],[-78.192171304,-0.206886754],[-78.189746597,-0.20170354],[-78.189945367,-0.199187032],[-78.189875008,-0.19763182],[-78.183221375,-0.192918453],[-78.18212295,-0.191217866],[-78.177984497,-0.194385585],[-78.174240543,-0.194867209],[-78.170033902,-0.191475333],[-78.167062354,-0.186891242],[-78.16222821,-0.186841407],[-78.158400843,-0.182552719],[-78.158116675,-0.177555998],[-78.155177905,-0.172735917],[-78.149717863,-0.173343543],[-78.143584868,-0.171145144],[-78.140792313,-0.166907917],[-78.13194725,-0.167483105],[-78.130597844,-0.171174227],[-78.130945286,-0.17458763],[-78.12827243,-0.178930474],[-78.124757085,-0.180926068],[-78.120267732,-0.180733522],[-78.11554272,-0.179009723],[-78.112371487,-0.180790306],[-78.108647135,-0.180376312],[-78.106510157,-0.182077216],[-78.105119263,-0.187243975],[-78.101868018,-0.1908921],[-78.098331108,-0.189894704],[-78.093246102,-0.182535558],[-78.090567812,-0.180369178],[-78.087950558,-0.187405593],[-78.084656797,-0.189792071],[-78.082497938,-0.188682988],[-78.07977936,-0.183509149],[-78.077266709,-0.182998524],[-78.073404916,-0.185132433],[-78.070367448,-0.183038152],[-78.070215272,-0.176518898],[-78.06223108,-0.175100752],[-78.061239588,-0.167444277],[-78.057624684,-0.166048178],[-78.055230004,-0.163875476],[-78.054237508,-0.161346214],[-78.057246835,-0.150897136],[-78.059507713,-0.149588234],[-78.057387489,-0.146026003],[-78.049048174,-0.14411244],[-78.040242814,-0.138297814],[-78.033520537,-0.1407893],[-78.027845806,-0.138069146],[-78.018894309,-0.141043386],[-78.014869965,-0.137911635],[-78.014963874,-0.135428787],[-78.012014889,-0.132103643],[-78.009159132,-0.131876827],[-78.009088293,-0.129771327],[-78.002580294,-0.127326836],[-78.000031511,-0.128275592],[-78.000110823,-0.121923151],[-77.999057662,-0.117284281],[-77.995464244,-0.111160034],[-77.990748377,-0.11062238],[-77.988585535,-0.114491634],[-77.985284731,-0.11757495],[-77.982048144,-0.118105097],[-77.977450834,-0.121671761],[-77.975818659,-0.119504818],[-77.972812285,-0.120082752],[-77.9698504,-0.122822593],[-77.967817191,-0.113103386],[-77.966664401,-0.111087562],[-77.962722549,-0.109828858],[-77.961593186,-0.104996737],[-77.959784214,-0.103869137],[-77.958008003,-0.099154583],[-77.954894754,-0.095047831],[-77.94875928,-0.096347639],[-77.945340323,-0.095066104],[-77.943222006,-0.095611744],[-77.94049531,-0.098422761],[-77.935756194,-0.099910927],[-77.933876131,-0.09965909],[-77.933645895,-0.096727492],[-77.930974499,-0.090324934],[-77.932743449,-0.085804816],[-77.93800383,-0.085079775],[-77.939035102,-0.08327609],[-77.938447725,-0.078651248],[-77.936909266,-0.077145226],[-77.936739041,-0.072952281],[-77.934674016,-0.071083917],[-77.938518233,-0.05792821],[-77.943386926,-0.053054304],[-77.941348363,-0.052098862],[-77.937174385,-0.048113639],[-77.935358361,-0.042355132],[-77.924293786,-0.032688449],[-77.922240089,-0.030272194],[-77.919165063,-0.028842713],[-77.916471134,-0.029021014],[-77.913234446,-0.027221047],[-77.908287939,-0.027697179],[-77.904452798,-0.025239177],[-77.895058343,-0.021742038],[-77.888950539,-0.017776832],[-77.887057093,-0.018139814],[-77.880132239,-0.014300313],[-77.87325571,-0.012876147],[-77.870179662,-0.008318178],[-77.866875593,-0.007052605],[-77.864708703,-0.007814882],[-77.863367301,-0.005443992],[-77.858433945,-0.004258881],[-77.852549828,-0.00388029],[-77.849970124,-0.000028626],[-77.844507231,0.004932583],[-77.844648815,0.009942895],[-77.843485049,0.01122938],[-77.84391139,0.015223933],[-77.840070662,0.016904211],[-77.844292763,0.021602848],[-77.842534768,0.022252962],[-77.840005552,0.025408934],[-77.839827602,0.027272783],[-77.833898017,0.030446011],[-77.831812605,0.029540913],[-77.82553429,0.03371155],[-77.820076152,0.033709135]]]]},"properties":{"codigo":"15","nombre":"NAPO","nivel":"Provincia","codigo_provincia":"15","provincia":"NAPO"},"id":"15"},{"type":"Feature","geometry":{"type":"MultiPolygon","coordinates":[[[[-77.278649038,-0.045413556],[-77.276299893,-0.048685934],[-77.274994696,-0.052459978],[-77.271055663,-0.058407533],[-77.266191576,-0.059935948],[-77.26403229,-0.062252793],[-77.261612139,-0.062802007],[-77.258147857,-0.065692007],[-77.252880619,-0.065404975],[-77.250840107,-0.066073633],[-77.246450461,-0.069918951],[-77.24469451,-0.07259404],[-77.239768213,-0.072136051],[-77.233703438,-0.077280521],[-77.230443399,-0.078627377],[-77.227795664,-0.078053884],[-77.226400453,-0.079658862],[-77.222001546,-0.081722151],[-77.214798429,-0.08266732],[-77.209331936,-0.084773452],[-77.208790494,-0.089846571],[-77.209501942,-0.09277017],[-77.208562212,-0.094762077],[-77.205771999,-0.096065886],[-77.202867707,-0.099189696],[-77.199280597,-0.098329431],[-77.194953613,-0.09453128],[-77.189899949,-0.097310874],[-77.182725585,-0.097954931],[-77.178526425,-0.097510204],[-77.172120814,-0.098168667],[-77.169046013,-0.099587016],[-77.167707678,-0.102151983],[-77.162435279,-0.102183406],[-77.162435337,-0.084251606],[-77.155744587,-0.087710864],[-77.147951393,-0.087814665],[-77.145013573,-0.086977493],[-77.14113595,-0.088264488],[-77.136376612,-0.088858033],[-77.134243351,-0.090523554],[-77.126781408,-0.092099758],[-77.123257521,-0.091864134],[-77.120133528,-0.093096981],[-77.116965553,-0.096988009],[-77.115691362,-0.096672445],[-77.113789914,-0.096829582],[-77.108215728,-0.100311723],[-77.10510007,-0.104398849],[-77.103883072,-0.104651134],[-77.099420365,-0.108848994],[-77.093867295,-0.111653791],[-77.087041298,-0.110306905],[-77.08244405,-0.108521663],[-77.076291734,-0.110258568],[-77.068280031,-0.113140436],[-77.065944656,-0.112669502],[-77.061347709,-0.113529307],[-77.054629704,-0.113522827],[-77.049407633,-0.111591079],[-77.042400399,-0.107067959],[-77.038154454,-0.107315258],[-77.029562859,-0.106011447],[-77.02450559,-0.101609277],[-77.01870111,-0.100618284],[-77.01641962,-0.099696975],[-77.012247328,-0.092815054],[-77.006955188,-0.08843785],[-76.999636843,-0.084773989],[-76.998667534,-0.082019427],[-76.995670277,-0.082232133],[-76.990152612,-0.08093146],[-76.98843662,-0.081505914],[-76.983568718,-0.078810603],[-76.979425049,-0.071537036],[-76.97064263,-0.07030704],[-76.965380465,-0.065551633],[-76.957472564,-0.063543766],[-76.951722977,-0.063886741],[-76.948398768,-0.063131193],[-76.946316616,-0.064623248],[-76.939101756,-0.059626792],[-76.933725006,-0.059124999],[-76.933725134,-0.0859383],[-76.928779033,-0.081650489],[-76.924909236,-0.08140988],[-76.919179955,-0.082123013],[-76.909668668,-0.081994111],[-76.908586248,-0.083446591],[-76.904781457,-0.084503606],[-76.90478064,-0.092001965],[-76.90358014,-0.099805777],[-76.902687876,-0.100825108],[-76.902551078,-0.106693363],[-76.900433863,-0.109293738],[-76.896436696,-0.10825061],[-76.892879873,-0.111919344],[-76.892909572,-0.115117512],[-76.893128134,-0.117041606],[-76.886417995,-0.1197701],[-76.88017095,-0.124443901],[-76.879118719,-0.123767692],[-76.875334536,-0.127624792],[-76.875870844,-0.13254825],[-76.874364403,-0.136233881],[-76.870925791,-0.138690547],[-76.868135143,-0.142335666],[-76.867113454,-0.147537607],[-76.863609154,-0.149926966],[-76.86226276,-0.154550646],[-76.859317312,-0.157989407],[-76.856816457,-0.162356041],[-76.85564975,-0.167299078],[-76.853352937,-0.168253817],[-76.852198705,-0.171382598],[-76.850641517,-0.174612092],[-76.84673103,-0.177119127],[-76.847257228,-0.178853866],[-76.8448584,-0.181932122],[-76.841145011,-0.183717687],[-76.832884076,-0.189357637],[-76.831444992,-0.188876448],[-76.830143954,-0.192988513],[-76.827149939,-0.196499206],[-76.827482878,-0.200707271],[-76.825794691,-0.202891135],[-76.823203933,-0.20274444],[-76.819326972,-0.206682171],[-76.817900044,-0.20974669],[-76.814086971,-0.21196636],[-76.807053578,-0.221528078],[-76.806511342,-0.225058493],[-76.803669204,-0.227645631],[-76.802642332,-0.232561338],[-76.801288996,-0.234242074],[-76.793673221,-0.238232717],[-76.789798282,-0.242556077],[-76.787488969,-0.243407682],[-76.78734394,-0.24572512],[-76.78217512,-0.249350936],[-76.78004665,-0.248116867],[-76.776880391,-0.250595738],[-76.776677908,-0.253448585],[-76.774329573,-0.253797696],[-76.772557095,-0.256378935],[-76.768387763,-0.255999484],[-76.765338281,-0.257308563],[-76.762122842,-0.260999999],[-76.763187604,-0.262758868],[-76.763276903,-0.266811686],[-76.761675403,-0.26776704],[-76.761055482,-0.271591147],[-76.764360604,-0.279742604],[-76.763467896,-0.282894179],[-76.761389112,-0.282052095],[-76.755412778,-0.287180768],[-76.752076151,-0.28873479],[-76.751461817,-0.293734232],[-76.753043864,-0.29948054],[-76.746422286,-0.306663663],[-76.744607386,-0.307796246],[-76.74414706,-0.312138317],[-76.741503979,-0.312062616],[-76.736276943,-0.320469211],[-76.73263139,-0.321287378],[-76.731904659,-0.323000591],[-76.72760715,-0.326321618],[-76.726146029,-0.329839667],[-76.722602819,-0.333016888],[-76.724248816,-0.333979516],[-76.719347908,-0.33746993],[-76.723639037,-0.340219245],[-76.724797865,-0.343486248],[-76.728086773,-0.344429757],[-76.727213095,-0.346360904],[-76.724650161,-0.346830309],[-76.721712184,-0.349987286],[-76.717162056,-0.349219768],[-76.71456808,-0.34973485],[-76.713248734,-0.35177891],[-76.707002498,-0.35013044],[-76.701486104,-0.35241848],[-76.699054993,-0.355059722],[-76.69711007,-0.360305623],[-76.694370524,-0.362896451],[-76.692333059,-0.362463252],[-76.689434639,-0.364074146],[-76.687616642,-0.369282185],[-76.684471615,-0.371726906],[-76.680827248,-0.372230011],[-76.676613137,-0.374223353],[-76.672224848,-0.374400046],[-76.667844513,-0.378377972],[-76.668208344,-0.380614707],[-76.665138788,-0.382986887],[-76.664623684,-0.385433179],[-76.659176818,-0.388878414],[-76.659096109,-0.39035928],[-76.654294859,-0.392741868],[-76.651025436,-0.393177316],[-76.645731232,-0.391175382],[-76.644598705,-0.393259547],[-76.636245145,-0.397966314],[-76.633508094,-0.401999817],[-76.633744958,-0.405484446],[-76.63831629,-0.410063085],[-76.639136094,-0.41627529],[-76.640446668,-0.418201558],[-76.634201455,-0.422780875],[-76.632954577,-0.426492772],[-76.630313762,-0.42635529],[-76.627701997,-0.429113837],[-76.623826483,-0.429607237],[-76.617761044,-0.427993631],[-76.609853525,-0.427082284],[-76.607244722,-0.425753889],[-76.598266371,-0.425753932],[-76.593659201,-0.42471433],[-76.586954026,-0.417646053],[-76.582000701,-0.41504184],[-76.578373981,-0.414252217],[-76.571856213,-0.411384651],[-76.564816561,-0.409232807],[-76.560407262,-0.409087153],[-76.553436349,-0.411445915],[-76.547246419,-0.416239294],[-76.543261417,-0.420532698],[-76.539629969,-0.428334375],[-76.535074778,-0.434703545],[-76.529454559,-0.438136666],[-76.520920473,-0.438489486],[-76.516581947,-0.43934597],[-76.506978889,-0.443707201],[-76.501570722,-0.449502714],[-76.494806999,-0.462313081],[-76.492671892,-0.465032119],[-76.483635535,-0.472972636],[-76.480433366,-0.476263597],[-76.476091666,-0.482202523],[-76.468977147,-0.48735203],[-76.466487561,-0.488424144],[-76.460087564,-0.48856296],[-76.443823732,-0.487072103],[-76.439520405,-0.485723627],[-76.430928851,-0.48518805],[-76.420897417,-0.487056428],[-76.413443383,-0.49166719],[-76.403981207,-0.499449811],[-76.398816713,-0.508389239],[-76.39283299,-0.517188054],[-76.387202575,-0.519920139],[-76.381328077,-0.519915807],[-76.369769647,-0.518293394],[-76.362563278,-0.513555559],[-76.356636546,-0.508180388],[-76.350052899,-0.499093277],[-76.346820541,-0.494574622],[-76.337653681,-0.487697034],[-76.328626885,-0.484040495],[-76.315546249,-0.482599958],[-76.303461567,-0.480587578],[-76.299055039,-0.478723701],[-76.294791304,-0.476001108],[-76.285126325,-0.470698377],[-76.279797436,-0.466257525],[-76.274329306,-0.457379465],[-76.270768611,-0.453727095],[-76.268135049,-0.45181461],[-76.262563071,-0.449578081],[-76.25613737,-0.448428823],[-76.247151829,-0.448422942],[-76.233729195,-0.450589657],[-76.227075923,-0.450012762],[-76.218092216,-0.447774105],[-76.210927628,-0.446681662],[-76.203478227,-0.446447768],[-76.194607747,-0.445468721],[-76.184487469,-0.442771474],[-76.173343087,-0.441161289],[-76.154975628,-0.442179633],[-76.150539297,-0.443836772],[-76.139277402,-0.448866655],[-76.129268175,-0.451493052],[-76.124151384,-0.450573731],[-76.120627,-0.449197568],[-76.113465587,-0.444899715],[-76.10476835,-0.44168848],[-76.093568605,-0.439849392],[-76.088337396,-0.440418301],[-76.082853044,-0.44226566],[-76.07984371,-0.445002988],[-76.077409282,-0.448916746],[-76.074967535,-0.455236113],[-76.073289946,-0.462549793],[-76.072664626,-0.471814564],[-76.072658677,-0.480176667],[-76.070075297,-0.487815994],[-76.062330569,-0.502948322],[-76.0510087,-0.51310361],[-76.046423921,-0.51634383],[-76.035678243,-0.522822847],[-76.031580919,-0.524537871],[-76.026450618,-0.527587013],[-76.014959232,-0.531240072],[-76.01167064,-0.53359223],[-76.002327915,-0.545524706],[-76,-0.547138889],[-75.992176097,-0.555037646],[-75.988514498,-0.557323693],[-75.96537902,-0.563670328],[-75.949638451,-0.565087222],[-75.940541655,-0.56686752],[-75.935259736,-0.566982078],[-75.930005522,-0.568056074],[-75.93437548,-0.557311132],[-75.940504406,-0.554286911],[-75.94320747,-0.554262714],[-75.945884243,-0.549411423],[-75.94676632,-0.5455165],[-75.945550821,-0.544537998],[-75.946530564,-0.539381226],[-75.943579912,-0.538546554],[-75.941062549,-0.532399572],[-75.955083988,-0.41933982],[-75.950809652,-0.417622777],[-75.945871985,-0.418386811],[-75.945267681,-0.416002955],[-75.940451422,-0.414520714],[-75.937481838,-0.409597889],[-75.932199566,-0.408111074],[-75.930293452,-0.408777921],[-75.926145029,-0.407381603],[-75.922375981,-0.4084098],[-75.864235889,-0.408410008],[-75.862969416,-0.40428138],[-75.859518692,-0.404001405],[-75.857181483,-0.406917091],[-75.853063178,-0.408263168],[-75.852228574,-0.410954441],[-75.853954175,-0.412860491],[-75.855791288,-0.418074485],[-75.855908794,-0.423557883],[-75.854276194,-0.424133228],[-75.850022205,-0.422300555],[-75.847332261,-0.424919306],[-75.842335253,-0.425954304],[-75.836065597,-0.425786096],[-75.834416347,-0.429540146],[-75.835703081,-0.432223149],[-75.834185378,-0.435060159],[-75.827618473,-0.437643443],[-75.825586328,-0.436488176],[-75.819529675,-0.435304672],[-75.817939383,-0.432555651],[-75.814564642,-0.433227439],[-75.810756963,-0.429814192],[-75.804477138,-0.429159991],[-75.80130296,-0.429886663],[-75.795045288,-0.42895952],[-75.793650435,-0.426063359],[-75.790300283,-0.424867676],[-75.783731786,-0.42497745],[-75.780463039,-0.423738236],[-75.778231363,-0.419556732],[-75.772718784,-0.422093463],[-75.771015215,-0.424211235],[-75.766870985,-0.424368876],[-75.761721298,-0.422817461],[-75.758341775,-0.422859951],[-75.748102522,-0.419959637],[-75.739983347,-0.424375946],[-75.737473293,-0.428922261],[-75.733631402,-0.432689531],[-75.731391628,-0.436967599],[-75.728474113,-0.437576538],[-75.726177301,-0.441205616],[-75.724616406,-0.44143709],[-75.722417212,-0.44444068],[-75.722618636,-0.448546001],[-75.72122794,-0.44970175],[-75.718905614,-0.456153104],[-75.717577935,-0.462057407],[-75.715850288,-0.465387725],[-75.713505673,-0.467269295],[-75.705951775,-0.471140658],[-75.702173499,-0.47245615],[-75.696502922,-0.470719138],[-75.693124318,-0.46712986],[-75.683642995,-0.467524415],[-75.675860652,-0.463500037],[-75.67365631,-0.45994228],[-75.671012009,-0.460384642],[-75.665236888,-0.458468826],[-75.664435323,-0.456759799],[-75.658103503,-0.455968256],[-75.656174057,-0.452334731],[-75.652810702,-0.452331961],[-75.648274035,-0.455893704],[-75.647153811,-0.461203782],[-75.647147176,-0.468282123],[-75.643619692,-0.468011048],[-75.641582068,-0.466692583],[-75.639615961,-0.469156191],[-75.637150488,-0.469816015],[-75.636621652,-0.472996628],[-75.626458144,-0.474503122],[-75.622266719,-0.476252877],[-75.617224734,-0.477208944],[-75.615480433,-0.481067283],[-75.607860644,-0.48489722],[-75.602184998,-0.484242067],[-75.597686428,-0.484940289],[-75.593822187,-0.492553708],[-75.593046065,-0.498839184],[-75.591308997,-0.505810028],[-75.585811531,-0.507379118],[-75.583857457,-0.505505967],[-75.584880432,-0.499885888],[-75.584561526,-0.496490441],[-75.581238924,-0.493040571],[-75.578967983,-0.491978056],[-75.575543406,-0.492505567],[-75.573665424,-0.494094982],[-75.569714404,-0.49988723],[-75.568877402,-0.504383305],[-75.571111109,-0.511970107],[-75.57390276,-0.515903855],[-75.574461215,-0.518058136],[-75.571670164,-0.52086839],[-75.562924043,-0.520588181],[-75.559588088,-0.52361123],[-75.559377713,-0.527364139],[-75.560763358,-0.533084374],[-75.562828657,-0.538333773],[-75.563154987,-0.541888876],[-75.561208415,-0.546121219],[-75.558704406,-0.54810758],[-75.554554915,-0.549330097],[-75.549180009,-0.549158441],[-75.542791451,-0.546172858],[-75.538856861,-0.542388736],[-75.534379697,-0.542053227],[-75.528547787,-0.547218134],[-75.523028941,-0.550886665],[-75.512803356,-0.556552955],[-75.508031066,-0.557123252],[-75.501814251,-0.553639991],[-75.499413744,-0.5507505],[-75.498115399,-0.547026367],[-75.496046574,-0.544671572],[-75.49234846,-0.544638377],[-75.487640041,-0.549458853],[-75.485608611,-0.555130624],[-75.484414035,-0.557211259],[-75.482165768,-0.557030438],[-75.474892023,-0.552705136],[-75.469897017,-0.547607727],[-75.464543746,-0.546083871],[-75.457825635,-0.548966411],[-75.450725238,-0.549436256],[-75.446166989,-0.552112247],[-75.439715704,-0.554548152],[-75.435304916,-0.557760228],[-75.430981725,-0.562193315],[-75.424824884,-0.566177857],[-75.415825606,-0.566774381],[-75.410534431,-0.56274907],[-75.405801007,-0.563250726],[-75.401834111,-0.566462955],[-75.399109166,-0.570123033],[-75.396559884,-0.575629497],[-75.394954912,-0.58337022],[-75.395687493,-0.59030927],[-75.394679093,-0.592958496],[-75.391154909,-0.597034469],[-75.388485263,-0.604297502],[-75.386529474,-0.607690119],[-75.382740835,-0.610008788],[-75.378007925,-0.610152681],[-75.374725623,-0.609166573],[-75.372509213,-0.607198955],[-75.369881005,-0.602997657],[-75.36766328,-0.602310475],[-75.364791263,-0.605076698],[-75.357215868,-0.608195247],[-75.352154665,-0.611346149],[-75.349577949,-0.614588972],[-75.346968543,-0.620749745],[-75.342469833,-0.623424675],[-75.339246304,-0.623004322],[-75.333008347,-0.620288031],[-75.325647731,-0.616439148],[-75.322426255,-0.614172826],[-75.318226213,-0.614317189],[-75.314968464,-0.618392728],[-75.311731332,-0.625278889],[-75.307655681,-0.630776591],[-75.303537848,-0.631558059],[-75.296206949,-0.628000994],[-75.291031774,-0.622064557],[-75.285805397,-0.6197485],[-75.284620762,-0.621271556],[-75.284661657,-0.627202266],[-75.285434562,-0.634396143],[-75.284719816,-0.638873118],[-75.285165278,-0.642541583],[-75.286628713,-0.645663397],[-75.28843391,-0.652034402],[-75.286968831,-0.654576489],[-75.283916018,-0.655158895],[-75.281617425,-0.654141608],[-75.279137807,-0.650019482],[-75.275504723,-0.645936569],[-75.270330714,-0.644590954],[-75.263918405,-0.645165991],[-75.260492601,-0.649334813],[-75.260545378,-0.652864541],[-75.262611667,-0.654867506],[-75.264524324,-0.655718876],[-75.271744344,-0.661820024],[-75.274141749,-0.665150631],[-75.274427537,-0.669087485],[-75.272347471,-0.674079614],[-75.265563672,-0.682120179],[-75.263976484,-0.685469514],[-75.261436537,-0.687670859],[-75.255859187,-0.690453402],[-75.250447738,-0.692354662],[-75.248779389,-0.695431659],[-75.248860391,-0.698086922],[-75.251343697,-0.700389694],[-75.255158172,-0.702204093],[-75.259286515,-0.702722218],[-75.264142127,-0.704500679],[-75.26977065,-0.708535709],[-75.274797164,-0.713692501],[-75.276984662,-0.718345549],[-75.275803467,-0.726464844],[-75.273341826,-0.740135513],[-75.270787203,-0.749161722],[-75.269511746,-0.751501764],[-75.261710986,-0.75428608],[-75.257215951,-0.759157518],[-75.254126145,-0.764836771],[-75.255289851,-0.76986212],[-75.257667006,-0.77247447],[-75.26787019,-0.778250146],[-75.268739362,-0.780246044],[-75.269026153,-0.785687119],[-75.267930269,-0.787317801],[-75.263834292,-0.787862296],[-75.257391857,-0.792010903],[-75.250684025,-0.793599546],[-75.243059768,-0.797009178],[-75.240879552,-0.804596299],[-75.241381057,-0.811467023],[-75.245027178,-0.82092752],[-75.24755974,-0.823928502],[-75.249070151,-0.827714743],[-75.251773274,-0.831733376],[-75.251534248,-0.836892239],[-75.247851763,-0.842746461],[-75.2437715,-0.850758538],[-75.240522496,-0.853805453],[-75.236897285,-0.854651847],[-75.232725915,-0.854485482],[-75.226706712,-0.859395999],[-75.22266732,-0.864955358],[-75.221540108,-0.870421661],[-75.221718415,-0.87479752],[-75.223521915,-0.888718577],[-75.222395098,-0.896572729],[-75.22118099,-0.901773026],[-75.22123064,-0.905593231],[-75.223040938,-0.909969038],[-75.226453724,-0.915225894],[-75.231346335,-0.92080576],[-75.234098818,-0.928148152],[-75.234184792,-0.931145884],[-75.231173279,-0.937523288],[-75.227627619,-0.942422101],[-75.225060973,-0.944908945],[-75.211908633,-0.955013185],[-75.208321525,-0.956925066],[-75.204557914,-0.957088941],[-75.198985904,-0.95940484],[-75.187146744,-0.972697514],[-75.199847608,-0.978999273],[-75.202177099,-0.97947705],[-75.205440974,-0.975877581],[-75.209491439,-0.97484683],[-75.221183297,-0.978221348],[-75.229721741,-0.974180894],[-75.23663896,-0.974853184],[-75.24196845,-0.97782915],[-75.246673342,-0.978719887],[-75.249999865,-0.97724132],[-75.254718246,-0.973100188],[-75.257235988,-0.971813958],[-75.26779698,-0.970973887],[-75.279476022,-0.97437833],[-75.286142789,-0.981605716],[-75.291392747,-0.986556947],[-75.294903472,-0.987990416],[-75.298220687,-0.987226745],[-75.306399002,-0.98762989],[-75.310140208,-0.983816175],[-75.315550985,-0.976244195],[-75.31927612,-0.973136919],[-75.321265574,-0.972638857],[-75.331037619,-0.97298963],[-75.33459793,-0.971200687],[-75.337511716,-0.968596766],[-75.342262566,-0.961304834],[-75.343528404,-0.958049139],[-75.345427781,-0.948298824],[-75.34888596,-0.945775842],[-75.352403942,-0.944878883],[-75.355601606,-0.941353456],[-75.363356255,-0.936696845],[-75.366586251,-0.928645197],[-75.37215153,-0.923409303],[-75.376328264,-0.921824164],[-75.381023744,-0.92442278],[-75.386090607,-0.923522677],[-75.388158337,-0.925301541],[-75.386738666,-0.929679316],[-75.393600931,-0.9546849],[-75.41869436,-1.047147277],[-75.433411204,-1.101045678],[-75.450447559,-1.163433836],[-75.467477361,-1.225790182],[-75.489040151,-1.304735361],[-75.543350051,-1.503443686],[-75.55589428,-1.549447082],[-75.559101517,-1.551036909],[-75.557276468,-1.557978604],[-75.557692216,-1.56084196],[-75.561427764,-1.564241416],[-75.564273041,-1.563882756],[-75.56620098,-1.561313942],[-75.566523981,-1.557618143],[-75.569072218,-1.554694245],[-75.573875392,-1.553220216],[-75.575949559,-1.55123605],[-75.577556567,-1.547712158],[-75.580273925,-1.546876212],[-75.585388745,-1.549704341],[-75.590789432,-1.54717228],[-75.595836256,-1.540360177],[-75.593943032,-1.536151627],[-75.59357206,-1.533014585],[-75.589007094,-1.532840901],[-75.588878963,-1.527292876],[-75.590994207,-1.526078133],[-75.594383124,-1.526868373],[-75.595571724,-1.525022135],[-75.59204537,-1.518578977],[-75.589464787,-1.516494453],[-75.587858299,-1.511200078],[-75.590284377,-1.510662845],[-75.59072677,-1.515592082],[-75.59463018,-1.514770446],[-75.596107674,-1.509083416],[-75.595405607,-1.505721544],[-75.598097537,-1.504131406],[-75.600121847,-1.501362561],[-75.60123254,-1.497939651],[-75.602947042,-1.496448525],[-75.610283245,-1.49344613],[-75.609777475,-1.496918268],[-75.612419129,-1.501196571],[-75.614742399,-1.502536902],[-75.615783908,-1.500293385],[-75.613301143,-1.498809678],[-75.614821992,-1.496632885],[-75.617864496,-1.499208262],[-75.622676536,-1.502020414],[-75.626583187,-1.502274388],[-75.633917071,-1.500344303],[-75.636746811,-1.497968084],[-75.631487691,-1.49392748],[-75.632226627,-1.491939326],[-75.63650327,-1.493439365],[-75.638380596,-1.495618682],[-75.64110997,-1.495559871],[-75.640066626,-1.488812747],[-75.635681351,-1.485709761],[-75.636796838,-1.482227033],[-75.641453541,-1.485711981],[-75.641522215,-1.489138056],[-75.646453001,-1.489465928],[-75.647753122,-1.492877183],[-75.650457234,-1.493485601],[-75.653449052,-1.490198054],[-75.649094521,-1.48902554],[-75.648555529,-1.486676701],[-75.651788194,-1.481691634],[-75.651384664,-1.477156464],[-75.657194844,-1.4761815],[-75.660129959,-1.479233296],[-75.6601293,-1.486895645],[-75.661593707,-1.488496041],[-75.664973223,-1.486478464],[-75.665980267,-1.481315039],[-75.667635249,-1.477517629],[-75.670253693,-1.476850672],[-75.672202485,-1.473971523],[-75.672873054,-1.470833061],[-75.675265867,-1.467948986],[-75.679262413,-1.46786921],[-75.685918653,-1.469732327],[-75.687583176,-1.466882178],[-75.690972045,-1.465925005],[-75.69676818,-1.466016327],[-75.699013934,-1.465253026],[-75.700087294,-1.462014073],[-75.698924835,-1.457822366],[-75.698631271,-1.451708087],[-75.699396929,-1.448361129],[-75.700932504,-1.447453075],[-75.704652505,-1.448720325],[-75.710220946,-1.45255183],[-75.711152018,-1.461527949],[-75.712569942,-1.462839868],[-75.717315488,-1.463108568],[-75.720459511,-1.4615858],[-75.721685597,-1.456833522],[-75.716041226,-1.452000674],[-75.717129317,-1.448506596],[-75.723645547,-1.445060987],[-75.726674087,-1.439065061],[-75.729444546,-1.439300346],[-75.733199574,-1.437778831],[-75.736691898,-1.439274331],[-75.739345995,-1.434503736],[-75.738115908,-1.426388009],[-75.740576288,-1.423437989],[-75.739301699,-1.417342524],[-75.742316232,-1.416491324],[-75.747300724,-1.420087741],[-75.748166233,-1.422768953],[-75.750106853,-1.423431301],[-75.751355125,-1.42024959],[-75.744796645,-1.414089524],[-75.744670996,-1.409411343],[-75.747028016,-1.406574206],[-75.750240828,-1.40496657],[-75.754732804,-1.405918306],[-75.757602835,-1.40138388],[-75.757083876,-1.408390752],[-75.758699997,-1.413823284],[-75.77126612,-1.405312118],[-75.775998928,-1.396550564],[-75.778974294,-1.39525212],[-75.781501806,-1.398332857],[-75.784009137,-1.39983431],[-75.785664828,-1.403538871],[-75.792868969,-1.404550315],[-75.801144827,-1.402965764],[-75.806211665,-1.39851927],[-75.80903302,-1.397303827],[-75.814889853,-1.397150005],[-75.816682076,-1.395383938],[-75.816865332,-1.392827595],[-75.814966499,-1.391905575],[-75.80440803,-1.392025159],[-75.804769409,-1.389248753],[-75.813146742,-1.390030174],[-75.816744482,-1.388518398],[-75.821877886,-1.383398328],[-75.823281205,-1.383455057],[-75.826492777,-1.387979716],[-75.834821883,-1.392003181],[-75.836903442,-1.390631025],[-75.836323526,-1.387715317],[-75.831540237,-1.384283776],[-75.831670954,-1.381351776],[-75.834438204,-1.377793794],[-75.845574024,-1.373765287],[-75.845406086,-1.369235275],[-75.84126148,-1.363373537],[-75.842366676,-1.358840341],[-75.846247953,-1.354885253],[-75.848859166,-1.355039859],[-75.850206536,-1.359161184],[-75.855384206,-1.361049767],[-75.857372038,-1.35917659],[-75.862384024,-1.358239678],[-75.866037254,-1.355750165],[-75.871486218,-1.355434001],[-75.87876138,-1.356915787],[-75.88255759,-1.351237661],[-75.88340189,-1.346810864],[-75.882442353,-1.341206046],[-75.881209728,-1.338753721],[-75.875863697,-1.335118562],[-75.875465016,-1.333180611],[-75.877588457,-1.331569811],[-75.884362737,-1.334731112],[-75.885894988,-1.338352316],[-75.888011086,-1.340299877],[-75.89234448,-1.338252626],[-75.896351248,-1.333784676],[-75.900395953,-1.333888505],[-75.901046897,-1.337001291],[-75.897899712,-1.338180845],[-75.894595836,-1.343520498],[-75.893761392,-1.348913006],[-75.897431829,-1.349576435],[-75.901219275,-1.353768781],[-75.904063468,-1.350240171],[-75.905823291,-1.349820687],[-75.909215155,-1.35628921],[-75.911600928,-1.359578608],[-75.915061699,-1.361427825],[-75.918433942,-1.360186835],[-75.919566841,-1.355593766],[-75.917142322,-1.350407563],[-75.918499787,-1.346977036],[-75.921469572,-1.347433917],[-75.919388276,-1.350340771],[-75.921117288,-1.352790717],[-75.923445979,-1.350542454],[-75.925699895,-1.350075107],[-75.927069763,-1.35435548],[-75.930393428,-1.355542746],[-75.932106593,-1.358786695],[-75.935308206,-1.360574588],[-75.939356336,-1.358608895],[-75.938555231,-1.354229492],[-75.93916661,-1.350732902],[-75.940788687,-1.349949463],[-75.945532399,-1.355281395],[-75.948569212,-1.3577485],[-75.949825902,-1.354961383],[-75.951874793,-1.354014307],[-75.955219432,-1.355437685],[-75.95844394,-1.353105318],[-75.959198364,-1.34571749],[-75.961638346,-1.344685338],[-75.965244215,-1.34698909],[-75.968695002,-1.345222224],[-75.968262844,-1.341072324],[-75.973834181,-1.338079399],[-75.97420882,-1.335605057],[-75.971222474,-1.332687427],[-75.971405655,-1.329983787],[-75.973703328,-1.329029939],[-75.974857739,-1.331645729],[-75.977616149,-1.332485983],[-75.981129157,-1.335080421],[-75.985729892,-1.332896109],[-75.986979265,-1.336010515],[-75.988800813,-1.337373462],[-75.992070832,-1.337153662],[-75.996932773,-1.334719461],[-75.998752087,-1.330176964],[-75.99438995,-1.328570372],[-75.997805142,-1.323915474],[-75.997145477,-1.319103223],[-75.997673841,-1.31553933],[-76.002431677,-1.309175605],[-76.005677303,-1.310512748],[-76.005790026,-1.314590677],[-76.008930829,-1.315033401],[-76.009442076,-1.311722175],[-76.011541773,-1.306690035],[-76.016454657,-1.309625851],[-76.02418885,-1.30928365],[-76.023174684,-1.311721151],[-76.023808477,-1.314712819],[-76.026662988,-1.316192301],[-76.02746382,-1.310220238],[-76.033327448,-1.310510985],[-76.034755426,-1.314491565],[-76.040123741,-1.310073855],[-76.039871056,-1.304829295],[-76.043466374,-1.305566181],[-76.046742404,-1.302389025],[-76.044307639,-1.300667169],[-76.044162365,-1.298620756],[-76.050199705,-1.29738068],[-76.052420038,-1.299724542],[-76.054924983,-1.298284302],[-76.057217728,-1.299955806],[-76.054339531,-1.303241141],[-76.054435898,-1.304851071],[-76.057351841,-1.307711469],[-76.062755478,-1.307085448],[-76.064340322,-1.303625812],[-76.063066543,-1.297026855],[-76.061418655,-1.292709465],[-76.057418096,-1.288280178],[-76.058177832,-1.285040705],[-76.065258682,-1.288266891],[-76.068012372,-1.28685567],[-76.063900169,-1.281295756],[-76.063144743,-1.278597046],[-76.065669229,-1.278072507],[-76.071617487,-1.280101621],[-76.07316482,-1.282549109],[-76.074862635,-1.289912716],[-76.076622273,-1.29284359],[-76.08240271,-1.296545522],[-76.085652132,-1.294924186],[-76.088764668,-1.290559902],[-76.088023957,-1.284500764],[-76.090180205,-1.281428388],[-76.094410361,-1.281180182],[-76.096860577,-1.279276954],[-76.099028232,-1.279549439],[-76.102643242,-1.281941376],[-76.10559261,-1.279246072],[-76.108931941,-1.280212456],[-76.111250477,-1.279042302],[-76.113211801,-1.272540956],[-76.119791698,-1.273495612],[-76.122573617,-1.274788847],[-76.123279371,-1.27751511],[-76.127182344,-1.285174646],[-76.12903035,-1.285364238],[-76.130305838,-1.282557078],[-76.130424631,-1.277381701],[-76.131599019,-1.275390023],[-76.134614023,-1.27499985],[-76.136896466,-1.276044101],[-76.139405341,-1.280170344],[-76.139217539,-1.28424374],[-76.142524942,-1.284646012],[-76.144018687,-1.289223536],[-76.146839367,-1.288875962],[-76.14733186,-1.284092334],[-76.150620308,-1.282004474],[-76.151974126,-1.285413052],[-76.152400434,-1.293046346],[-76.153263191,-1.295457012],[-76.157125906,-1.300463771],[-76.161147613,-1.30164506],[-76.163426895,-1.301286922],[-76.164020113,-1.297781839],[-76.166585497,-1.294650247],[-76.170466059,-1.294687522],[-76.172432248,-1.298227389],[-76.176397956,-1.300244584],[-76.177434471,-1.294164224],[-76.177141756,-1.289166591],[-76.17819184,-1.288417247],[-76.185122224,-1.289241458],[-76.186305432,-1.287019451],[-76.18852706,-1.287107165],[-76.189795493,-1.28997788],[-76.195359962,-1.295707244],[-76.199492089,-1.294391295],[-76.200606357,-1.297327366],[-76.202927243,-1.29822034],[-76.211278393,-1.296703716],[-76.215455072,-1.290640911],[-76.219746745,-1.286432879],[-76.22586143,-1.289611057],[-76.223574806,-1.292528845],[-76.224498346,-1.296102739],[-76.229157796,-1.294883106],[-76.231463416,-1.297654578],[-76.235351144,-1.300387334],[-76.238526626,-1.300625959],[-76.241275226,-1.297852125],[-76.245573657,-1.286922866],[-76.249308823,-1.288915807],[-76.250349648,-1.293193763],[-76.250105309,-1.303444957],[-76.253588485,-1.307101404],[-76.255587337,-1.306043661],[-76.25633618,-1.301691523],[-76.260710917,-1.300745607],[-76.262215831,-1.297653226],[-76.266977423,-1.295807451],[-76.271282469,-1.297312503],[-76.268036586,-1.299793324],[-76.266400939,-1.303076326],[-76.268373888,-1.306372133],[-76.275090632,-1.304720939],[-76.27885141,-1.305777721],[-76.285671407,-1.309172241],[-76.287125736,-1.310982107],[-76.2834747,-1.314571478],[-76.287479084,-1.319712963],[-76.289290905,-1.31292454],[-76.291871519,-1.30565802],[-76.294540118,-1.304575204],[-76.295517607,-1.310431433],[-76.301678718,-1.308811297],[-76.304743656,-1.306531602],[-76.307756459,-1.299448195],[-76.309838124,-1.299175354],[-76.310672237,-1.306982933],[-76.31150107,-1.307409149],[-76.318227397,-1.302717152],[-76.321665846,-1.304527213],[-76.327607773,-1.306170209],[-76.331507765,-1.304536107],[-76.336801023,-1.300633308],[-76.342280973,-1.300920268],[-76.341808545,-1.297431336],[-76.345475695,-1.293515852],[-76.350552555,-1.291292094],[-76.354578352,-1.290898693],[-76.358073591,-1.292885398],[-76.360534856,-1.292512968],[-76.363390287,-1.294388759],[-76.365680148,-1.294426383],[-76.367642392,-1.28951028],[-76.366858714,-1.287666931],[-76.356255859,-1.28349608],[-76.357413468,-1.279764326],[-76.361233484,-1.277808914],[-76.366391081,-1.276840086],[-76.364628306,-1.271713189],[-76.365122679,-1.270318339],[-76.37113735,-1.267281215],[-76.368963347,-1.273391168],[-76.373389189,-1.274019522],[-76.379252461,-1.269520714],[-76.387120163,-1.270972425],[-76.38870657,-1.268696683],[-76.391956794,-1.2672769],[-76.392208499,-1.262344338],[-76.395716317,-1.259356185],[-76.395671751,-1.254357452],[-76.402661657,-1.256290589],[-76.408688621,-1.259880331],[-76.410087715,-1.26302046],[-76.415456712,-1.270062924],[-76.419358816,-1.272098063],[-76.424144558,-1.270478121],[-76.42899175,-1.267629415],[-76.43093452,-1.264948499],[-76.432314006,-1.259003556],[-76.434497925,-1.257366955],[-76.438504255,-1.257487359],[-76.439781701,-1.259070428],[-76.437444646,-1.263540302],[-76.437398981,-1.265926353],[-76.442292064,-1.26736672],[-76.444907498,-1.269799275],[-76.451211045,-1.271361484],[-76.45083174,-1.264572137],[-76.457406831,-1.259984353],[-76.456339828,-1.256647768],[-76.452403936,-1.260279788],[-76.44942289,-1.256743003],[-76.448553609,-1.252177926],[-76.451531958,-1.250423333],[-76.454105214,-1.253303184],[-76.456305651,-1.252418177],[-76.457320706,-1.248083036],[-76.460099127,-1.248863392],[-76.463160632,-1.258028221],[-76.464991684,-1.261685932],[-76.466763251,-1.261366905],[-76.467350063,-1.257240948],[-76.471549875,-1.257319884],[-76.474717101,-1.251949188],[-76.474685299,-1.249758549],[-76.478068135,-1.249288364],[-76.483028699,-1.245409712],[-76.481515199,-1.244537298],[-76.476770743,-1.24474744],[-76.475193132,-1.241856146],[-76.477750308,-1.239641331],[-76.479387942,-1.236519328],[-76.482219239,-1.236230676],[-76.485053008,-1.230272197],[-76.488018038,-1.228713035],[-76.49238916,-1.224235397],[-76.489394153,-1.222457055],[-76.493909152,-1.220181588],[-76.492467815,-1.216524511],[-76.494254182,-1.215868895],[-76.495923206,-1.220193342],[-76.497305973,-1.219873521],[-76.497953719,-1.215300013],[-76.500105332,-1.214573408],[-76.502013117,-1.217554772],[-76.505936335,-1.212223084],[-76.507096022,-1.20916332],[-76.508869271,-1.207846616],[-76.512413729,-1.212219599],[-76.514183319,-1.211695164],[-76.514204693,-1.208072068],[-76.518032104,-1.207287942],[-76.519671289,-1.203511198],[-76.516251997,-1.203016321],[-76.516686453,-1.20012652],[-76.519694927,-1.198833287],[-76.520458684,-1.195727444],[-76.527404042,-1.196698209],[-76.530351941,-1.191829945],[-76.526494806,-1.19008631],[-76.528413888,-1.188018024],[-76.526781011,-1.18609667],[-76.527639457,-1.18304821],[-76.524572359,-1.182470482],[-76.523894277,-1.185414221],[-76.520800979,-1.186392376],[-76.520545855,-1.182862463],[-76.523627122,-1.181988082],[-76.523669588,-1.179901229],[-76.521459424,-1.176471948],[-76.525857994,-1.17692652],[-76.525422942,-1.173644722],[-76.526169422,-1.169401905],[-76.529141194,-1.167596807],[-76.52561934,-1.163723716],[-76.528180195,-1.161773323],[-76.526509595,-1.157572453],[-76.528666713,-1.156343052],[-76.525529092,-1.153262442],[-76.525512572,-1.149267541],[-76.522352931,-1.148447826],[-76.520213412,-1.146624571],[-76.521753869,-1.143985244],[-76.5209366,-1.140786645],[-76.524170112,-1.138910266],[-76.522102777,-1.131769266],[-76.518716032,-1.131535094],[-76.516292852,-1.128796897],[-76.518062578,-1.125398562],[-76.516340035,-1.120024119],[-76.52207459,-1.11965352],[-76.524682593,-1.114955092],[-76.521539832,-1.114262987],[-76.521546034,-1.110943497],[-76.524552149,-1.107122657],[-76.523923729,-1.10484267],[-76.520596605,-1.102985759],[-76.517014182,-1.103798854],[-76.516105179,-1.099534656],[-76.513768587,-1.095640352],[-76.514197354,-1.093014064],[-76.518428386,-1.086930338],[-76.516491208,-1.083523484],[-76.518517875,-1.080256183],[-76.517398748,-1.076432463],[-76.514934141,-1.074405149],[-76.516454169,-1.072561284],[-76.514222593,-1.070708058],[-76.518722515,-1.067396641],[-76.519111737,-1.063187597],[-76.523190372,-1.057674605],[-76.526775984,-1.060035225],[-76.526918254,-1.056057732],[-76.528228059,-1.053307597],[-76.530776283,-1.051968194],[-76.532970815,-1.054259491],[-76.537495532,-1.054445305],[-76.537980745,-1.058750236],[-76.540180917,-1.060754248],[-76.543064066,-1.061333102],[-76.546661058,-1.068529848],[-76.549701503,-1.068104101],[-76.55487031,-1.065129388],[-76.556060615,-1.06270132],[-76.561223513,-1.062458219],[-76.563308925,-1.059540105],[-76.567577585,-1.061917555],[-76.56923313,-1.061174623],[-76.572577135,-1.064378064],[-76.576798307,-1.063228406],[-76.583333343,-1.067989998],[-76.585848383,-1.066801828],[-76.590919507,-1.068612408],[-76.592615163,-1.067881088],[-76.599756212,-1.069949931],[-76.602357399,-1.072799802],[-76.605244991,-1.072275932],[-76.607374283,-1.069355317],[-76.609318202,-1.071723935],[-76.612702209,-1.071122601],[-76.61331548,-1.068172996],[-76.615199013,-1.065555778],[-76.617405543,-1.066237192],[-76.622304861,-1.064721126],[-76.623618462,-1.065414685],[-76.626865861,-1.063356226],[-76.632960036,-1.061533077],[-76.635407046,-1.062490264],[-76.638424398,-1.061403247],[-76.648879742,-1.061309424],[-76.652223609,-1.059563025],[-76.652858314,-1.056810945],[-76.667695443,-1.068509518],[-76.671507305,-1.068312798],[-76.676574229,-1.069660235],[-76.680337437,-1.068674293],[-76.685718345,-1.07469015],[-76.687228663,-1.077502093],[-76.692364347,-1.077382385],[-76.701774234,-1.080986956],[-76.704338471,-1.080848523],[-76.708482891,-1.082533942],[-76.709660374,-1.081568723],[-76.714692443,-1.080860314],[-76.720539434,-1.082253959],[-76.721084964,-1.083881034],[-76.719436876,-1.087678387],[-76.721489157,-1.090711925],[-76.720470121,-1.09272036],[-76.72221438,-1.094578522],[-76.72225693,-1.098176592],[-76.725761093,-1.099373271],[-76.727018705,-1.103867552],[-76.730172237,-1.102640386],[-76.731379387,-1.10442779],[-76.733881985,-1.103004887],[-76.746751758,-1.098539472],[-76.746813081,-1.09676783],[-76.749675923,-1.093176896],[-76.7534845,-1.095520427],[-76.752679,-1.098278821],[-76.757686539,-1.09585347],[-76.761903761,-1.098891207],[-76.763190845,-1.09603559],[-76.768634466,-1.095128454],[-76.773650931,-1.0906148],[-76.775652922,-1.096329063],[-76.778853675,-1.094521706],[-76.782515048,-1.097410514],[-76.783629106,-1.096292634],[-76.78791109,-1.097072183],[-76.794038405,-1.101673091],[-76.796118734,-1.105388121],[-76.800933502,-1.107423],[-76.802454978,-1.110794854],[-76.805997235,-1.111631904],[-76.808064803,-1.110399425],[-76.813089407,-1.1118667],[-76.817597339,-1.109466215],[-76.823190758,-1.112682789],[-76.825446998,-1.113086492],[-76.829775331,-1.11188537],[-76.832431542,-1.114384484],[-76.832383187,-1.140166613],[-76.831148785,-1.141774931],[-76.831211665,-1.145375235],[-76.834150416,-1.148629746],[-76.83259971,-1.151878948],[-76.831883706,-1.157918479],[-76.833339367,-1.160009611],[-76.837371396,-1.159955163],[-76.838147993,-1.156851483],[-76.84171752,-1.158629423],[-76.845730232,-1.159047191],[-76.848304017,-1.15808408],[-76.848847674,-1.161005625],[-76.853187742,-1.163058099],[-76.861869771,-1.161043971],[-76.863642124,-1.15909123],[-76.86909287,-1.157544984],[-76.872011242,-1.153719692],[-76.874464351,-1.151772671],[-76.878199462,-1.152355903],[-76.876484478,-1.147406439],[-76.87941723,-1.145109111],[-76.881001217,-1.145549043],[-76.886088745,-1.141587333],[-76.88944428,-1.140125503],[-76.891519168,-1.134233565],[-76.891445444,-1.131005457],[-76.897712786,-1.130768473],[-76.896913752,-1.127135807],[-76.901379557,-1.127722335],[-76.903255146,-1.12655268],[-76.90700043,-1.126313255],[-76.913804354,-1.127083941],[-76.913425532,-1.124845915],[-76.916834899,-1.12439946],[-76.917415564,-1.121692201],[-76.921198561,-1.121069087],[-76.923885197,-1.122820635],[-76.928952075,-1.123570721],[-76.933090892,-1.119732335],[-76.935689996,-1.120744776],[-76.938031479,-1.123652108],[-76.940172818,-1.121192772],[-76.943236393,-1.12063085],[-76.945008152,-1.121915848],[-76.94940251,-1.122044357],[-76.951456571,-1.120530998],[-76.95535165,-1.121202609],[-76.956446016,-1.116264634],[-76.958784548,-1.117064596],[-76.962561351,-1.11563465],[-76.968023608,-1.110669957],[-76.974721408,-1.103409041],[-76.978809347,-1.103403153],[-76.981044934,-1.105247554],[-76.984298177,-1.103853425],[-76.98495471,-1.09996522],[-76.99621225,-1.096768087],[-76.998647009,-1.098711772],[-77.001480871,-1.096580485],[-77.003004229,-1.099027515],[-77.005599685,-1.097643541],[-77.005674414,-1.09582093],[-77.009887394,-1.097239109],[-77.011071145,-1.09585976],[-77.015117637,-1.097542798],[-77.017211879,-1.094760069],[-77.020933183,-1.097671912],[-77.026047124,-1.096813413],[-77.031271033,-1.09696177],[-77.036230279,-1.099611403],[-77.042001713,-1.099844552],[-77.04342874,-1.096827558],[-77.046454365,-1.095203905],[-77.049979978,-1.095135039],[-77.052580464,-1.092424567],[-77.060258094,-1.089738112],[-77.062797345,-1.086597171],[-77.067360263,-1.085533316],[-77.067534637,-1.077948955],[-77.0700837,-1.076214348],[-77.0722658,-1.070357664],[-77.075488249,-1.070315518],[-77.076258933,-1.064962821],[-77.074414631,-1.054954987],[-77.077040975,-1.054280188],[-77.079096046,-1.052123996],[-77.083387199,-1.051785773],[-77.087586043,-1.043232102],[-77.088125431,-1.038579112],[-77.092591045,-1.037062979],[-77.09104891,-1.030157988],[-77.091048894,-1.023973992],[-77.088583652,-1.021974945],[-77.08440439,-1.023169769],[-77.079249033,-1.022342164],[-77.076866995,-1.020410822],[-77.074434581,-1.020894409],[-77.072175049,-1.019199056],[-77.069586489,-1.019334382],[-77.066794049,-1.012984886],[-77.061578192,-1.008388853],[-77.05996454,-1.008314181],[-77.054090643,-1.002476701],[-77.05245057,-0.995686796],[-77.051398295,-0.995834198],[-77.040324735,-0.992151908],[-77.036418065,-0.991961218],[-77.032613225,-0.990539705],[-77.034122225,-0.987618258],[-77.036949663,-0.988979836],[-77.038790057,-0.986342331],[-77.049810877,-0.986865904],[-77.053373456,-0.986031363],[-77.056360308,-0.983037912],[-77.058093297,-0.982814247],[-77.05884938,-0.978339184],[-77.068584147,-0.975495526],[-77.07253229,-0.970713017],[-77.071715206,-0.968973245],[-77.071714789,-0.951391103],[-77.064178237,-0.949101367],[-77.061169694,-0.947278199],[-77.055369924,-0.946593339],[-77.055465675,-0.943737328],[-77.052702781,-0.940792087],[-77.052510481,-0.936689194],[-77.048116748,-0.934647204],[-77.045811174,-0.932196854],[-77.04244723,-0.932140508],[-77.041992563,-0.929276754],[-77.03922728,-0.928492749],[-77.036661594,-0.92358806],[-77.032392042,-0.924296791],[-77.024430335,-0.922377915],[-77.025748596,-0.919345013],[-77.028132348,-0.918947538],[-77.031651103,-0.916236334],[-77.035878851,-0.917064914],[-77.040769854,-0.91591094],[-77.04312549,-0.914057351],[-77.050558451,-0.911546688],[-77.051627997,-0.909074806],[-77.053732267,-0.909966197],[-77.056453848,-0.908666031],[-77.059920056,-0.908523695],[-77.064536344,-0.910721168],[-77.068353111,-0.911106609],[-77.077438501,-0.90966724],[-77.081762539,-0.911379493],[-77.084117406,-0.910642945],[-77.090883917,-0.910652498],[-77.09274441,-0.912966517],[-77.095691637,-0.910732342],[-77.100623403,-0.910477202],[-77.106571754,-0.908133227],[-77.107983777,-0.906273632],[-77.112014776,-0.906890312],[-77.11590593,-0.903806008],[-77.116230958,-0.90159663],[-77.119870825,-0.900275317],[-77.122055161,-0.901358692],[-77.127300405,-0.900529171],[-77.132178262,-0.902141292],[-77.135956313,-0.901899295],[-77.138932476,-0.899954274],[-77.144066664,-0.894684361],[-77.143913605,-0.87448116],[-77.145957018,-0.874081009],[-77.149259901,-0.871165681],[-77.150583578,-0.868304205],[-77.155192938,-0.869135219],[-77.160092522,-0.871153115],[-77.161312912,-0.873676968],[-77.163463893,-0.874216451],[-77.17096167,-0.868610446],[-77.17221026,-0.868995775],[-77.173598417,-0.863189564],[-77.176472528,-0.859880714],[-77.17726253,-0.856644144],[-77.18369347,-0.855704191],[-77.189217014,-0.855838703],[-77.19332932,-0.85786345],[-77.194419225,-0.854630573],[-77.19676915,-0.853701419],[-77.19337471,-0.850325537],[-77.19166025,-0.846860582],[-77.192189013,-0.844792707],[-77.190988826,-0.83948917],[-77.192373531,-0.834343417],[-77.19642995,-0.829132564],[-77.198104408,-0.824873161],[-77.201012502,-0.820786891],[-77.203607977,-0.813533166],[-77.204823449,-0.807766126],[-77.207141807,-0.802430027],[-77.205721564,-0.798738486],[-77.201593484,-0.798233062],[-77.195118948,-0.795002609],[-77.188863874,-0.785323606],[-77.187090132,-0.778944851],[-77.185780427,-0.770990174],[-77.179483019,-0.768763256],[-77.169309771,-0.76277116],[-77.164541379,-0.762157844],[-77.158276032,-0.764086782],[-77.153257627,-0.764547982],[-77.149524065,-0.760926287],[-77.148090752,-0.752142674],[-77.140520645,-0.748696772],[-77.136766688,-0.743993275],[-77.135177141,-0.73848925],[-77.131309915,-0.733446635],[-77.124977761,-0.730694611],[-77.122476267,-0.728996775],[-77.119490607,-0.724743104],[-77.115821113,-0.712016608],[-77.115469015,-0.707508516],[-77.113077184,-0.70230613],[-77.113434586,-0.700443611],[-77.118256409,-0.696277769],[-77.122776824,-0.694805589],[-77.123197471,-0.697892149],[-77.126339851,-0.699256071],[-77.129902143,-0.694852664],[-77.132607475,-0.693971233],[-77.139237079,-0.695791802],[-77.141882875,-0.69522079],[-77.146235545,-0.696299118],[-77.151626468,-0.704328371],[-77.155324821,-0.707734844],[-77.162751408,-0.70713201],[-77.164576837,-0.708888986],[-77.165996005,-0.714180426],[-77.168922454,-0.718613342],[-77.170660873,-0.725099293],[-77.174060996,-0.730499975],[-77.175509594,-0.734549563],[-77.177283423,-0.734198803],[-77.182153317,-0.736541562],[-77.183982896,-0.738998446],[-77.183789991,-0.742609581],[-77.18828439,-0.747419031],[-77.190121708,-0.751882254],[-77.189876613,-0.755426489],[-77.193297849,-0.755601481],[-77.191919393,-0.758241889],[-77.196265805,-0.758623118],[-77.200467464,-0.761760517],[-77.199432882,-0.767248303],[-77.20277884,-0.766740164],[-77.204417726,-0.770166715],[-77.207609397,-0.772429095],[-77.211314968,-0.773139424],[-77.214163309,-0.771947729],[-77.220417266,-0.772636456],[-77.226512895,-0.775326644],[-77.23010652,-0.779280543],[-77.235447441,-0.780886894],[-77.237640855,-0.783823241],[-77.236471361,-0.786136709],[-77.237807371,-0.788649512],[-77.242501225,-0.789510095],[-77.243688067,-0.791671659],[-77.246119613,-0.791032539],[-77.248701216,-0.793722076],[-77.252937179,-0.793256583],[-77.252991055,-0.796660414],[-77.2546796,-0.799001618],[-77.254770523,-0.804691404],[-77.25738132,-0.806592781],[-77.255766478,-0.809289237],[-77.259883957,-0.810006075],[-77.262441245,-0.818471421],[-77.264179596,-0.820812736],[-77.260444619,-0.822120581],[-77.26256283,-0.825508484],[-77.266724723,-0.828249825],[-77.271782435,-0.828437357],[-77.274061636,-0.83097271],[-77.275129048,-0.83519452],[-77.277497254,-0.837704902],[-77.280720883,-0.8389943],[-77.284050186,-0.837704005],[-77.286244987,-0.835395027],[-77.288303532,-0.837930219],[-77.294243692,-0.838588011],[-77.294389379,-0.842626302],[-77.295626853,-0.843928154],[-77.299238511,-0.84148435],[-77.299198538,-0.846110117],[-77.302635741,-0.843727054],[-77.304506587,-0.845283928],[-77.308670325,-0.839986044],[-77.310954021,-0.84036445],[-77.314653617,-0.842876195],[-77.319661411,-0.848494649],[-77.321207798,-0.846890855],[-77.324340355,-0.84679352],[-77.325461213,-0.851008462],[-77.328394565,-0.850789117],[-77.333125861,-0.854004249],[-77.331313207,-0.858567562],[-77.335554268,-0.860735953],[-77.337022868,-0.858630412],[-77.34261592,-0.861836296],[-77.345991469,-0.860581215],[-77.351993522,-0.861680651],[-77.350451666,-0.863930446],[-77.354082678,-0.864857027],[-77.353992037,-0.868312233],[-77.352267205,-0.871284243],[-77.35673378,-0.873979456],[-77.360821253,-0.870149727],[-77.363814756,-0.870697309],[-77.36608683,-0.869247051],[-77.369229146,-0.873018878],[-77.369703211,-0.875595565],[-77.36529724,-0.878886065],[-77.365590509,-0.879927923],[-77.37203305,-0.879240495],[-77.373018689,-0.882880298],[-77.379434674,-0.882229159],[-77.380312072,-0.883936694],[-77.378671342,-0.888189338],[-77.383360448,-0.888658381],[-77.384373251,-0.891688599],[-77.387580768,-0.890923476],[-77.39003774,-0.888819771],[-77.392319218,-0.889513871],[-77.393858518,-0.893916877],[-77.396957207,-0.895750876],[-77.400296484,-0.896209053],[-77.401081787,-0.89307544],[-77.402696672,-0.892018219],[-77.408717822,-0.893465214],[-77.411625011,-0.893133611],[-77.413864169,-0.890538437],[-77.416282398,-0.89125179],[-77.420234577,-0.890206386],[-77.422479387,-0.891599977],[-77.420865777,-0.897183085],[-77.423950888,-0.897467081],[-77.426382245,-0.902272489],[-77.43188201,-0.901161744],[-77.432447931,-0.899105765],[-77.437847305,-0.897773175],[-77.441477884,-0.895607414],[-77.44524614,-0.896381356],[-77.445867449,-0.897912921],[-77.450949429,-0.898932807],[-77.454478662,-0.901484059],[-77.456520673,-0.904542279],[-77.454561164,-0.910360337],[-77.454022026,-0.914119377],[-77.454683248,-0.917524106],[-77.458307522,-0.91610187],[-77.462104681,-0.912667642],[-77.468856459,-0.916400499],[-77.470189261,-0.919020037],[-77.469543579,-0.921317621],[-77.471297351,-0.925424242],[-77.473712241,-0.926039648],[-77.475336702,-0.928855675],[-77.477573614,-0.929242108],[-77.480002341,-0.931513833],[-77.484285151,-0.933810492],[-77.489570225,-0.939435324],[-77.493095979,-0.941061198],[-77.495648357,-0.940290856],[-77.49861532,-0.945070008],[-77.500760773,-0.942908793],[-77.506586065,-0.942466696],[-77.507970902,-0.946202563],[-77.511736058,-0.94443949],[-77.515592804,-0.950790601],[-77.519005494,-0.947859504],[-77.52137709,-0.947548903],[-77.527911141,-0.950592965],[-77.531068724,-0.950010771],[-77.533461902,-0.948322719],[-77.536968193,-0.942668996],[-77.543994098,-0.940896416],[-77.552610909,-0.940707522],[-77.556734194,-0.939399834],[-77.564644361,-0.943417158],[-77.567253785,-0.942756682],[-77.568390037,-0.93260624],[-77.573856008,-0.931020225],[-77.575161776,-0.931390041],[-77.578205731,-0.93530957],[-77.5838135,-0.933375901],[-77.588665058,-0.929123133],[-77.590842887,-0.928225581],[-77.591288294,-0.924193267],[-77.590118169,-0.920059175],[-77.588193166,-0.919618254],[-77.588855941,-0.914026202],[-77.587363514,-0.911901817],[-77.583498124,-0.911867808],[-77.581096929,-0.913809651],[-77.577494684,-0.912582785],[-77.577127467,-0.910566915],[-77.571069942,-0.908954205],[-77.569990908,-0.907865972],[-77.564939256,-0.906935231],[-77.560111039,-0.903193546],[-77.556812384,-0.90231826],[-77.552041175,-0.902361494],[-77.551041073,-0.899397678],[-77.55178588,-0.893635138],[-77.550600271,-0.882320191],[-77.548060514,-0.88222224],[-77.545959483,-0.877952324],[-77.542017253,-0.877471971],[-77.54115532,-0.875142118],[-77.536445325,-0.875296862],[-77.534815369,-0.873300763],[-77.536357972,-0.868985156],[-77.535624921,-0.865932064],[-77.536249486,-0.857731135],[-77.534009462,-0.854323056],[-77.534991536,-0.849431009],[-77.53668241,-0.845812643],[-77.533452273,-0.842713126],[-77.529676089,-0.841093342],[-77.529928023,-0.838029224],[-77.528210327,-0.835774536],[-77.530249367,-0.834167207],[-77.530354844,-0.829038471],[-77.528049025,-0.824785786],[-77.528424381,-0.822627555],[-77.524737626,-0.820712699],[-77.528204001,-0.817332039],[-77.52809886,-0.814201855],[-77.529702738,-0.810430219],[-77.534770702,-0.803113276],[-77.534706864,-0.800376914],[-77.542050787,-0.795034465],[-77.542189799,-0.790561657],[-77.540211346,-0.789183715],[-77.539857962,-0.785964928],[-77.53581517,-0.783746607],[-77.53718435,-0.781324927],[-77.536147262,-0.778213108],[-77.537744822,-0.775139309],[-77.535088975,-0.771965237],[-77.536689292,-0.768388471],[-77.53428742,-0.762233898],[-77.530104187,-0.757535425],[-77.530155286,-0.755958494],[-77.527547623,-0.752227819],[-77.523771347,-0.744436177],[-77.528563085,-0.743138385],[-77.527805147,-0.74052608],[-77.52255476,-0.735914771],[-77.521002836,-0.7329579],[-77.514094899,-0.728440286],[-77.511341038,-0.724264978],[-77.510484358,-0.719709825],[-77.505345352,-0.715234543],[-77.499917133,-0.7071594],[-77.499578237,-0.705212362],[-77.496950711,-0.701994745],[-77.503997569,-0.694308399],[-77.511038044,-0.689995054],[-77.518329779,-0.681689303],[-77.520577711,-0.675177061],[-77.524673382,-0.670449793],[-77.524710026,-0.667662493],[-77.527315577,-0.662563904],[-77.52644181,-0.658065074],[-77.527900758,-0.654700231],[-77.522742498,-0.650292938],[-77.526365707,-0.647922257],[-77.528373629,-0.644389767],[-77.531422511,-0.642153041],[-77.532670639,-0.639131355],[-77.534256759,-0.631560562],[-77.532755924,-0.630035639],[-77.532004772,-0.626044498],[-77.533630832,-0.624360093],[-77.537775241,-0.622937288],[-77.538654822,-0.620823274],[-77.541791112,-0.619021335],[-77.547530866,-0.620310521],[-77.552841521,-0.620261523],[-77.558071905,-0.618530254],[-77.558939918,-0.615950241],[-77.564008366,-0.612112645],[-77.569053471,-0.609625818],[-77.576364106,-0.612771608],[-77.580734529,-0.608079091],[-77.581125527,-0.601536937],[-77.586045941,-0.597888894],[-77.588144127,-0.595301571],[-77.587012138,-0.589444994],[-77.589109142,-0.588160758],[-77.590725361,-0.584615726],[-77.589834192,-0.578471765],[-77.590484932,-0.57386997],[-77.592835011,-0.573563134],[-77.593974481,-0.569327208],[-77.596955706,-0.565386271],[-77.605292848,-0.560047821],[-77.613043286,-0.564379032],[-77.617801223,-0.562532292],[-77.620722105,-0.560383374],[-77.623281074,-0.556021475],[-77.624152463,-0.551407679],[-77.626954633,-0.549282538],[-77.628653935,-0.545531832],[-77.628216531,-0.542413156],[-77.626603641,-0.540938014],[-77.619598695,-0.533844069],[-77.618251246,-0.529783817],[-77.615280481,-0.525594464],[-77.608440083,-0.519906225],[-77.601678452,-0.519140538],[-77.599500801,-0.516620317],[-77.595195187,-0.514904321],[-77.586648568,-0.507208402],[-77.582598797,-0.506212221],[-77.581253261,-0.503395859],[-77.575688979,-0.500498911],[-77.572584757,-0.500374219],[-77.567806095,-0.498985821],[-77.565686044,-0.497161082],[-77.563526675,-0.497934127],[-77.559688651,-0.494404807],[-77.562143697,-0.490955744],[-77.561650858,-0.489282885],[-77.563655334,-0.486884923],[-77.567405798,-0.485591141],[-77.567399244,-0.481434602],[-77.566222198,-0.476213066],[-77.568850803,-0.471085187],[-77.568224581,-0.469310948],[-77.570965845,-0.465392398],[-77.571093443,-0.462930205],[-77.571266095,-0.460545141],[-77.569341232,-0.459102043],[-77.565668545,-0.458424312],[-77.561944675,-0.455475271],[-77.554356418,-0.45314539],[-77.547236852,-0.452716398],[-77.543007394,-0.457591541],[-77.542320461,-0.460248518],[-77.536477121,-0.461773941],[-77.535051692,-0.464425905],[-77.534932038,-0.467517672],[-77.528460014,-0.476203961],[-77.525354767,-0.477129504],[-77.518352381,-0.477414261],[-77.516190694,-0.482714212],[-77.512093007,-0.486293983],[-77.50460563,-0.489191185],[-77.501614207,-0.489239274],[-77.498746644,-0.491930505],[-77.494586527,-0.491624125],[-77.491400148,-0.492607378],[-77.487720436,-0.497322909],[-77.485528857,-0.496362923],[-77.482910606,-0.497306475],[-77.480460995,-0.496635641],[-77.473866408,-0.501876732],[-77.466562446,-0.503631681],[-77.461779572,-0.505816597],[-77.461158866,-0.508171507],[-77.455623382,-0.511765093],[-77.453692855,-0.511110344],[-77.450079531,-0.512484481],[-77.439885619,-0.512378753],[-77.436778076,-0.515033706],[-77.432179999,-0.521355542],[-77.428752706,-0.522043554],[-77.428230355,-0.519113274],[-77.424689235,-0.517354804],[-77.424818387,-0.515566649],[-77.421885789,-0.514393148],[-77.420801949,-0.510998859],[-77.418125879,-0.509434908],[-77.417808145,-0.504629128],[-77.414003205,-0.503863713],[-77.410712395,-0.500321321],[-77.40825949,-0.500807332],[-77.405608824,-0.498397724],[-77.403280679,-0.498597121],[-77.40130605,-0.496764849],[-77.391585403,-0.495333276],[-77.390537732,-0.491440719],[-77.385048628,-0.481805686],[-77.384004507,-0.476357332],[-77.38404254,-0.471663017],[-77.385064675,-0.469221757],[-77.382350894,-0.46261484],[-77.378240383,-0.463639444],[-77.374705438,-0.461898464],[-77.37197498,-0.458553735],[-77.370600337,-0.455146406],[-77.373067122,-0.450933734],[-77.3693913,-0.44855609],[-77.370297302,-0.444725881],[-77.368322923,-0.442356275],[-77.36377363,-0.442848536],[-77.365908815,-0.436567909],[-77.367675449,-0.434235979],[-77.365011954,-0.428816608],[-77.360314804,-0.42841541],[-77.358341255,-0.426775675],[-77.357982104,-0.42348837],[-77.354857994,-0.419933679],[-77.3516229,-0.419327097],[-77.345172949,-0.419902171],[-77.331359882,-0.425523742],[-77.326987481,-0.424176004],[-77.328271424,-0.421251041],[-77.327721605,-0.416966453],[-77.32532456,-0.414976157],[-77.326693967,-0.411857635],[-77.325814023,-0.409082851],[-77.322302794,-0.405581767],[-77.325659907,-0.402509133],[-77.328007627,-0.398284845],[-77.325769757,-0.393437961],[-77.326610447,-0.388857888],[-77.32632144,-0.379400899],[-77.329210297,-0.37689088],[-77.330862773,-0.373837434],[-77.334140555,-0.370263889],[-77.324066173,-0.370263464],[-77.322155893,-0.366529699],[-77.320518795,-0.365658776],[-77.319124584,-0.360879227],[-77.316991721,-0.356768264],[-77.31042074,-0.350782398],[-77.308767901,-0.353352007],[-77.306809711,-0.353945124],[-77.301605556,-0.346223055],[-77.297703425,-0.336299645],[-77.296451489,-0.338233868],[-77.292975431,-0.340368592],[-77.285780129,-0.342466777],[-77.281969331,-0.340293474],[-77.278058122,-0.341093099],[-77.274983415,-0.33721439],[-77.274457032,-0.332487467],[-77.275821148,-0.330899081],[-77.271705487,-0.326699072],[-77.268556932,-0.324828563],[-77.26615587,-0.320693031],[-77.268363303,-0.315316356],[-77.266407025,-0.312268162],[-77.261409439,-0.309085553],[-77.256440812,-0.308293245],[-77.257357535,-0.303419545],[-77.256241916,-0.301867658],[-77.257773226,-0.299127151],[-77.256599292,-0.296044308],[-77.259204751,-0.292910752],[-77.259218513,-0.290904737],[-77.262156073,-0.286875786],[-77.2623622,-0.284862702],[-77.258021876,-0.281251736],[-77.259607849,-0.278013253],[-77.255472126,-0.270900508],[-77.25359727,-0.269830227],[-77.255523429,-0.267812625],[-77.259179851,-0.26891539],[-77.262316708,-0.268336395],[-77.263435484,-0.265799994],[-77.267750342,-0.262329292],[-77.274447913,-0.262030738],[-77.274696602,-0.259601163],[-77.270174324,-0.254173809],[-77.265818908,-0.254697651],[-77.265216829,-0.246595024],[-77.262764618,-0.243824891],[-77.260536339,-0.238717964],[-77.261370599,-0.237929614],[-77.262372213,-0.236450471],[-77.266198037,-0.240218063],[-77.269247361,-0.23868538],[-77.268412813,-0.236303654],[-77.272802494,-0.230189593],[-77.275324932,-0.223653628],[-77.275794603,-0.216517316],[-77.280688828,-0.209505312],[-77.286935123,-0.2055094],[-77.289117474,-0.205925549],[-77.292641411,-0.203627801],[-77.298351476,-0.204600866],[-77.298488849,-0.201520849],[-77.297142961,-0.194213761],[-77.298647039,-0.191560077],[-77.295629708,-0.189919431],[-77.299577163,-0.182977839],[-77.299622868,-0.179624672],[-77.2954916,-0.171935552],[-77.295953314,-0.166597707],[-77.299242526,-0.165072758],[-77.29621571,-0.161118574],[-77.293301467,-0.155106739],[-77.297057626,-0.151799417],[-77.29693231,-0.145401907],[-77.294021144,-0.140820636],[-77.292096955,-0.139322804],[-77.28842169,-0.138416137],[-77.280274396,-0.138886856],[-77.278443978,-0.136665686],[-77.282299692,-0.127600138],[-77.285858318,-0.123862976],[-77.286106029,-0.1036428],[-77.28857641,-0.101334786],[-77.291260473,-0.09457446],[-77.2960712,-0.08964517],[-77.294378961,-0.079599654],[-77.296867927,-0.075143791],[-77.300530617,-0.074424286],[-77.301611151,-0.071577725],[-77.294385754,-0.070372062],[-77.296509991,-0.067620181],[-77.296552156,-0.064834775],[-77.299109994,-0.059375774],[-77.304974656,-0.059376166],[-77.305673985,-0.055069149],[-77.302011833,-0.051397403],[-77.296020706,-0.049904091],[-77.293173488,-0.048530409],[-77.291248147,-0.045963616],[-77.288063239,-0.045531892],[-77.286146774,-0.046058898],[-77.281282759,-0.045055388],[-77.278649038,-0.045413556]]]]},"properties":{"codigo":"22","nombre":"ORELLANA","nivel":"Provincia","codigo_provincia":"22","provincia":"ORELLANA"},"id":"22"},{"type":"Feature","geometry":{"type":"MultiPolygon","coordinates":[[[[-77.066794049,-1.012984886],[-77.069586489,-1.019334382],[-77.072175049,-1.019199056],[-77.074434581,-1.020894409],[-77.076866995,-1.020410822],[-77.079249033,-1.022342164],[-77.08440439,-1.023169769],[-77.088583652,-1.021974945],[-77.091048894,-1.023973992],[-77.09104891,-1.030157988],[-77.092591045,-1.037062979],[-77.088125431,-1.038579112],[-77.087586043,-1.043232102],[-77.083387199,-1.051785773],[-77.079096046,-1.052123996],[-77.077040975,-1.054280188],[-77.074414631,-1.054954987],[-77.076258933,-1.064962821],[-77.075488249,-1.070315518],[-77.0722658,-1.070357664],[-77.0700837,-1.076214348],[-77.067534637,-1.077948955],[-77.067360263,-1.085533316],[-77.062797345,-1.086597171],[-77.060258094,-1.089738112],[-77.052580464,-1.092424567],[-77.049979978,-1.095135039],[-77.046454365,-1.095203905],[-77.04342874,-1.096827558],[-77.042001713,-1.099844552],[-77.036230279,-1.099611403],[-77.031271033,-1.09696177],[-77.026047124,-1.096813413],[-77.020933183,-1.097671912],[-77.017211879,-1.094760069],[-77.015117637,-1.097542798],[-77.011071145,-1.09585976],[-77.009887394,-1.097239109],[-77.005674414,-1.09582093],[-77.005599685,-1.097643541],[-77.003004229,-1.099027515],[-77.001480871,-1.096580485],[-76.998647009,-1.098711772],[-76.99621225,-1.096768087],[-76.98495471,-1.09996522],[-76.984298177,-1.103853425],[-76.981044934,-1.105247554],[-76.978809347,-1.103403153],[-76.974721408,-1.103409041],[-76.968023608,-1.110669957],[-76.962561351,-1.11563465],[-76.958784548,-1.117064596],[-76.956446016,-1.116264634],[-76.95535165,-1.121202609],[-76.951456571,-1.120530998],[-76.94940251,-1.122044357],[-76.945008152,-1.121915848],[-76.943236393,-1.12063085],[-76.940172818,-1.121192772],[-76.938031479,-1.123652108],[-76.935689996,-1.120744776],[-76.933090892,-1.119732335],[-76.928952075,-1.123570721],[-76.923885197,-1.122820635],[-76.921198561,-1.121069087],[-76.917415564,-1.121692201],[-76.916834899,-1.12439946],[-76.913425532,-1.124845915],[-76.913804354,-1.127083941],[-76.90700043,-1.126313255],[-76.903255146,-1.12655268],[-76.901379557,-1.127722335],[-76.896913752,-1.127135807],[-76.897712786,-1.130768473],[-76.891445444,-1.131005457],[-76.891519168,-1.134233565],[-76.88944428,-1.140125503],[-76.886088745,-1.141587333],[-76.881001217,-1.145549043],[-76.87941723,-1.145109111],[-76.876484478,-1.147406439],[-76.878199462,-1.152355903],[-76.874464351,-1.151772671],[-76.872011242,-1.153719692],[-76.86909287,-1.157544984],[-76.863642124,-1.15909123],[-76.861869771,-1.161043971],[-76.853187742,-1.163058099],[-76.848847674,-1.161005625],[-76.848304017,-1.15808408],[-76.845730232,-1.159047191],[-76.84171752,-1.158629423],[-76.838147993,-1.156851483],[-76.837371396,-1.159955163],[-76.833339367,-1.160009611],[-76.831883706,-1.157918479],[-76.83259971,-1.151878948],[-76.834150416,-1.148629746],[-76.831211665,-1.145375235],[-76.831148785,-1.141774931],[-76.832383187,-1.140166613],[-76.832431542,-1.114384484],[-76.829775331,-1.11188537],[-76.825446998,-1.113086492],[-76.823190758,-1.112682789],[-76.817597339,-1.109466215],[-76.813089407,-1.1118667],[-76.808064803,-1.110399425],[-76.805997235,-1.111631904],[-76.802454978,-1.110794854],[-76.800933502,-1.107423],[-76.796118734,-1.105388121],[-76.794038405,-1.101673091],[-76.78791109,-1.097072183],[-76.783629106,-1.096292634],[-76.782515048,-1.097410514],[-76.778853675,-1.094521706],[-76.775652922,-1.096329063],[-76.773650931,-1.0906148],[-76.768634466,-1.095128454],[-76.763190845,-1.09603559],[-76.761903761,-1.098891207],[-76.757686539,-1.09585347],[-76.752679,-1.098278821],[-76.7534845,-1.095520427],[-76.749675923,-1.093176896],[-76.746813081,-1.09676783],[-76.746751758,-1.098539472],[-76.733881985,-1.103004887],[-76.731379387,-1.10442779],[-76.730172237,-1.102640386],[-76.727018705,-1.103867552],[-76.725761093,-1.099373271],[-76.72225693,-1.098176592],[-76.72221438,-1.094578522],[-76.720470121,-1.09272036],[-76.721489157,-1.090711925],[-76.719436876,-1.087678387],[-76.721084964,-1.083881034],[-76.720539434,-1.082253959],[-76.714692443,-1.080860314],[-76.709660374,-1.081568723],[-76.708482891,-1.082533942],[-76.704338471,-1.080848523],[-76.701774234,-1.080986956],[-76.692364347,-1.077382385],[-76.687228663,-1.077502093],[-76.685718345,-1.07469015],[-76.680337437,-1.068674293],[-76.676574229,-1.069660235],[-76.671507305,-1.068312798],[-76.667695443,-1.068509518],[-76.652858314,-1.056810945],[-76.652223609,-1.059563025],[-76.648879742,-1.061309424],[-76.638424398,-1.061403247],[-76.635407046,-1.062490264],[-76.632960036,-1.061533077],[-76.626865861,-1.063356226],[-76.623618462,-1.065414685],[-76.622304861,-1.064721126],[-76.617405543,-1.066237192],[-76.615199013,-1.065555778],[-76.61331548,-1.068172996],[-76.612702209,-1.071122601],[-76.609318202,-1.071723935],[-76.607374283,-1.069355317],[-76.605244991,-1.072275932],[-76.602357399,-1.072799802],[-76.599756212,-1.069949931],[-76.592615163,-1.067881088],[-76.590919507,-1.068612408],[-76.585848383,-1.066801828],[-76.583333343,-1.067989998],[-76.576798307,-1.063228406],[-76.572577135,-1.064378064],[-76.56923313,-1.061174623],[-76.567577585,-1.061917555],[-76.563308925,-1.059540105],[-76.561223513,-1.062458219],[-76.556060615,-1.06270132],[-76.55487031,-1.065129388],[-76.549701503,-1.068104101],[-76.546661058,-1.068529848],[-76.543064066,-1.061333102],[-76.540180917,-1.060754248],[-76.537980745,-1.058750236],[-76.537495532,-1.054445305],[-76.532970815,-1.054259491],[-76.530776283,-1.051968194],[-76.528228059,-1.053307597],[-76.526918254,-1.056057732],[-76.526775984,-1.060035225],[-76.523190372,-1.057674605],[-76.519111737,-1.063187597],[-76.518722515,-1.067396641],[-76.514222593,-1.070708058],[-76.516454169,-1.072561284],[-76.514934141,-1.074405149],[-76.517398748,-1.076432463],[-76.518517875,-1.080256183],[-76.516491208,-1.083523484],[-76.518428386,-1.086930338],[-76.514197354,-1.093014064],[-76.513768587,-1.095640352],[-76.516105179,-1.099534656],[-76.517014182,-1.103798854],[-76.520596605,-1.102985759],[-76.523923729,-1.10484267],[-76.524552149,-1.107122657],[-76.521546034,-1.110943497],[-76.521539832,-1.114262987],[-76.524682593,-1.114955092],[-76.52207459,-1.11965352],[-76.516340035,-1.120024119],[-76.518062578,-1.125398562],[-76.516292852,-1.128796897],[-76.518716032,-1.131535094],[-76.522102777,-1.131769266],[-76.524170112,-1.138910266],[-76.5209366,-1.140786645],[-76.521753869,-1.143985244],[-76.520213412,-1.146624571],[-76.522352931,-1.148447826],[-76.525512572,-1.149267541],[-76.525529092,-1.153262442],[-76.528666713,-1.156343052],[-76.526509595,-1.157572453],[-76.528180195,-1.161773323],[-76.52561934,-1.163723716],[-76.529141194,-1.167596807],[-76.526169422,-1.169401905],[-76.525422942,-1.173644722],[-76.525857994,-1.17692652],[-76.521459424,-1.176471948],[-76.523669588,-1.179901229],[-76.523627122,-1.181988082],[-76.520545855,-1.182862463],[-76.520800979,-1.186392376],[-76.523894277,-1.185414221],[-76.524572359,-1.182470482],[-76.527639457,-1.18304821],[-76.526781011,-1.18609667],[-76.528413888,-1.188018024],[-76.526494806,-1.19008631],[-76.530351941,-1.191829945],[-76.527404042,-1.196698209],[-76.520458684,-1.195727444],[-76.519694927,-1.198833287],[-76.516686453,-1.20012652],[-76.516251997,-1.203016321],[-76.519671289,-1.203511198],[-76.518032104,-1.207287942],[-76.514204693,-1.208072068],[-76.514183319,-1.211695164],[-76.512413729,-1.212219599],[-76.508869271,-1.207846616],[-76.507096022,-1.20916332],[-76.505936335,-1.212223084],[-76.502013117,-1.217554772],[-76.500105332,-1.214573408],[-76.497953719,-1.215300013],[-76.497305973,-1.219873521],[-76.495923206,-1.220193342],[-76.494254182,-1.215868895],[-76.492467815,-1.216524511],[-76.493909152,-1.220181588],[-76.489394153,-1.222457055],[-76.49238916,-1.224235397],[-76.488018038,-1.228713035],[-76.485053008,-1.230272197],[-76.482219239,-1.236230676],[-76.479387942,-1.236519328],[-76.477750308,-1.239641331],[-76.475193132,-1.241856146],[-76.476770743,-1.24474744],[-76.481515199,-1.244537298],[-76.483028699,-1.245409712],[-76.478068135,-1.249288364],[-76.474685299,-1.249758549],[-76.474717101,-1.251949188],[-76.471549875,-1.257319884],[-76.467350063,-1.257240948],[-76.466763251,-1.261366905],[-76.464991684,-1.261685932],[-76.463160632,-1.258028221],[-76.460099127,-1.248863392],[-76.457320706,-1.248083036],[-76.456305651,-1.252418177],[-76.454105214,-1.253303184],[-76.451531958,-1.250423333],[-76.448553609,-1.252177926],[-76.44942289,-1.256743003],[-76.452403936,-1.260279788],[-76.456339828,-1.256647768],[-76.457406831,-1.259984353],[-76.45083174,-1.264572137],[-76.451211045,-1.271361484],[-76.444907498,-1.269799275],[-76.442292064,-1.26736672],[-76.437398981,-1.265926353],[-76.437444646,-1.263540302],[-76.439781701,-1.259070428],[-76.438504255,-1.257487359],[-76.434497925,-1.257366955],[-76.432314006,-1.259003556],[-76.43093452,-1.264948499],[-76.42899175,-1.267629415],[-76.424144558,-1.270478121],[-76.419358816,-1.272098063],[-76.415456712,-1.270062924],[-76.410087715,-1.26302046],[-76.408688621,-1.259880331],[-76.402661657,-1.256290589],[-76.395671751,-1.254357452],[-76.395716317,-1.259356185],[-76.392208499,-1.262344338],[-76.391956794,-1.2672769],[-76.38870657,-1.268696683],[-76.387120163,-1.270972425],[-76.379252461,-1.269520714],[-76.373389189,-1.274019522],[-76.368963347,-1.273391168],[-76.37113735,-1.267281215],[-76.365122679,-1.270318339],[-76.364628306,-1.271713189],[-76.366391081,-1.276840086],[-76.361233484,-1.277808914],[-76.357413468,-1.279764326],[-76.356255859,-1.28349608],[-76.366858714,-1.287666931],[-76.367642392,-1.28951028],[-76.365680148,-1.294426383],[-76.363390287,-1.294388759],[-76.360534856,-1.292512968],[-76.358073591,-1.292885398],[-76.354578352,-1.290898693],[-76.350552555,-1.291292094],[-76.345475695,-1.293515852],[-76.341808545,-1.297431336],[-76.342280973,-1.300920268],[-76.336801023,-1.300633308],[-76.331507765,-1.304536107],[-76.327607773,-1.306170209],[-76.321665846,-1.304527213],[-76.318227397,-1.302717152],[-76.31150107,-1.307409149],[-76.310672237,-1.306982933],[-76.309838124,-1.299175354],[-76.307756459,-1.299448195],[-76.304743656,-1.306531602],[-76.301678718,-1.308811297],[-76.295517607,-1.310431433],[-76.294540118,-1.304575204],[-76.291871519,-1.30565802],[-76.289290905,-1.31292454],[-76.287479084,-1.319712963],[-76.2834747,-1.314571478],[-76.287125736,-1.310982107],[-76.285671407,-1.309172241],[-76.27885141,-1.305777721],[-76.275090632,-1.304720939],[-76.268373888,-1.306372133],[-76.266400939,-1.303076326],[-76.268036586,-1.299793324],[-76.271282469,-1.297312503],[-76.266977423,-1.295807451],[-76.262215831,-1.297653226],[-76.260710917,-1.300745607],[-76.25633618,-1.301691523],[-76.255587337,-1.306043661],[-76.253588485,-1.307101404],[-76.250105309,-1.303444957],[-76.250349648,-1.293193763],[-76.249308823,-1.288915807],[-76.245573657,-1.286922866],[-76.241275226,-1.297852125],[-76.238526626,-1.300625959],[-76.235351144,-1.300387334],[-76.231463416,-1.297654578],[-76.229157796,-1.294883106],[-76.224498346,-1.296102739],[-76.223574806,-1.292528845],[-76.22586143,-1.289611057],[-76.219746745,-1.286432879],[-76.215455072,-1.290640911],[-76.211278393,-1.296703716],[-76.202927243,-1.29822034],[-76.200606357,-1.297327366],[-76.199492089,-1.294391295],[-76.195359962,-1.295707244],[-76.189795493,-1.28997788],[-76.18852706,-1.287107165],[-76.186305432,-1.287019451],[-76.185122224,-1.289241458],[-76.17819184,-1.288417247],[-76.177141756,-1.289166591],[-76.177434471,-1.294164224],[-76.176397956,-1.300244584],[-76.172432248,-1.298227389],[-76.170466059,-1.294687522],[-76.166585497,-1.294650247],[-76.164020113,-1.297781839],[-76.163426895,-1.301286922],[-76.161147613,-1.30164506],[-76.157125906,-1.300463771],[-76.153263191,-1.295457012],[-76.152400434,-1.293046346],[-76.151974126,-1.285413052],[-76.150620308,-1.282004474],[-76.14733186,-1.284092334],[-76.146839367,-1.288875962],[-76.144018687,-1.289223536],[-76.142524942,-1.284646012],[-76.139217539,-1.28424374],[-76.139405341,-1.280170344],[-76.136896466,-1.276044101],[-76.134614023,-1.27499985],[-76.131599019,-1.275390023],[-76.130424631,-1.277381701],[-76.130305838,-1.282557078],[-76.12903035,-1.285364238],[-76.127182344,-1.285174646],[-76.123279371,-1.27751511],[-76.122573617,-1.274788847],[-76.119791698,-1.273495612],[-76.113211801,-1.272540956],[-76.111250477,-1.279042302],[-76.108931941,-1.280212456],[-76.10559261,-1.279246072],[-76.102643242,-1.281941376],[-76.099028232,-1.279549439],[-76.096860577,-1.279276954],[-76.094410361,-1.281180182],[-76.090180205,-1.281428388],[-76.088023957,-1.284500764],[-76.088764668,-1.290559902],[-76.085652132,-1.294924186],[-76.08240271,-1.296545522],[-76.076622273,-1.29284359],[-76.074862635,-1.289912716],[-76.07316482,-1.282549109],[-76.071617487,-1.280101621],[-76.065669229,-1.278072507],[-76.063144743,-1.278597046],[-76.063900169,-1.281295756],[-76.068012372,-1.28685567],[-76.065258682,-1.288266891],[-76.058177832,-1.285040705],[-76.057418096,-1.288280178],[-76.061418655,-1.292709465],[-76.063066543,-1.297026855],[-76.064340322,-1.303625812],[-76.062755478,-1.307085448],[-76.057351841,-1.307711469],[-76.054435898,-1.304851071],[-76.054339531,-1.303241141],[-76.057217728,-1.299955806],[-76.054924983,-1.298284302],[-76.052420038,-1.299724542],[-76.050199705,-1.29738068],[-76.044162365,-1.298620756],[-76.044307639,-1.300667169],[-76.046742404,-1.302389025],[-76.043466374,-1.305566181],[-76.039871056,-1.304829295],[-76.040123741,-1.310073855],[-76.034755426,-1.314491565],[-76.033327448,-1.310510985],[-76.02746382,-1.310220238],[-76.026662988,-1.316192301],[-76.023808477,-1.314712819],[-76.023174684,-1.311721151],[-76.02418885,-1.30928365],[-76.016454657,-1.309625851],[-76.011541773,-1.306690035],[-76.009442076,-1.311722175],[-76.008930829,-1.315033401],[-76.005790026,-1.314590677],[-76.005677303,-1.310512748],[-76.002431677,-1.309175605],[-75.997673841,-1.31553933],[-75.997145477,-1.319103223],[-75.997805142,-1.323915474],[-75.99438995,-1.328570372],[-75.998752087,-1.330176964],[-75.996932773,-1.334719461],[-75.992070832,-1.337153662],[-75.988800813,-1.337373462],[-75.986979265,-1.336010515],[-75.985729892,-1.332896109],[-75.981129157,-1.335080421],[-75.977616149,-1.332485983],[-75.974857739,-1.331645729],[-75.973703328,-1.329029939],[-75.971405655,-1.329983787],[-75.971222474,-1.332687427],[-75.97420882,-1.335605057],[-75.973834181,-1.338079399],[-75.968262844,-1.341072324],[-75.968695002,-1.345222224],[-75.965244215,-1.34698909],[-75.961638346,-1.344685338],[-75.959198364,-1.34571749],[-75.95844394,-1.353105318],[-75.955219432,-1.355437685],[-75.951874793,-1.354014307],[-75.949825902,-1.354961383],[-75.948569212,-1.3577485],[-75.945532399,-1.355281395],[-75.940788687,-1.349949463],[-75.93916661,-1.350732902],[-75.938555231,-1.354229492],[-75.939356336,-1.358608895],[-75.935308206,-1.360574588],[-75.932106593,-1.358786695],[-75.930393428,-1.355542746],[-75.927069763,-1.35435548],[-75.925699895,-1.350075107],[-75.923445979,-1.350542454],[-75.921117288,-1.352790717],[-75.919388276,-1.350340771],[-75.921469572,-1.347433917],[-75.918499787,-1.346977036],[-75.917142322,-1.350407563],[-75.919566841,-1.355593766],[-75.918433942,-1.360186835],[-75.915061699,-1.361427825],[-75.911600928,-1.359578608],[-75.909215155,-1.35628921],[-75.905823291,-1.349820687],[-75.904063468,-1.350240171],[-75.901219275,-1.353768781],[-75.897431829,-1.349576435],[-75.893761392,-1.348913006],[-75.894595836,-1.343520498],[-75.897899712,-1.338180845],[-75.901046897,-1.337001291],[-75.900395953,-1.333888505],[-75.896351248,-1.333784676],[-75.89234448,-1.338252626],[-75.888011086,-1.340299877],[-75.885894988,-1.338352316],[-75.884362737,-1.334731112],[-75.877588457,-1.331569811],[-75.875465016,-1.333180611],[-75.875863697,-1.335118562],[-75.881209728,-1.338753721],[-75.882442353,-1.341206046],[-75.88340189,-1.346810864],[-75.88255759,-1.351237661],[-75.87876138,-1.356915787],[-75.871486218,-1.355434001],[-75.866037254,-1.355750165],[-75.862384024,-1.358239678],[-75.857372038,-1.35917659],[-75.855384206,-1.361049767],[-75.850206536,-1.359161184],[-75.848859166,-1.355039859],[-75.846247953,-1.354885253],[-75.842366676,-1.358840341],[-75.84126148,-1.363373537],[-75.845406086,-1.369235275],[-75.845574024,-1.373765287],[-75.834438204,-1.377793794],[-75.831670954,-1.381351776],[-75.831540237,-1.384283776],[-75.836323526,-1.387715317],[-75.836903442,-1.390631025],[-75.834821883,-1.392003181],[-75.826492777,-1.387979716],[-75.823281205,-1.383455057],[-75.821877886,-1.383398328],[-75.816744482,-1.388518398],[-75.813146742,-1.390030174],[-75.804769409,-1.389248753],[-75.80440803,-1.392025159],[-75.814966499,-1.391905575],[-75.816865332,-1.392827595],[-75.816682076,-1.395383938],[-75.814889853,-1.397150005],[-75.80903302,-1.397303827],[-75.806211665,-1.39851927],[-75.801144827,-1.402965764],[-75.792868969,-1.404550315],[-75.785664828,-1.403538871],[-75.784009137,-1.39983431],[-75.781501806,-1.398332857],[-75.778974294,-1.39525212],[-75.775998928,-1.396550564],[-75.77126612,-1.405312118],[-75.758699997,-1.413823284],[-75.757083876,-1.408390752],[-75.757602835,-1.40138388],[-75.754732804,-1.405918306],[-75.750240828,-1.40496657],[-75.747028016,-1.406574206],[-75.744670996,-1.409411343],[-75.744796645,-1.414089524],[-75.751355125,-1.42024959],[-75.750106853,-1.423431301],[-75.748166233,-1.422768953],[-75.747300724,-1.420087741],[-75.742316232,-1.416491324],[-75.739301699,-1.417342524],[-75.740576288,-1.423437989],[-75.738115908,-1.426388009],[-75.739345995,-1.434503736],[-75.736691898,-1.439274331],[-75.733199574,-1.437778831],[-75.729444546,-1.439300346],[-75.726674087,-1.439065061],[-75.723645547,-1.445060987],[-75.717129317,-1.448506596],[-75.716041226,-1.452000674],[-75.721685597,-1.456833522],[-75.720459511,-1.4615858],[-75.717315488,-1.463108568],[-75.712569942,-1.462839868],[-75.711152018,-1.461527949],[-75.710220946,-1.45255183],[-75.704652505,-1.448720325],[-75.700932504,-1.447453075],[-75.699396929,-1.448361129],[-75.698631271,-1.451708087],[-75.698924835,-1.457822366],[-75.700087294,-1.462014073],[-75.699013934,-1.465253026],[-75.69676818,-1.466016327],[-75.690972045,-1.465925005],[-75.687583176,-1.466882178],[-75.685918653,-1.469732327],[-75.679262413,-1.46786921],[-75.675265867,-1.467948986],[-75.672873054,-1.470833061],[-75.672202485,-1.473971523],[-75.670253693,-1.476850672],[-75.667635249,-1.477517629],[-75.665980267,-1.481315039],[-75.664973223,-1.486478464],[-75.661593707,-1.488496041],[-75.6601293,-1.486895645],[-75.660129959,-1.479233296],[-75.657194844,-1.4761815],[-75.651384664,-1.477156464],[-75.651788194,-1.481691634],[-75.648555529,-1.486676701],[-75.649094521,-1.48902554],[-75.653449052,-1.490198054],[-75.650457234,-1.493485601],[-75.647753122,-1.492877183],[-75.646453001,-1.489465928],[-75.641522215,-1.489138056],[-75.641453541,-1.485711981],[-75.636796838,-1.482227033],[-75.635681351,-1.485709761],[-75.640066626,-1.488812747],[-75.64110997,-1.495559871],[-75.638380596,-1.495618682],[-75.63650327,-1.493439365],[-75.632226627,-1.491939326],[-75.631487691,-1.49392748],[-75.636746811,-1.497968084],[-75.633917071,-1.500344303],[-75.626583187,-1.502274388],[-75.622676536,-1.502020414],[-75.617864496,-1.499208262],[-75.614821992,-1.496632885],[-75.613301143,-1.498809678],[-75.615783908,-1.500293385],[-75.614742399,-1.502536902],[-75.612419129,-1.501196571],[-75.609777475,-1.496918268],[-75.610283245,-1.49344613],[-75.602947042,-1.496448525],[-75.60123254,-1.497939651],[-75.600121847,-1.501362561],[-75.598097537,-1.504131406],[-75.595405607,-1.505721544],[-75.596107674,-1.509083416],[-75.59463018,-1.514770446],[-75.59072677,-1.515592082],[-75.590284377,-1.510662845],[-75.587858299,-1.511200078],[-75.589464787,-1.516494453],[-75.59204537,-1.518578977],[-75.595571724,-1.525022135],[-75.594383124,-1.526868373],[-75.590994207,-1.526078133],[-75.588878963,-1.527292876],[-75.589007094,-1.532840901],[-75.59357206,-1.533014585],[-75.593943032,-1.536151627],[-75.595836256,-1.540360177],[-75.590789432,-1.54717228],[-75.585388745,-1.549704341],[-75.616955306,-1.58932099],[-75.661926484,-1.645766302],[-75.848986715,-1.880619829],[-75.944045895,-2.000003322],[-76.000005141,-2.070292196],[-76.043253053,-2.124619584],[-76.096577797,-2.166671659],[-76.250004032,-2.287670033],[-76.341677874,-2.359971289],[-76.500001535,-2.484841196],[-76.519223471,-2.500001727],[-76.622964288,-2.581830202],[-76.633571444,-2.590188805],[-76.692089775,-2.609986761],[-76.699658249,-2.604687423],[-76.705579312,-2.599665251],[-76.712718622,-2.595406325],[-76.719501722,-2.589879622],[-76.723908295,-2.585239869],[-76.727965395,-2.578629543],[-76.730236438,-2.573773576],[-76.732787346,-2.565039526],[-76.737719683,-2.553866612],[-76.739737135,-2.553873349],[-76.744947284,-2.55738188],[-76.747959019,-2.561778263],[-76.752137623,-2.563224501],[-76.756973906,-2.56318097],[-76.761459395,-2.561554758],[-76.768628879,-2.555759863],[-76.773383851,-2.553388435],[-76.777719255,-2.552298698],[-76.780240224,-2.552605434],[-76.78497379,-2.556798728],[-76.793778603,-2.568137456],[-76.79727254,-2.570357257],[-76.800268246,-2.570695434],[-76.807870929,-2.568631704],[-76.810071583,-2.567117063],[-76.814007561,-2.561191581],[-76.814759337,-2.558120374],[-76.815361956,-2.546126038],[-76.817147914,-2.544371217],[-76.820473888,-2.543516662],[-76.830139673,-2.543918195],[-76.835189068,-2.546011646],[-76.837426512,-2.547809469],[-76.842884116,-2.555848914],[-76.844908868,-2.557359585],[-76.852023284,-2.559567265],[-76.860425193,-2.560060161],[-76.868661787,-2.55661312],[-76.873394129,-2.557738635],[-76.880669006,-2.565533563],[-76.883869915,-2.56676158],[-76.886473396,-2.565516557],[-76.892163504,-2.556689061],[-76.897621749,-2.553555037],[-76.900470502,-2.553564189],[-76.902886493,-2.555291012],[-76.904441374,-2.559056468],[-76.907921696,-2.562040224],[-76.913220669,-2.564241931],[-76.917422815,-2.564219619],[-76.922031907,-2.559399426],[-76.925359092,-2.554539252],[-76.926200939,-2.547307327],[-76.928952181,-2.544379251],[-76.932689269,-2.545035794],[-76.937047461,-2.55203363],[-76.939603692,-2.554513029],[-76.94430349,-2.554814501],[-76.949487715,-2.548276651],[-76.951351275,-2.544521868],[-76.954586673,-2.534790088],[-76.959341448,-2.528859516],[-76.962528042,-2.523317938],[-76.964259264,-2.516231659],[-76.967581145,-2.512982679],[-76.972323185,-2.51113493],[-76.978375957,-2.511547686],[-76.987339004,-2.515228828],[-76.993710344,-2.516323077],[-76.996348744,-2.515328329],[-76.997959513,-2.512646947],[-76.998864015,-2.50799338],[-76.998486218,-2.503407496],[-76.997114948,-2.497600755],[-76.994495604,-2.492327479],[-76.99454649,-2.487277303],[-76.997238443,-2.480301004],[-76.999567103,-2.475687549],[-77.000792838,-2.470712538],[-76.999779399,-2.464262191],[-77.000680919,-2.460504003],[-77.005821349,-2.456364571],[-77.012340624,-2.455596165],[-77.016825595,-2.456326011],[-77.020489178,-2.457841404],[-77.023089722,-2.457562652],[-77.02764203,-2.454296132],[-77.032265295,-2.449745637],[-77.033562002,-2.444770569],[-77.034439307,-2.437071941],[-77.0365174,-2.432779724],[-77.03867379,-2.42605196],[-77.041003487,-2.420936566],[-77.045569853,-2.418191831],[-77.049461344,-2.414836127],[-77.049968926,-2.411721239],[-77.048588429,-2.408815756],[-77.048844327,-2.406524001],[-77.051771434,-2.404132565],[-77.055703905,-2.398878377],[-77.058703852,-2.395913958],[-77.064341146,-2.392240713],[-77.06595055,-2.389845348],[-77.069409753,-2.388171723],[-77.072735156,-2.383452874],[-77.079657702,-2.378636809],[-77.08149447,-2.376421114],[-77.08181173,-2.371683993],[-77.079140505,-2.369250054],[-77.078621705,-2.364625195],[-77.081725115,-2.361959328],[-77.086001761,-2.351110882],[-77.086798739,-2.344560094],[-77.087542606,-2.343434987],[-77.092352815,-2.341671727],[-77.095151864,-2.339138584],[-77.099824852,-2.338922407],[-77.103172334,-2.337250493],[-77.104342527,-2.333050559],[-77.107695652,-2.329322384],[-77.110200666,-2.324911178],[-77.113159782,-2.317217412],[-77.114588523,-2.315669021],[-77.121596668,-2.314106145],[-77.128569256,-2.314722391],[-77.132471766,-2.309299815],[-77.133938163,-2.304795976],[-77.136703503,-2.302833206],[-77.141039108,-2.301859865],[-77.145913665,-2.299126594],[-77.148912182,-2.298746642],[-77.157991703,-2.299517629],[-77.16616951,-2.302352065],[-77.168976993,-2.300186251],[-77.171652134,-2.294222545],[-77.179547836,-2.289347587],[-77.183002732,-2.284771113],[-77.183376912,-2.277941269],[-77.184237324,-2.275793995],[-77.190923935,-2.270175103],[-77.19382204,-2.269633449],[-77.196676975,-2.267443643],[-77.2012408,-2.265497176],[-77.204374862,-2.265529333],[-77.208165662,-2.268668233],[-77.216181066,-2.263386898],[-77.219765121,-2.262109983],[-77.223497685,-2.262044648],[-77.227302222,-2.263231193],[-77.232883718,-2.26265476],[-77.235897198,-2.260094594],[-77.234770996,-2.252537863],[-77.23605422,-2.249824221],[-77.239749977,-2.248448451],[-77.243548309,-2.248744928],[-77.248115148,-2.245651592],[-77.253924957,-2.239312915],[-77.258494673,-2.235072932],[-77.264195526,-2.23422764],[-77.265633718,-2.228880779],[-77.268261257,-2.222677015],[-77.270876393,-2.221393796],[-77.272405031,-2.217814699],[-77.27222357,-2.214422351],[-77.278211488,-2.212717662],[-77.278930381,-2.210091938],[-77.278753748,-2.204740868],[-77.280090444,-2.201925595],[-77.284981818,-2.201937879],[-77.289073112,-2.199033928],[-77.293323999,-2.194240575],[-77.301130678,-2.189813402],[-77.30550165,-2.185880266],[-77.309658551,-2.185263511],[-77.316273267,-2.187011723],[-77.320794982,-2.182872378],[-77.323863147,-2.178371085],[-77.333908364,-2.173110464],[-77.340281798,-2.173935123],[-77.34322822,-2.173130104],[-77.346464997,-2.170080258],[-77.348943845,-2.166216329],[-77.351334743,-2.160394087],[-77.356142839,-2.160584874],[-77.360050724,-2.16486445],[-77.362365538,-2.165049212],[-77.372471813,-2.159131147],[-77.377985065,-2.158577013],[-77.38577074,-2.15877484],[-77.390307295,-2.152514641],[-77.39437806,-2.150762464],[-77.403550556,-2.150664809],[-77.40637261,-2.149775623],[-77.409882981,-2.146499032],[-77.414222818,-2.143941073],[-77.425270527,-2.139669164],[-77.428527001,-2.136293874],[-77.427866521,-2.132998597],[-77.428165813,-2.126787709],[-77.42897865,-2.125316348],[-77.434963024,-2.121977323],[-77.445901921,-2.118321438],[-77.44947622,-2.119247114],[-77.45562603,-2.115462561],[-77.459718463,-2.114124486],[-77.466925438,-2.109123755],[-77.486980074,-2.104799434],[-77.492934771,-2.102626205],[-77.49693272,-2.098965356],[-77.498679538,-2.093048722],[-77.501038913,-2.089326777],[-77.506283325,-2.085790458],[-77.513629572,-2.082222924],[-77.51608765,-2.082192558],[-77.520758392,-2.08537891],[-77.525748839,-2.083956416],[-77.530532696,-2.079271989],[-77.537381226,-2.075273016],[-77.542051551,-2.073634643],[-77.54946262,-2.073077475],[-77.555334592,-2.075885948],[-77.557928665,-2.078902287],[-77.564077797,-2.080255668],[-77.570456787,-2.07930192],[-77.576412168,-2.076555119],[-77.579801752,-2.0741611],[-77.586217508,-2.072705522],[-77.590358071,-2.068986904],[-77.591968654,-2.065513679],[-77.592046858,-2.062252193],[-77.595867266,-2.058281905],[-77.600361205,-2.055890098],[-77.602075039,-2.054101634],[-77.605997599,-2.052353727],[-77.610671556,-2.049066146],[-77.612961415,-2.044411412],[-77.616635034,-2.042447831],[-77.621444273,-2.042601392],[-77.626034308,-2.045371063],[-77.634300448,-2.045030102],[-77.640671324,-2.048090297],[-77.644231803,-2.049173136],[-77.648293099,-2.049289232],[-77.663751519,-2.05125736],[-77.672589242,-2.050343909],[-77.676478141,-2.047735323],[-77.680655749,-2.043335024],[-77.684516199,-2.037213421],[-77.68630627,-2.032987318],[-77.688948699,-2.030089254],[-77.699114432,-2.024410618],[-77.702143532,-2.024094206],[-77.710189603,-2.027121787],[-77.714395503,-2.026315467],[-77.717136731,-2.023893027],[-77.720909991,-2.018528425],[-77.728221013,-2.01148849],[-77.728910357,-2.008851512],[-77.729822947,-1.999045492],[-77.731159728,-1.995702406],[-77.733444345,-1.993508326],[-77.731776358,-1.988959529],[-77.731869205,-1.985231572],[-77.735437015,-1.982743673],[-77.740657477,-1.980536245],[-77.745773155,-1.980904846],[-77.74783356,-1.984034873],[-77.750357093,-1.985568764],[-77.754510517,-1.984879133],[-77.756498751,-1.983621197],[-77.764751691,-1.975769872],[-77.774256544,-1.973378232],[-77.776638056,-1.972194445],[-77.778733168,-1.97109677],[-77.781277082,-1.967445096],[-77.78221405,-1.961926121],[-77.784556937,-1.959034026],[-77.787595821,-1.957376477],[-77.793999159,-1.955237832],[-77.793578653,-1.949950691],[-77.79447185,-1.934560909],[-77.796423091,-1.932724329],[-77.806173636,-1.932910121],[-77.809821292,-1.932140268],[-77.814139474,-1.928467781],[-77.819536185,-1.926016201],[-77.8228907,-1.923214191],[-77.825364881,-1.916119375],[-77.825469304,-1.909631551],[-77.827513498,-1.908894432],[-77.827114569,-1.906228774],[-77.824508305,-1.902591053],[-77.825500924,-1.898852453],[-77.828189979,-1.896180552],[-77.82674252,-1.888816497],[-77.828335538,-1.881422178],[-77.826504959,-1.875706583],[-77.827361646,-1.868239204],[-77.830204867,-1.865627246],[-77.831647778,-1.862381666],[-77.833781547,-1.856782578],[-77.841788929,-1.850042591],[-77.848507415,-1.846799289],[-77.853720825,-1.848443435],[-77.855920815,-1.845521841],[-77.854575269,-1.840729635],[-77.851713535,-1.839046686],[-77.849188446,-1.840447585],[-77.846752932,-1.83953979],[-77.847631784,-1.835110261],[-77.852978444,-1.824751223],[-77.855706982,-1.82107045],[-77.856354088,-1.817744526],[-77.861632048,-1.815029009],[-77.861335699,-1.81332193],[-77.857721205,-1.810117617],[-77.856742588,-1.807348138],[-77.857925919,-1.798803081],[-77.859980938,-1.79720047],[-77.865025703,-1.797452992],[-77.866926375,-1.794430341],[-77.866988167,-1.791619626],[-77.868845671,-1.788826337],[-77.869752023,-1.783822896],[-77.866183819,-1.778481959],[-77.865039796,-1.772327755],[-77.86790766,-1.770396614],[-77.869972872,-1.771174538],[-77.872200777,-1.768424853],[-77.871638938,-1.763504938],[-77.868797639,-1.758079245],[-77.869129132,-1.755856957],[-77.871738271,-1.75521601],[-77.875106938,-1.760628255],[-77.879447418,-1.764435969],[-77.883579954,-1.764758449],[-77.885209141,-1.762079396],[-77.887007536,-1.751885826],[-77.886498044,-1.749719452],[-77.880136207,-1.744416937],[-77.881525947,-1.739973505],[-77.88303672,-1.731227915],[-77.882686752,-1.727355225],[-77.881156781,-1.721702292],[-77.882506092,-1.715754132],[-77.882455488,-1.711392409],[-77.882448374,-1.707378806],[-77.886377833,-1.700989041],[-77.888740031,-1.694309862],[-77.889058416,-1.691270033],[-77.892253904,-1.689296091],[-77.896273866,-1.688657202],[-77.900676723,-1.689223591],[-77.903727577,-1.688597465],[-77.905663717,-1.686435202],[-77.909316077,-1.67840482],[-77.914156635,-1.674038335],[-77.916633149,-1.670062458],[-77.916181937,-1.662883768],[-77.916945617,-1.660571187],[-77.920962837,-1.655567466],[-77.923381913,-1.65453856],[-77.928337315,-1.654546377],[-77.933692931,-1.656543457],[-77.938917385,-1.657354739],[-77.942292466,-1.662159768],[-77.946566957,-1.662893091],[-77.959758196,-1.66079095],[-77.965664861,-1.662941871],[-77.968529976,-1.665795645],[-77.973157247,-1.672017839],[-77.976121621,-1.672118055],[-77.978973972,-1.670917711],[-77.984405898,-1.672929289],[-77.985257592,-1.675196728],[-77.987750122,-1.676304966],[-77.991940469,-1.676282767],[-77.997070053,-1.677222971],[-78.003087188,-1.675640211],[-78.011773471,-1.677808592],[-78.019514262,-1.676916874],[-78.02186833,-1.675400122],[-78.021562101,-1.670537371],[-78.024348362,-1.665951844],[-78.026182081,-1.661022778],[-78.031263317,-1.654961156],[-78.030813316,-1.65085834],[-78.02936561,-1.646739685],[-78.031346724,-1.643572822],[-78.031622507,-1.633748176],[-78.038630286,-1.627232413],[-78.039904617,-1.623246869],[-78.039933842,-1.619484196],[-78.042564909,-1.616891928],[-78.045149242,-1.607166157],[-78.045725315,-1.603021771],[-78.044774584,-1.600080008],[-78.047546846,-1.595049507],[-78.048049459,-1.592411053],[-78.050492883,-1.588068524],[-78.055303302,-1.582997844],[-78.058303734,-1.577809784],[-78.059469844,-1.569520889],[-78.058291344,-1.566306275],[-78.059071043,-1.559092588],[-78.057594125,-1.555217765],[-78.059350278,-1.546126437],[-78.058365202,-1.54386357],[-78.059434921,-1.539848873],[-78.062460048,-1.533780965],[-78.064757978,-1.531403104],[-78.065462406,-1.526957559],[-78.069597808,-1.524649494],[-78.072009825,-1.522374179],[-78.07371282,-1.517241458],[-78.074017374,-1.513335602],[-78.077610162,-1.508965633],[-78.079444331,-1.505167011],[-78.081964317,-1.503664307],[-78.085130808,-1.498289621],[-78.089387491,-1.494804967],[-78.092028284,-1.491748449],[-78.095923522,-1.488764274],[-78.100281677,-1.483726748],[-78.101905359,-1.477297963],[-78.103026603,-1.475449048],[-78.110659491,-1.469563584],[-78.114901942,-1.462282232],[-78.121435612,-1.45771484],[-78.123079107,-1.454245623],[-78.128670553,-1.450867511],[-78.133638118,-1.452454138],[-78.13980373,-1.451553516],[-78.141310565,-1.452846447],[-78.144732096,-1.452241157],[-78.149883089,-1.453486129],[-78.15319061,-1.452887851],[-78.160292794,-1.449683614],[-78.164921962,-1.448436671],[-78.17289037,-1.452655749],[-78.175576183,-1.451541416],[-78.177949337,-1.448684849],[-78.176598451,-1.444501061],[-78.173171396,-1.442831748],[-78.170888638,-1.439119001],[-78.170592032,-1.436651408],[-78.16837372,-1.435017856],[-78.161440056,-1.433513617],[-78.158232271,-1.434155125],[-78.152933331,-1.431509065],[-78.150905371,-1.428981861],[-78.150124247,-1.420911997],[-78.148438609,-1.418177243],[-78.144964255,-1.415411589],[-78.143178868,-1.412662384],[-78.148807631,-1.406795202],[-78.149280182,-1.404981182],[-78.148327348,-1.39734506],[-78.144562884,-1.395798408],[-78.141931734,-1.397035997],[-78.139841582,-1.395835663],[-78.135119945,-1.390271381],[-78.13395105,-1.387458431],[-78.128517424,-1.384335471],[-78.125746718,-1.379202777],[-78.128199385,-1.373828524],[-78.127515594,-1.371614344],[-78.129126332,-1.367455808],[-78.119771071,-1.363140032],[-78.118385096,-1.358679349],[-78.118663906,-1.353957635],[-78.117725033,-1.350122312],[-78.118784441,-1.342729294],[-78.121702368,-1.336935311],[-78.121120499,-1.333945587],[-78.116670642,-1.327298793],[-78.114385978,-1.319069719],[-78.115994036,-1.318387309],[-78.115903952,-1.314620624],[-78.118366299,-1.306887064],[-78.117171213,-1.303175359],[-78.115163417,-1.301652552],[-78.113043947,-1.298071224],[-78.113721353,-1.291387586],[-78.112906766,-1.284227686],[-78.110073734,-1.278710493],[-78.115167806,-1.274894534],[-78.115493654,-1.270233016],[-78.11757253,-1.26979307],[-78.119905564,-1.259665011],[-78.118596044,-1.254920369],[-78.116406193,-1.25161983],[-78.119326571,-1.247189593],[-78.119828741,-1.242851417],[-78.118608016,-1.239557628],[-78.1204737,-1.235682234],[-78.120154577,-1.232712297],[-78.123870483,-1.227373062],[-78.123757076,-1.22306939],[-78.120279585,-1.225302517],[-78.119449555,-1.22704902],[-78.115649216,-1.230500209],[-78.110704097,-1.233472831],[-78.10402384,-1.230759372],[-78.100842879,-1.227500741],[-78.097068704,-1.225850878],[-78.094707336,-1.226870793],[-78.094820134,-1.230565745],[-78.091679783,-1.232676798],[-78.090624889,-1.229603372],[-78.088234954,-1.229392117],[-78.085812088,-1.232395747],[-78.082747722,-1.22978229],[-78.075288757,-1.237438091],[-78.073011035,-1.237497995],[-78.071430936,-1.2356635],[-78.069466371,-1.239453383],[-78.065525615,-1.242002652],[-78.059082592,-1.243794677],[-78.051877168,-1.24861594],[-78.046697118,-1.246044083],[-78.044158062,-1.246415068],[-78.0439822,-1.243310729],[-78.041584608,-1.243229136],[-78.035530131,-1.241324339],[-78.034469961,-1.239829401],[-78.026865832,-1.238152638],[-78.019032748,-1.233462522],[-78.018773976,-1.229627265],[-78.015408199,-1.22457174],[-78.011055849,-1.222868614],[-78.008614798,-1.224042589],[-78.004683388,-1.220967607],[-78.000138307,-1.222485227],[-77.999210677,-1.223850685],[-77.993245117,-1.223986785],[-77.989192386,-1.225234496],[-77.98773793,-1.22397309],[-77.98305553,-1.223030741],[-77.979958287,-1.223285397],[-77.975221833,-1.2261019],[-77.972293383,-1.223752686],[-77.970536707,-1.22486709],[-77.966950322,-1.224135442],[-77.966154618,-1.216804301],[-77.963569386,-1.211610767],[-77.958279181,-1.210428512],[-77.953789259,-1.206596972],[-77.950831425,-1.205374265],[-77.946257307,-1.205464716],[-77.943160311,-1.209859435],[-77.941619736,-1.215433611],[-77.943666491,-1.215907563],[-77.944878653,-1.221361312],[-77.944203513,-1.223565133],[-77.936229803,-1.228426924],[-77.932661567,-1.224809095],[-77.928859306,-1.224909882],[-77.926933934,-1.226437451],[-77.924631562,-1.224767474],[-77.91876754,-1.226893524],[-77.918175396,-1.22965777],[-77.915530342,-1.231524966],[-77.916092206,-1.234122937],[-77.912062822,-1.236907386],[-77.908856774,-1.236269894],[-77.904291536,-1.239713978],[-77.90408024,-1.241702416],[-77.898592567,-1.244331603],[-77.894596826,-1.242618379],[-77.888310984,-1.24488961],[-77.880961351,-1.242687711],[-77.883190288,-1.234395106],[-77.884807724,-1.232162175],[-77.888989486,-1.229694716],[-77.888776858,-1.22110972],[-77.884540536,-1.214703812],[-77.882532262,-1.209621297],[-77.882314764,-1.20706291],[-77.879611058,-1.203898235],[-77.879043333,-1.199970834],[-77.877065158,-1.200243248],[-77.874381781,-1.203888611],[-77.874779944,-1.205758831],[-77.850467351,-1.207043175],[-77.849754772,-1.210163207],[-77.845612849,-1.210237135],[-77.843906977,-1.211662388],[-77.84127392,-1.218178291],[-77.832080555,-1.218178334],[-77.829859048,-1.214885612],[-77.829383088,-1.211231986],[-77.825115945,-1.2031522],[-77.822053186,-1.204409354],[-77.820717058,-1.203508527],[-77.815777873,-1.20501241],[-77.812541245,-1.204775993],[-77.806388814,-1.202975253],[-77.802460677,-1.19856585],[-77.798364454,-1.19758424],[-77.79600498,-1.194823372],[-77.79085012,-1.192250019],[-77.786633126,-1.192220914],[-77.78070386,-1.183254094],[-77.778021108,-1.182527485],[-77.77528013,-1.183241365],[-77.771326744,-1.182055306],[-77.767199875,-1.178173061],[-77.754341625,-1.178247218],[-77.753203929,-1.173845916],[-77.750030227,-1.171712262],[-77.745335768,-1.16656231],[-77.741447828,-1.164143977],[-77.740966555,-1.162058108],[-77.732508818,-1.159974853],[-77.729116254,-1.159575159],[-77.727905032,-1.160842924],[-77.731532196,-1.163830484],[-77.731977281,-1.166185278],[-77.730266457,-1.167502188],[-77.731752988,-1.171851837],[-77.730159045,-1.17728795],[-77.724923351,-1.178082127],[-77.721324656,-1.179968079],[-77.71660489,-1.174532784],[-77.713798132,-1.173511811],[-77.713531407,-1.170367713],[-77.709756791,-1.162990699],[-77.704938724,-1.16041498],[-77.704543597,-1.156363468],[-77.702649142,-1.155234557],[-77.69959537,-1.147796179],[-77.69531202,-1.144856287],[-77.693916313,-1.142457594],[-77.690538998,-1.142321968],[-77.689297349,-1.140385461],[-77.685283463,-1.139303496],[-77.678842299,-1.142019289],[-77.675246382,-1.142347374],[-77.67390364,-1.144597853],[-77.671224073,-1.1448282],[-77.670398693,-1.149219792],[-77.664110326,-1.146281078],[-77.66240202,-1.139686079],[-77.659375665,-1.137088073],[-77.659072991,-1.135348301],[-77.655419185,-1.132250626],[-77.651929943,-1.13264803],[-77.6488364,-1.134764044],[-77.645157986,-1.133998462],[-77.642976056,-1.137465858],[-77.640520977,-1.13950868],[-77.639152421,-1.146534824],[-77.636728159,-1.146482176],[-77.628410048,-1.142731282],[-77.621991977,-1.14426645],[-77.617531591,-1.146903801],[-77.614016816,-1.147897016],[-77.612391199,-1.140755237],[-77.610804651,-1.138216144],[-77.60273386,-1.136766166],[-77.603966333,-1.134499807],[-77.601523896,-1.13306702],[-77.601301046,-1.129656136],[-77.597817854,-1.127780525],[-77.595830323,-1.124193454],[-77.582920666,-1.136776103],[-77.58137649,-1.137199013],[-77.580567422,-1.144417979],[-77.575469605,-1.145875285],[-77.571477846,-1.149836957],[-77.567663701,-1.152709843],[-77.568463006,-1.154758333],[-77.565207847,-1.155754587],[-77.564004981,-1.157547742],[-77.561242099,-1.158309609],[-77.554993801,-1.155139209],[-77.554013491,-1.150557258],[-77.551244538,-1.151400297],[-77.5495517,-1.150295046],[-77.549437594,-1.147409958],[-77.54211551,-1.144322751],[-77.543200846,-1.141798745],[-77.540342814,-1.138734861],[-77.537228151,-1.133669753],[-77.53525938,-1.133461222],[-77.529882091,-1.129155738],[-77.527121245,-1.126073066],[-77.524961791,-1.125375767],[-77.521436831,-1.122152391],[-77.515855164,-1.120764592],[-77.514512703,-1.119630936],[-77.51118658,-1.120548613],[-77.501469779,-1.118679758],[-77.501240351,-1.114808013],[-77.498369371,-1.115033615],[-77.49721166,-1.112173967],[-77.493008394,-1.112845141],[-77.489986789,-1.11171087],[-77.485308374,-1.106955819],[-77.484617967,-1.104959246],[-77.480417659,-1.105614837],[-77.478237222,-1.10333293],[-77.474375017,-1.101612615],[-77.471914142,-1.102182254],[-77.466579912,-1.101171499],[-77.463673787,-1.102058455],[-77.460586128,-1.101450951],[-77.458193232,-1.099026653],[-77.456170121,-1.100348086],[-77.454227199,-1.098667326],[-77.454374566,-1.095470227],[-77.449703072,-1.095929864],[-77.445614611,-1.094404809],[-77.444428635,-1.092246834],[-77.447812462,-1.091257498],[-77.450216998,-1.087718485],[-77.450495564,-1.084554115],[-77.447373451,-1.084329272],[-77.446553896,-1.082183575],[-77.452177027,-1.082661365],[-77.449085071,-1.078313379],[-77.445692325,-1.077090912],[-77.441419021,-1.077831312],[-77.436002469,-1.0850472],[-77.432788255,-1.083397891],[-77.432402367,-1.081023266],[-77.427926227,-1.080232551],[-77.42709618,-1.082181658],[-77.423918013,-1.083219241],[-77.42027476,-1.082645393],[-77.417644214,-1.084257863],[-77.413241645,-1.084040582],[-77.404996486,-1.078871457],[-77.402848713,-1.079760174],[-77.400411901,-1.08273355],[-77.400459239,-1.08544065],[-77.402883794,-1.089743618],[-77.401491956,-1.090371077],[-77.398015796,-1.08775726],[-77.395007249,-1.086626501],[-77.392701625,-1.083610387],[-77.389832427,-1.085973705],[-77.389849635,-1.089193306],[-77.387357829,-1.09010786],[-77.383669195,-1.094762419],[-77.378430531,-1.091736358],[-77.373870958,-1.090961405],[-77.371876091,-1.091979282],[-77.3700353,-1.094907628],[-77.369932193,-1.097951848],[-77.366281105,-1.094565977],[-77.360422139,-1.098421726],[-77.363945075,-1.099656907],[-77.361650732,-1.10169175],[-77.356694652,-1.099270312],[-77.353123795,-1.100851362],[-77.351291725,-1.102714349],[-77.351292878,-1.074827125],[-77.350818727,-1.070160878],[-77.349361738,-1.068915889],[-77.346128394,-1.069953961],[-77.342063039,-1.069421217],[-77.339035316,-1.067944918],[-77.337827893,-1.069424649],[-77.334628802,-1.067582363],[-77.332104229,-1.069274544],[-77.320191552,-1.072342528],[-77.314227548,-1.068568775],[-77.309836769,-1.064959854],[-77.304809606,-1.06546789],[-77.297717048,-1.060009561],[-77.294748312,-1.060292831],[-77.290629961,-1.058204224],[-77.285064975,-1.059116249],[-77.278223215,-1.058070954],[-77.273469937,-1.056576245],[-77.267793522,-1.057018111],[-77.260111022,-1.052259887],[-77.258582756,-1.053752819],[-77.248053508,-1.055327554],[-77.246042324,-1.057415988],[-77.243155583,-1.056054081],[-77.241192336,-1.053315096],[-77.236474691,-1.052430414],[-77.232812552,-1.047701489],[-77.232952129,-1.043944451],[-77.230648086,-1.041605772],[-77.232369327,-1.038187151],[-77.230366617,-1.037006489],[-77.23006362,-1.030569388],[-77.230787215,-1.027810927],[-77.22923369,-1.025833755],[-77.224886368,-1.024306851],[-77.217296999,-1.025255269],[-77.215192154,-1.022627952],[-77.211730262,-1.025509148],[-77.207112452,-1.023524225],[-77.205139922,-1.026004706],[-77.202567666,-1.024741044],[-77.198626754,-1.025273389],[-77.196604789,-1.022726099],[-77.193179126,-1.021146582],[-77.188278714,-1.023796662],[-77.184119354,-1.019530584],[-77.182392038,-1.022148179],[-77.176242662,-1.020897787],[-77.173113272,-1.016919219],[-77.170608079,-1.019644715],[-77.167531375,-1.019750745],[-77.166419277,-1.018017072],[-77.163180389,-1.018218569],[-77.1622895,-1.019636777],[-77.155750805,-1.021663677],[-77.152073986,-1.020567468],[-77.148969982,-1.018591298],[-77.145844222,-1.018476532],[-77.143156957,-1.020272631],[-77.140666347,-1.018647645],[-77.136740651,-1.018953764],[-77.134471334,-1.014983443],[-77.13013745,-1.014058325],[-77.127828803,-1.01201638],[-77.122848149,-1.014363203],[-77.119339072,-1.0118845],[-77.115652511,-1.012553139],[-77.113959459,-1.010841263],[-77.108288607,-1.007671704],[-77.105422446,-1.007913176],[-77.100240217,-1.011641534],[-77.098030606,-1.014184494],[-77.09616254,-1.011116689],[-77.092386694,-1.011765638],[-77.091695544,-1.014075164],[-77.087580862,-1.012835958],[-77.087160991,-1.01431684],[-77.079198104,-1.011171282],[-77.076528426,-1.010863886],[-77.075282915,-1.008885131],[-77.069960643,-1.008020437],[-77.067746276,-1.005274074],[-77.062280008,-1.004202254],[-77.05996454,-1.008314181],[-77.061578192,-1.008388853],[-77.066794049,-1.012984886]]]]},"properties":{"codigo":"16","nombre":"PASTAZA","nivel":"Provincia","codigo_provincia":"16","provincia":"PASTAZA"},"id":"16"},{"type":"Feature","geometry":{"type":"MultiPolygon","coordinates":[[[[-79.224780615,0.321734143],[-79.221241549,0.321390926],[-79.219665633,0.324478845],[-79.217291848,0.324904531],[-79.215923921,0.321207602],[-79.214249406,0.319463827],[-79.211037247,0.318942665],[-79.205332789,0.322275205],[-79.201398193,0.320362848],[-79.195922765,0.318849769],[-79.190028968,0.317949121],[-79.181930189,0.31436842],[-79.17875542,0.312415537],[-79.173545519,0.315056],[-79.168202958,0.315303879],[-79.162726919,0.317867704],[-79.160692644,0.317561095],[-79.156395268,0.320795019],[-79.152573617,0.321732192],[-79.14987484,0.316295903],[-79.148247352,0.316295516],[-79.144091536,0.318570118],[-79.141575792,0.321613346],[-79.133423309,0.32086554],[-79.12766798,0.317449855],[-79.126495519,0.31419682],[-79.118943828,0.310520076],[-79.117661955,0.308880048],[-79.115218557,0.300706039],[-79.111543548,0.298328661],[-79.109572063,0.300547152],[-79.112252411,0.302413742],[-79.11364928,0.305313656],[-79.111467296,0.307437778],[-79.108116865,0.305126065],[-79.104452447,0.304522517],[-79.099958175,0.305273188],[-79.097287613,0.301932861],[-79.087995904,0.299494201],[-79.084635173,0.300087641],[-79.075830795,0.306627985],[-79.072002481,0.308487675],[-79.068217708,0.309080984],[-79.066607569,0.306951707],[-79.062928636,0.305733806],[-79.059312057,0.307202913],[-79.057386132,0.299576338],[-79.057492389,0.295851945],[-79.056476423,0.293572482],[-79.051728709,0.293484687],[-79.049095387,0.290505597],[-79.047134983,0.289819841],[-79.04297975,0.294647513],[-79.036182876,0.294396547],[-79.031122234,0.292528526],[-79.029333439,0.290434417],[-79.029262662,0.287497702],[-79.031442546,0.283034672],[-79.027234578,0.279658354],[-79.021318633,0.279305158],[-79.017637734,0.276985769],[-79.017780733,0.273011892],[-79.014336583,0.268913416],[-79.016761164,0.264449726],[-79.014613906,0.259605857],[-79.016991348,0.252419675],[-79.017098965,0.246600609],[-79.015053898,0.242656448],[-79.014850733,0.239972331],[-79.016533494,0.237762064],[-79.013650703,0.231461698],[-79.01013638,0.226101808],[-79.007718726,0.224232478],[-79.002143418,0.223328616],[-79.001003925,0.22013115],[-78.998595104,0.217791205],[-78.993885445,0.216773789],[-78.991865847,0.211981199],[-78.987340242,0.21294832],[-78.986252593,0.216982887],[-78.984061771,0.216329173],[-78.981562743,0.211168229],[-78.978301224,0.211777832],[-78.9737798,0.216101258],[-78.971450535,0.220018276],[-78.965995524,0.223157381],[-78.963762283,0.217237425],[-78.964332864,0.215132321],[-78.959260718,0.213864243],[-78.958257249,0.211027222],[-78.95520395,0.210356184],[-78.954079162,0.20671581],[-78.951462757,0.207033117],[-78.947686228,0.203918361],[-78.943931098,0.204165799],[-78.940591603,0.205789362],[-78.938275175,0.208249235],[-78.936140374,0.212252944],[-78.933190205,0.214156282],[-78.930875358,0.213861298],[-78.928695216,0.218943945],[-78.924463013,0.22161255],[-78.922614219,0.22117501],[-78.91787109,0.214378152],[-78.913583151,0.214974984],[-78.909331525,0.213370433],[-78.903119342,0.215876875],[-78.899081294,0.21631754],[-78.894794322,0.217816203],[-78.892524864,0.220582271],[-78.885851582,0.221345988],[-78.882370789,0.222851181],[-78.880800224,0.222289917],[-78.876550314,0.229340475],[-78.872701891,0.230886521],[-78.86949689,0.233807966],[-78.863560531,0.232537404],[-78.855950386,0.237627326],[-78.849708907,0.237654926],[-78.846653371,0.239322461],[-78.843028781,0.240072853],[-78.840925531,0.239003267],[-78.837543126,0.239476956],[-78.833602652,0.241461928],[-78.832675118,0.239817049],[-78.828431257,0.237499081],[-78.825217747,0.236897573],[-78.822990742,0.233446712],[-78.821220556,0.233620783],[-78.811149646,0.230532583],[-78.807198258,0.232032097],[-78.802860096,0.232026298],[-78.794935347,0.237033282],[-78.792707854,0.236350658],[-78.788700012,0.239135226],[-78.786428285,0.23867602],[-78.780182492,0.240533801],[-78.777034348,0.243348143],[-78.772975391,0.241270536],[-78.768175878,0.241754113],[-78.764876866,0.238114829],[-78.761621207,0.238173664],[-78.753867342,0.240131136],[-78.74917764,0.234766169],[-78.745234279,0.235471539],[-78.743384752,0.234563456],[-78.740435675,0.230854392],[-78.735034113,0.226748444],[-78.729107164,0.224524816],[-78.727110792,0.224992154],[-78.723754062,0.2216924],[-78.718436224,0.219619624],[-78.711421298,0.219320041],[-78.708717258,0.21546681],[-78.705370941,0.218278811],[-78.699294909,0.217047237],[-78.698249468,0.2212146],[-78.688610136,0.223005514],[-78.684978195,0.221683227],[-78.682598775,0.22349823],[-78.682447358,0.21630558],[-78.678776744,0.213663595],[-78.677899151,0.211888751],[-78.674735421,0.210484856],[-78.670455194,0.212023246],[-78.666171779,0.215057511],[-78.661640901,0.213734963],[-78.657158082,0.21643812],[-78.654962998,0.214390236],[-78.649536708,0.214813214],[-78.647693823,0.21020452],[-78.64487104,0.210047689],[-78.642612989,0.20749535],[-78.640289398,0.208308188],[-78.638324293,0.206477776],[-78.635454452,0.207371817],[-78.633023438,0.210388316],[-78.630245524,0.210543065],[-78.630363448,0.21338202],[-78.628116258,0.214639734],[-78.624985237,0.218040391],[-78.620912055,0.216091443],[-78.617253609,0.217031318],[-78.615381635,0.219585341],[-78.612212193,0.219670967],[-78.609648086,0.217735772],[-78.605707402,0.216746611],[-78.602596405,0.217591169],[-78.603880921,0.220265297],[-78.601031401,0.222456419],[-78.596747441,0.223613251],[-78.588500717,0.222966939],[-78.583772354,0.225004431],[-78.577675921,0.22437647],[-78.575613108,0.225293523],[-78.5695978,0.222767091],[-78.56552917,0.221694015],[-78.563240797,0.215215718],[-78.562176838,0.20787366],[-78.559298642,0.206804302],[-78.553007568,0.207274343],[-78.552630487,0.20505287],[-78.549673539,0.204866829],[-78.544369379,0.206742038],[-78.539228473,0.205486849],[-78.535859625,0.206571189],[-78.532916995,0.209072844],[-78.533901381,0.211146718],[-78.53028693,0.212497644],[-78.527079133,0.212143269],[-78.524150579,0.213355333],[-78.519425358,0.220373762],[-78.51928084,0.22801379],[-78.513035647,0.226102526],[-78.510159167,0.226571389],[-78.510159167,0.243834783],[-78.504668676,0.248189221],[-78.502521878,0.251710384],[-78.499702021,0.253827747],[-78.494485553,0.259528182],[-78.496896612,0.277313823],[-78.494706222,0.273934291],[-78.49177792,0.272646055],[-78.488381103,0.268052894],[-78.489974013,0.266212174],[-78.488033194,0.263549441],[-78.484089969,0.265958664],[-78.478522743,0.264997433],[-78.475223966,0.266100119],[-78.472012625,0.264424478],[-78.466349805,0.259675873],[-78.466164882,0.25844205],[-78.465343269,0.252960298],[-78.463520805,0.249542421],[-78.457266191,0.244497037],[-78.456734563,0.241252229],[-78.452393947,0.236426156],[-78.454161495,0.234133689],[-78.45335457,0.230826542],[-78.450989552,0.226493998],[-78.449864073,0.219612653],[-78.450127165,0.213903016],[-78.447305835,0.214395419],[-78.445599228,0.2092784],[-78.440508688,0.203685434],[-78.436289533,0.201625851],[-78.435243485,0.199053511],[-78.432584871,0.196099411],[-78.430154919,0.198295155],[-78.427744708,0.202592761],[-78.424498434,0.205670412],[-78.423025569,0.209479113],[-78.421573238,0.209855965],[-78.419585306,0.21363792],[-78.415745505,0.21669314],[-78.412443073,0.217790186],[-78.410878446,0.217075365],[-78.408784457,0.222391225],[-78.41007439,0.226355881],[-78.406727237,0.231460803],[-78.405501807,0.235433624],[-78.402360089,0.240673882],[-78.397011899,0.237522168],[-78.392131648,0.238080701],[-78.393868013,0.244044866],[-78.39325523,0.245375109],[-78.389513172,0.245291061],[-78.385883321,0.247710978],[-78.383513309,0.251118053],[-78.381563417,0.250165657],[-78.381129392,0.256555553],[-78.376531476,0.256555557],[-78.376554633,0.26089448],[-78.374077003,0.260907029],[-78.371680449,0.253692856],[-78.369121932,0.250670912],[-78.363023478,0.248465364],[-78.356296838,0.243651861],[-78.356403954,0.241888419],[-78.354156902,0.239063581],[-78.353166642,0.23611259],[-78.353980278,0.230466666],[-78.34387835,0.230269906],[-78.343648521,0.227336385],[-78.34591886,0.222746283],[-78.345624642,0.219976438],[-78.348824846,0.2145037],[-78.350499347,0.214418723],[-78.350843624,0.210464462],[-78.356823419,0.217203287],[-78.363436458,0.208921466],[-78.362770291,0.206082684],[-78.359749417,0.204805035],[-78.358164944,0.202593083],[-78.360687785,0.192634354],[-78.365221989,0.186249117],[-78.366532349,0.178325883],[-78.370177169,0.175649899],[-78.372399538,0.170652643],[-78.375825384,0.167335261],[-78.374413561,0.164449446],[-78.374975295,0.160869468],[-78.373388886,0.159125254],[-78.372272305,0.161311229],[-78.368443583,0.162753732],[-78.368310378,0.164907587],[-78.364068983,0.167542235],[-78.362199908,0.167139874],[-78.359427936,0.169488583],[-78.354980022,0.174860128],[-78.348910374,0.185023507],[-78.343233165,0.191415442],[-78.34300521,0.193995696],[-78.339929923,0.197981767],[-78.339332312,0.203855192],[-78.332950535,0.202125162],[-78.333087997,0.19697192],[-78.331071192,0.193904285],[-78.330680745,0.191424831],[-78.327919386,0.19121681],[-78.323475633,0.190356294],[-78.321191616,0.18775055],[-78.314475073,0.187017708],[-78.306929434,0.182991346],[-78.305481982,0.18017488],[-78.305266632,0.176660984],[-78.30004627,0.172595059],[-78.301157923,0.17036315],[-78.300065764,0.167546282],[-78.30129259,0.165461305],[-78.29716092,0.161094669],[-78.299398848,0.160388119],[-78.302161198,0.155703048],[-78.301044199,0.154494672],[-78.297268681,0.154701694],[-78.290900806,0.152083391],[-78.285147299,0.151168079],[-78.284519475,0.149369491],[-78.288055473,0.145002923],[-78.289772583,0.140722163],[-78.289234024,0.137689259],[-78.289947597,0.134668213],[-78.282909912,0.128679514],[-78.276899099,0.135389953],[-78.266821111,0.137773334],[-78.266820201,0.137773083],[-78.258678157,0.135535988],[-78.255059504,0.13029777],[-78.247552309,0.126459815],[-78.246120251,0.123557796],[-78.242557557,0.12265164],[-78.23590525,0.123802081],[-78.228959255,0.1220727],[-78.228313319,0.12792306],[-78.224244054,0.129213417],[-78.219513531,0.128086527],[-78.217704891,0.125832377],[-78.214455875,0.127088599],[-78.205930378,0.1285995],[-78.201635316,0.127869616],[-78.197486468,0.13101556],[-78.196114325,0.13488443],[-78.192708863,0.133827613],[-78.186580895,0.135882183],[-78.185563226,0.134087192],[-78.185568296,0.135938386],[-78.179283226,0.13479896],[-78.176277911,0.137299286],[-78.173431264,0.137240147],[-78.169528915,0.138630795],[-78.164280843,0.141843124],[-78.159963936,0.141955743],[-78.155519324,0.141128957],[-78.153069602,0.142045287],[-78.15091791,0.146402683],[-78.145965862,0.151007945],[-78.148362981,0.158801262],[-78.147320605,0.157188293],[-78.134097751,0.152702016],[-78.122828571,0.155660635],[-78.118155024,0.155353946],[-78.113754162,0.156279657],[-78.107741481,0.158489436],[-78.104855641,0.161908893],[-78.100510954,0.169276883],[-78.098542015,0.17035323],[-78.097009401,0.173489007],[-78.096294661,0.17905291],[-78.092327067,0.18632525],[-78.089306263,0.185021219],[-78.088129808,0.189349054],[-78.084791528,0.186592654],[-78.079791667,0.186592778],[-78.078546011,0.189108281],[-78.057713611,0.189029167],[-78.052595359,0.193114385],[-78.045307755,0.190836702],[-78.040877815,0.185551899],[-78.03787366,0.182942103],[-78.032127069,0.182330672],[-78.031383918,0.188245067],[-78.029374056,0.188697473],[-78.02396776,0.187802813],[-78.021827999,0.184807397],[-78.018495606,0.182001991],[-78.01077648,0.178658839],[-78.007904594,0.174736073],[-78.004730399,0.174461196],[-78.001886384,0.172038353],[-77.997855533,0.173146292],[-77.990928193,0.172096376],[-77.984240899,0.173510841],[-77.979327637,0.169876536],[-77.974406391,0.168863935],[-77.96723568,0.168742094],[-77.966100939,0.167293336],[-77.966515184,0.159981178],[-77.965199204,0.157903426],[-77.965012156,0.151852739],[-77.967816774,0.14862527],[-77.970624711,0.146805687],[-77.972304371,0.140301703],[-77.970552951,0.137926607],[-77.971030467,0.13586566],[-77.974810032,0.130255356],[-77.97528964,0.127690272],[-77.972736615,0.123468241],[-77.974829987,0.121952014],[-77.97480659,0.116794619],[-77.97725223,0.110964454],[-77.975832384,0.107489789],[-77.972157123,0.110665003],[-77.968309164,0.111791211],[-77.96519829,0.110748578],[-77.962256796,0.112845839],[-77.957701847,0.1110161],[-77.957026686,0.109529599],[-77.953573075,0.10840088],[-77.948846599,0.101833943],[-77.945913616,0.099286586],[-77.940804122,0.101308147],[-77.936726789,0.103847126],[-77.934303977,0.100711763],[-77.929871662,0.096931956],[-77.929129738,0.093691772],[-77.925320222,0.091141488],[-77.924396865,0.088165483],[-77.918244385,0.081763301],[-77.913569513,0.080525731],[-77.911226842,0.08260629],[-77.902441515,0.084270525],[-77.894682462,0.084529004],[-77.890068257,0.083110273],[-77.888180865,0.081608109],[-77.883776888,0.075806886],[-77.879158487,0.075495048],[-77.875414169,0.069930414],[-77.874196177,0.070420799],[-77.868522867,0.067895016],[-77.863657611,0.062909415],[-77.861442201,0.063258841],[-77.858309453,0.059004321],[-77.857138712,0.053227624],[-77.858601891,0.051017405],[-77.858866804,0.046836563],[-77.857431965,0.038590484],[-77.857806087,0.032927994],[-77.854470056,0.024302874],[-77.852283495,0.023181794],[-77.848141792,0.024488623],[-77.846732694,0.026723356],[-77.839827602,0.027272783],[-77.840005552,0.025408934],[-77.842534768,0.022252962],[-77.844292763,0.021602848],[-77.840070662,0.016904211],[-77.84391139,0.015223933],[-77.843485049,0.01122938],[-77.844648815,0.009942895],[-77.844507231,0.004932583],[-77.849970124,-0.000028626],[-77.852549828,-0.00388029],[-77.858433945,-0.004258881],[-77.863367301,-0.005443992],[-77.864708703,-0.007814882],[-77.866875593,-0.007052605],[-77.870179662,-0.008318178],[-77.87325571,-0.012876147],[-77.880132239,-0.014300313],[-77.887057093,-0.018139814],[-77.888950539,-0.017776832],[-77.895058343,-0.021742038],[-77.904452798,-0.025239177],[-77.908287939,-0.027697179],[-77.913234446,-0.027221047],[-77.916471134,-0.029021014],[-77.919165063,-0.028842713],[-77.922240089,-0.030272194],[-77.924293786,-0.032688449],[-77.935358361,-0.042355132],[-77.937174385,-0.048113639],[-77.941348363,-0.052098862],[-77.943386926,-0.053054304],[-77.938518233,-0.05792821],[-77.934674016,-0.071083917],[-77.936739041,-0.072952281],[-77.936909266,-0.077145226],[-77.938447725,-0.078651248],[-77.939035102,-0.08327609],[-77.93800383,-0.085079775],[-77.932743449,-0.085804816],[-77.930974499,-0.090324934],[-77.933645895,-0.096727492],[-77.933876131,-0.09965909],[-77.935756194,-0.099910927],[-77.94049531,-0.098422761],[-77.943222006,-0.095611744],[-77.945340323,-0.095066104],[-77.94875928,-0.096347639],[-77.954894754,-0.095047831],[-77.958008003,-0.099154583],[-77.959784214,-0.103869137],[-77.961593186,-0.104996737],[-77.962722549,-0.109828858],[-77.966664401,-0.111087562],[-77.967817191,-0.113103386],[-77.9698504,-0.122822593],[-77.972812285,-0.120082752],[-77.975818659,-0.119504818],[-77.977450834,-0.121671761],[-77.982048144,-0.118105097],[-77.985284731,-0.11757495],[-77.988585535,-0.114491634],[-77.990748377,-0.11062238],[-77.995464244,-0.111160034],[-77.999057662,-0.117284281],[-78.000110823,-0.121923151],[-78.000031511,-0.128275592],[-78.002580294,-0.127326836],[-78.009088293,-0.129771327],[-78.009159132,-0.131876827],[-78.012014889,-0.132103643],[-78.014963874,-0.135428787],[-78.014869965,-0.137911635],[-78.018894309,-0.141043386],[-78.027845806,-0.138069146],[-78.033520537,-0.1407893],[-78.040242814,-0.138297814],[-78.049048174,-0.14411244],[-78.057387489,-0.146026003],[-78.059507713,-0.149588234],[-78.057246835,-0.150897136],[-78.054237508,-0.161346214],[-78.055230004,-0.163875476],[-78.057624684,-0.166048178],[-78.061239588,-0.167444277],[-78.06223108,-0.175100752],[-78.070215272,-0.176518898],[-78.070367448,-0.183038152],[-78.073404916,-0.185132433],[-78.077266709,-0.182998524],[-78.07977936,-0.183509149],[-78.082497938,-0.188682988],[-78.084656797,-0.189792071],[-78.087950558,-0.187405593],[-78.090567812,-0.180369178],[-78.093246102,-0.182535558],[-78.098331108,-0.189894704],[-78.101868018,-0.1908921],[-78.105119263,-0.187243975],[-78.106510157,-0.182077216],[-78.108647135,-0.180376312],[-78.112371487,-0.180790306],[-78.11554272,-0.179009723],[-78.120267732,-0.180733522],[-78.124757085,-0.180926068],[-78.12827243,-0.178930474],[-78.130945286,-0.17458763],[-78.130597844,-0.171174227],[-78.13194725,-0.167483105],[-78.140792313,-0.166907917],[-78.143584868,-0.171145144],[-78.149717863,-0.173343543],[-78.155177905,-0.172735917],[-78.158116675,-0.177555998],[-78.158400843,-0.182552719],[-78.16222821,-0.186841407],[-78.167062354,-0.186891242],[-78.170033902,-0.191475333],[-78.174240543,-0.194867209],[-78.177984497,-0.194385585],[-78.18212295,-0.191217866],[-78.183221375,-0.192918453],[-78.189875008,-0.19763182],[-78.189945367,-0.199187032],[-78.189746597,-0.20170354],[-78.192171304,-0.206886754],[-78.192574518,-0.209803701],[-78.190555468,-0.212002941],[-78.187627282,-0.211717389],[-78.185398034,-0.213397489],[-78.185373839,-0.215836167],[-78.187612186,-0.223453057],[-78.19097335,-0.22811175],[-78.186770626,-0.229921431],[-78.185724863,-0.236757328],[-78.189484527,-0.240627354],[-78.187544278,-0.25164284],[-78.190756696,-0.256304358],[-78.18971096,-0.258657788],[-78.185970753,-0.263551016],[-78.185959834,-0.266154489],[-78.189037707,-0.269192482],[-78.191535362,-0.275051416],[-78.190720983,-0.278356426],[-78.191385243,-0.280842943],[-78.188103151,-0.282387921],[-78.187826078,-0.286517177],[-78.190198972,-0.289735701],[-78.192028001,-0.293793362],[-78.192693951,-0.298185131],[-78.191822803,-0.299927407],[-78.19198331,-0.304142366],[-78.19634124,-0.305214529],[-78.193676112,-0.308728166],[-78.194402026,-0.310848409],[-78.191062486,-0.318729422],[-78.193063529,-0.32243843],[-78.192901618,-0.324885373],[-78.194978274,-0.325754103],[-78.19650666,-0.329575171],[-78.199625506,-0.329569056],[-78.202680407,-0.332525216],[-78.203522125,-0.3353588],[-78.207262703,-0.34025024],[-78.206756316,-0.344714136],[-78.210844079,-0.351467649],[-78.214576134,-0.355206082],[-78.215808956,-0.361973626],[-78.218546552,-0.36322011],[-78.223817596,-0.363535521],[-78.225486926,-0.367234229],[-78.229317266,-0.372466934],[-78.233247938,-0.37919392],[-78.240596953,-0.381959147],[-78.243224717,-0.384247639],[-78.243394352,-0.390684091],[-78.245022464,-0.395943388],[-78.248302442,-0.400801707],[-78.25252477,-0.404535209],[-78.253883702,-0.404739432],[-78.255163157,-0.408752342],[-78.248754,-0.421850619],[-78.248791877,-0.425709439],[-78.242967498,-0.428339735],[-78.238526592,-0.435018401],[-78.235908964,-0.4359535],[-78.237086419,-0.441091982],[-78.235742012,-0.445391669],[-78.235309567,-0.450282158],[-78.236978684,-0.45366328],[-78.2366054,-0.456045387],[-78.238293654,-0.457304817],[-78.239357142,-0.460887171],[-78.242264027,-0.461347374],[-78.246084862,-0.45989873],[-78.247319306,-0.461429444],[-78.247030769,-0.470515096],[-78.248881891,-0.474150144],[-78.251588737,-0.476016207],[-78.252509771,-0.479159385],[-78.250396058,-0.480367289],[-78.250874481,-0.487097751],[-78.253274927,-0.491064472],[-78.253003636,-0.492362674],[-78.2547982,-0.498904558],[-78.254764299,-0.503069474],[-78.259335368,-0.503676654],[-78.263506173,-0.506229642],[-78.265741904,-0.50959306],[-78.269495239,-0.509517928],[-78.270650098,-0.514830922],[-78.267894913,-0.521427623],[-78.268552836,-0.525301021],[-78.266042993,-0.528405664],[-78.267125232,-0.530056764],[-78.267048178,-0.533751509],[-78.270657843,-0.537183908],[-78.269965003,-0.541794409],[-78.271563046,-0.543307877],[-78.275161105,-0.552893359],[-78.279406838,-0.557401914],[-78.279242472,-0.562288919],[-78.284366988,-0.566815175],[-78.284923102,-0.574109532],[-78.286703521,-0.575552312],[-78.288117472,-0.579046113],[-78.291514471,-0.579076252],[-78.293534422,-0.577408379],[-78.297227973,-0.576636206],[-78.300066021,-0.577865817],[-78.300588171,-0.580451963],[-78.303349555,-0.580209093],[-78.305931556,-0.577400654],[-78.308218187,-0.577494558],[-78.311803033,-0.580790573],[-78.317875176,-0.581172017],[-78.320531548,-0.584237671],[-78.320585133,-0.590609408],[-78.320592854,-0.595325533],[-78.32197807,-0.604912943],[-78.32662862,-0.61363779],[-78.326440905,-0.615721264],[-78.323087505,-0.61843818],[-78.320837404,-0.624972524],[-78.321243833,-0.628087393],[-78.325487053,-0.635431441],[-78.326600267,-0.642020903],[-78.329682052,-0.645343914],[-78.32931272,-0.649157714],[-78.330636923,-0.654751414],[-78.332191164,-0.657741196],[-78.341477397,-0.660125409],[-78.341809027,-0.661847235],[-78.346308092,-0.665962503],[-78.349419683,-0.66616744],[-78.355451083,-0.669900983],[-78.361736336,-0.674974387],[-78.3645072,-0.67592655],[-78.368904218,-0.673600398],[-78.377284104,-0.674916486],[-78.380312844,-0.674738786],[-78.395074719,-0.676671312],[-78.393452919,-0.675586551],[-78.376980312,-0.674088242],[-78.371187098,-0.672652546],[-78.363521907,-0.661790516],[-78.366199893,-0.657388756],[-78.367902673,-0.656772993],[-78.370829784,-0.648440404],[-78.374273379,-0.642699575],[-78.375034607,-0.64000343],[-78.38025874,-0.633825738],[-78.385596858,-0.628777648],[-78.388817693,-0.626478619],[-78.392644842,-0.626460813],[-78.398242017,-0.6238374],[-78.40211629,-0.623358986],[-78.402970019,-0.622069354],[-78.409079681,-0.62229547],[-78.407714141,-0.620116443],[-78.4092241,-0.617529607],[-78.406872807,-0.612596069],[-78.410480965,-0.612464431],[-78.41436409,-0.610302976],[-78.41628327,-0.607630248],[-78.421940513,-0.609065371],[-78.424042577,-0.608076259],[-78.426959521,-0.603363446],[-78.429896111,-0.600899747],[-78.430740534,-0.604073663],[-78.433603059,-0.605399095],[-78.435479788,-0.607808007],[-78.437002395,-0.611991911],[-78.441752107,-0.612289106],[-78.443385215,-0.615254797],[-78.445476281,-0.615535375],[-78.451086077,-0.620699994],[-78.454344952,-0.620574273],[-78.457624905,-0.615961715],[-78.457731271,-0.611421167],[-78.456353776,-0.609016856],[-78.464445015,-0.609733373],[-78.470524374,-0.616081051],[-78.47251842,-0.613938627],[-78.47498638,-0.614218458],[-78.475878184,-0.617314089],[-78.479395096,-0.621061247],[-78.480332966,-0.623577021],[-78.479012861,-0.627508127],[-78.481610385,-0.633231305],[-78.484144738,-0.633471162],[-78.487790147,-0.636790543],[-78.488816066,-0.632462301],[-78.491951589,-0.631877676],[-78.491312736,-0.626291616],[-78.493532925,-0.625272106],[-78.495444439,-0.629360572],[-78.498622223,-0.625297223],[-78.499769531,-0.625746227],[-78.497803048,-0.63078097],[-78.502463051,-0.633644862],[-78.504798825,-0.633158812],[-78.507811966,-0.629641419],[-78.509501578,-0.633425019],[-78.516251447,-0.634582621],[-78.518259733,-0.629673013],[-78.521322578,-0.63045046],[-78.526086464,-0.630297998],[-78.530225967,-0.628062321],[-78.53329451,-0.62497755],[-78.540412225,-0.624710558],[-78.542017648,-0.628781814],[-78.54440548,-0.631447691],[-78.547947795,-0.631309833],[-78.551364653,-0.633831274],[-78.553443665,-0.63173209],[-78.557044445,-0.631265891],[-78.55772063,-0.628534681],[-78.55647104,-0.625894684],[-78.558778473,-0.619224329],[-78.558952268,-0.614147251],[-78.562271496,-0.611854884],[-78.568551355,-0.609780811],[-78.571395891,-0.610235273],[-78.574130271,-0.612050874],[-78.576067144,-0.611475513],[-78.579408147,-0.617866164],[-78.586831016,-0.610221384],[-78.590425532,-0.610746651],[-78.593958769,-0.608152888],[-78.600383679,-0.607210414],[-78.604878624,-0.603806237],[-78.607975892,-0.602322171],[-78.610873326,-0.59949575],[-78.617615097,-0.601681009],[-78.61810273,-0.606536896],[-78.622626054,-0.609428502],[-78.63911977,-0.619337532],[-78.640158616,-0.620971873],[-78.641401696,-0.632645749],[-78.64326445,-0.637373612],[-78.648119971,-0.642808666],[-78.653407372,-0.638719184],[-78.65709462,-0.636777652],[-78.66091768,-0.639174753],[-78.66301356,-0.642991291],[-78.66401996,-0.64769952],[-78.667175241,-0.648768088],[-78.671707723,-0.65186205],[-78.679540825,-0.653830957],[-78.683567684,-0.656112406],[-78.686483083,-0.656164533],[-78.69110372,-0.659435383],[-78.700355996,-0.658426448],[-78.707694626,-0.660659464],[-78.709519961,-0.662760799],[-78.71513532,-0.660990774],[-78.715858208,-0.663064163],[-78.720366683,-0.649228311],[-78.730738314,-0.641060783],[-78.734662447,-0.6399231],[-78.735398553,-0.637360362],[-78.734039042,-0.630412105],[-78.736658855,-0.624642034],[-78.73913141,-0.621964897],[-78.738820278,-0.618182126],[-78.736794431,-0.615039072],[-78.735056466,-0.607734819],[-78.736001179,-0.603416063],[-78.733105483,-0.597785786],[-78.730311835,-0.596493009],[-78.728332129,-0.588978103],[-78.730837773,-0.574312282],[-78.730026119,-0.571939691],[-78.730498215,-0.567724907],[-78.73270244,-0.565839777],[-78.732271069,-0.562653643],[-78.73342119,-0.559655839],[-78.737921693,-0.558678108],[-78.741411524,-0.556903475],[-78.743944227,-0.557207028],[-78.7451975,-0.554259488],[-78.747806472,-0.553955519],[-78.750892388,-0.550278279],[-78.755000998,-0.547740469],[-78.759110427,-0.547477709],[-78.764922377,-0.544660728],[-78.770726482,-0.545292242],[-78.771990344,-0.542606964],[-78.774663052,-0.542907205],[-78.778456525,-0.538468518],[-78.782550386,-0.540772298],[-78.785838563,-0.53986523],[-78.790202719,-0.542809664],[-78.795814588,-0.543339996],[-78.796663428,-0.541742938],[-78.803286952,-0.540348603],[-78.80856911,-0.536177355],[-78.811165756,-0.537383128],[-78.815631052,-0.534471297],[-78.817153029,-0.532445007],[-78.821453502,-0.529319665],[-78.827184869,-0.528125635],[-78.828764055,-0.525898347],[-78.832304026,-0.524698584],[-78.834241724,-0.521034853],[-78.833903834,-0.513010252],[-78.835255635,-0.5093218],[-78.834303141,-0.507060593],[-78.835557213,-0.502601486],[-78.832968989,-0.499491668],[-78.836190797,-0.495673135],[-78.837449232,-0.489357244],[-78.837601788,-0.482043348],[-78.838444541,-0.477787983],[-78.840813253,-0.474270894],[-78.84559848,-0.470508078],[-78.848176885,-0.470189537],[-78.851673931,-0.468175024],[-78.855022064,-0.466837892],[-78.857750436,-0.462018578],[-78.858701094,-0.453085532],[-78.862287837,-0.448124434],[-78.862163307,-0.44200542],[-78.863789037,-0.440461554],[-78.863214674,-0.436435968],[-78.861513853,-0.433945312],[-78.864734782,-0.431200099],[-78.865505366,-0.428641726],[-78.868908234,-0.429591151],[-78.869611094,-0.426581123],[-78.871662776,-0.426663025],[-78.872469241,-0.423614506],[-78.870329738,-0.42148996],[-78.871195838,-0.417544656],[-78.873183999,-0.417910232],[-78.875528935,-0.414263137],[-78.877913756,-0.417029307],[-78.879520865,-0.413965913],[-78.882223429,-0.416108072],[-78.885457566,-0.412824789],[-78.890306262,-0.414718626],[-78.892788356,-0.413198847],[-78.89193989,-0.410664386],[-78.889086946,-0.408629819],[-78.890806236,-0.403254672],[-78.896542165,-0.394320557],[-78.899459512,-0.392383395],[-78.899650124,-0.385494041],[-78.90365422,-0.384654191],[-78.910937243,-0.374953346],[-78.91580537,-0.372149594],[-78.916254236,-0.368150348],[-78.91215654,-0.365756015],[-78.910643353,-0.363331187],[-78.906953664,-0.361369956],[-78.90810161,-0.357872769],[-78.914029138,-0.354311103],[-78.915682413,-0.349189572],[-78.914815986,-0.346403782],[-78.918455792,-0.342350078],[-78.918239944,-0.340552546],[-78.923470416,-0.340238152],[-78.925527808,-0.33715542],[-78.933816098,-0.336355473],[-78.934582681,-0.33403711],[-78.941252584,-0.331491995],[-78.945687853,-0.328200413],[-78.94802377,-0.327988705],[-78.951383967,-0.32393648],[-78.952549009,-0.319812184],[-78.954850607,-0.316636329],[-78.950467877,-0.312798479],[-78.94425904,-0.311261449],[-78.942918342,-0.313823253],[-78.93805321,-0.312720675],[-78.928698924,-0.31409254],[-78.927822986,-0.316177723],[-78.925243648,-0.317138536],[-78.922633671,-0.319839468],[-78.91951358,-0.321050364],[-78.91888816,-0.322833717],[-78.911637299,-0.330214859],[-78.908242188,-0.330798428],[-78.903493174,-0.333623913],[-78.901953548,-0.333325224],[-78.899450892,-0.335848408],[-78.896139687,-0.333067417],[-78.892981427,-0.331992124],[-78.889392359,-0.333977369],[-78.889436109,-0.336745954],[-78.884573545,-0.337108581],[-78.881156898,-0.335514137],[-78.875431132,-0.330446292],[-78.872181879,-0.330166348],[-78.869533024,-0.332262392],[-78.866816578,-0.332259527],[-78.865158603,-0.335729358],[-78.866014106,-0.340179189],[-78.865619083,-0.342833137],[-78.862128522,-0.347471399],[-78.856547168,-0.349387041],[-78.851490931,-0.346197818],[-78.849240298,-0.34823296],[-78.845400229,-0.348342812],[-78.841910793,-0.346219544],[-78.834840081,-0.344627024],[-78.828825268,-0.345418063],[-78.824052304,-0.343516887],[-78.819661551,-0.345559471],[-78.818014447,-0.34422434],[-78.816015119,-0.338425618],[-78.817156178,-0.334544352],[-78.813116376,-0.33289141],[-78.810494166,-0.334032629],[-78.808151776,-0.33229072],[-78.80793841,-0.329133203],[-78.806380197,-0.326384168],[-78.807107969,-0.324731742],[-78.801968425,-0.320090618],[-78.796476716,-0.317925875],[-78.794980311,-0.315643597],[-78.787545998,-0.314651729],[-78.78579922,-0.309994959],[-78.787388658,-0.306130102],[-78.783156765,-0.304381892],[-78.773921522,-0.298403186],[-78.775370832,-0.294376095],[-78.772721273,-0.28697964],[-78.773645132,-0.279797987],[-78.771339287,-0.278754875],[-78.768473367,-0.281340787],[-78.760447479,-0.28258556],[-78.755999585,-0.282475794],[-78.753897962,-0.280821105],[-78.753225538,-0.277416532],[-78.746125216,-0.277416663],[-78.749022206,-0.269838928],[-78.749217806,-0.267057269],[-78.753339052,-0.260882557],[-78.752762053,-0.257327595],[-78.755749384,-0.255063932],[-78.759577042,-0.250602936],[-78.758978426,-0.24116366],[-78.760166167,-0.23915743],[-78.765624705,-0.237671228],[-78.767641095,-0.23584725],[-78.771658567,-0.227491521],[-78.778285826,-0.224834883],[-78.783799547,-0.21203308],[-78.785708327,-0.211270469],[-78.789081478,-0.215033441],[-78.79473555,-0.213745974],[-78.798851359,-0.209023181],[-78.805325125,-0.204358654],[-78.80996547,-0.204387996],[-78.81346583,-0.200771745],[-78.817174979,-0.199430318],[-78.820127336,-0.196506511],[-78.822212609,-0.1960056],[-78.82907537,-0.189997685],[-78.832218566,-0.188681434],[-78.833767492,-0.185942251],[-78.833780782,-0.183137877],[-78.831448727,-0.179836145],[-78.829722971,-0.179088948],[-78.832519954,-0.174948029],[-78.835736102,-0.173355716],[-78.838230183,-0.170804968],[-78.838904593,-0.168057906],[-78.842635413,-0.166276326],[-78.841241679,-0.162924546],[-78.833600948,-0.161225125],[-78.83370041,-0.156115544],[-78.835579362,-0.155150795],[-78.835828015,-0.14782184],[-78.833941273,-0.142990152],[-78.834427132,-0.140379687],[-78.836755758,-0.139291518],[-78.837528184,-0.136971295],[-78.840171559,-0.133988624],[-78.845325603,-0.135830007],[-78.850297177,-0.134535936],[-78.859233449,-0.133538361],[-78.861673961,-0.125997507],[-78.868301485,-0.118364846],[-78.87262374,-0.116659604],[-78.877153812,-0.116323856],[-78.881331247,-0.110314102],[-78.886098017,-0.110207986],[-78.892045005,-0.106734121],[-78.894303935,-0.108932997],[-78.896209457,-0.107555437],[-78.899085114,-0.108196838],[-78.907441478,-0.107667199],[-78.910010835,-0.108735123],[-78.9102835,-0.112686787],[-78.913425786,-0.11494165],[-78.913983545,-0.117160607],[-78.917920256,-0.116061795],[-78.920744848,-0.117246136],[-78.922102021,-0.120167698],[-78.924745587,-0.119327643],[-78.928199891,-0.12035057],[-78.933674154,-0.118879781],[-78.937509864,-0.11569692],[-78.941260552,-0.113766986],[-78.942066427,-0.111281443],[-78.946051817,-0.110495963],[-78.950750603,-0.11317559],[-78.955741019,-0.108182145],[-78.959681451,-0.107502416],[-78.963465753,-0.105316751],[-78.964511558,-0.101251187],[-78.967837063,-0.102019312],[-78.972829165,-0.108225164],[-78.978748021,-0.108934921],[-78.980368601,-0.1077647],[-78.982136326,-0.111030279],[-78.984089596,-0.111367725],[-78.987714895,-0.109764875],[-78.989187063,-0.105985425],[-78.991503835,-0.107542959],[-78.990625074,-0.11006909],[-78.994084187,-0.111928209],[-78.999833667,-0.112004477],[-79.000667873,-0.110131359],[-79.004824024,-0.110045516],[-79.006641641,-0.113827888],[-79.012934036,-0.109885602],[-79.014141389,-0.112156174],[-79.014012777,-0.116376227],[-79.017135237,-0.116689843],[-79.018523149,-0.114661244],[-79.022524869,-0.114814633],[-79.02338491,-0.117542438],[-79.025922839,-0.117446925],[-79.02711116,-0.115217344],[-79.0300579,-0.114002237],[-79.030523938,-0.109868289],[-79.033584594,-0.110949836],[-79.037852852,-0.105658221],[-79.043774684,-0.106299751],[-79.043502123,-0.103851263],[-79.045704571,-0.101687383],[-79.049820358,-0.10291253],[-79.051455341,-0.102194916],[-79.05377456,-0.104137673],[-79.05495339,-0.101668806],[-79.060091307,-0.095680908],[-79.062970312,-0.096425685],[-79.064868033,-0.094970689],[-79.069240622,-0.094377619],[-79.07215422,-0.091846612],[-79.074981982,-0.09464589],[-79.077798066,-0.093796739],[-79.083501642,-0.090124682],[-79.086341327,-0.092577071],[-79.090405156,-0.089694409],[-79.093042894,-0.091464951],[-79.098608629,-0.088831165],[-79.100712026,-0.083723395],[-79.104086536,-0.084393446],[-79.103884369,-0.087826608],[-79.105749835,-0.088640138],[-79.111429659,-0.08631974],[-79.116467456,-0.091954261],[-79.117940955,-0.090124098],[-79.116622178,-0.087001853],[-79.118761051,-0.085793762],[-79.123561536,-0.085219804],[-79.125524892,-0.087533304],[-79.126310304,-0.090468121],[-79.132104499,-0.088809842],[-79.13354636,-0.089294018],[-79.135830052,-0.093925281],[-79.138478309,-0.093467093],[-79.14110245,-0.090279462],[-79.143844968,-0.092897878],[-79.149453079,-0.09190025],[-79.147706021,-0.087900819],[-79.14727821,-0.083700739],[-79.143467609,-0.082066103],[-79.142090189,-0.079955681],[-79.141460211,-0.074935307],[-79.137601008,-0.069700352],[-79.133558833,-0.066659045],[-79.132106952,-0.059880588],[-79.129246919,-0.057881124],[-79.130180217,-0.054573228],[-79.127774622,-0.050640702],[-79.120414825,-0.043970487],[-79.117216835,-0.043553717],[-79.109215899,-0.039326395],[-79.104898527,-0.038089286],[-79.099980266,-0.034417639],[-79.097610743,-0.026567705],[-79.102661045,-0.024649093],[-79.108987202,-0.024471411],[-79.114579272,-0.018913409],[-79.119118994,-0.018050304],[-79.119608327,-0.019843903],[-79.127637057,-0.017020966],[-79.130933923,-0.018489695],[-79.131952266,-0.01614014],[-79.135262248,-0.017195329],[-79.142256971,-0.013790931],[-79.143126196,-0.01484584],[-79.150470144,-0.013216792],[-79.152998729,-0.015178678],[-79.15487142,-0.014537498],[-79.156725076,-0.01696832],[-79.159919122,-0.01541799],[-79.160422966,-0.012298134],[-79.164776727,-0.014920385],[-79.169290499,-0.015504195],[-79.172176187,-0.013010419],[-79.174771351,-0.014111011],[-79.178079502,-0.0124841],[-79.184762333,-0.013508164],[-79.185399274,-0.009364246],[-79.189382362,-0.011096488],[-79.192462379,-0.010952953],[-79.199459306,-0.002518435],[-79.202122329,-0.003121005],[-79.210923193,0.000423331],[-79.210944417,0.002358749],[-79.215084823,0.002586729],[-79.216822841,0.003948793],[-79.218894779,0.002091091],[-79.220888515,0.003352061],[-79.223994472,0.002238411],[-79.226876543,0.006446128],[-79.232544756,0.003969779],[-79.236285674,0.005462422],[-79.238123369,0.010607787],[-79.240430341,0.009905927],[-79.244301945,0.011404812],[-79.246965345,0.007201436],[-79.253064154,0.00710472],[-79.256279923,0.008037795],[-79.260034367,0.011448474],[-79.26113773,0.010157781],[-79.264960872,0.012023651],[-79.268706843,0.012167382],[-79.278748808,0.014475688],[-79.282161347,0.014523196],[-79.284852307,0.018131644],[-79.287634037,0.016720047],[-79.291871689,0.016331799],[-79.295004121,0.01723609],[-79.29888075,0.018947056],[-79.301481238,0.019070787],[-79.303989009,0.020723841],[-79.306188981,0.018795264],[-79.309372516,0.018410751],[-79.311810097,0.014219971],[-79.312771358,0.010493255],[-79.314728826,0.011688568],[-79.314106098,0.013944297],[-79.318586195,0.015320152],[-79.321424757,0.020487623],[-79.324688346,0.023539273],[-79.327914777,0.021487531],[-79.330327138,0.023347921],[-79.33151553,0.021116694],[-79.333975457,0.020470677],[-79.335734217,0.022797651],[-79.340053982,0.019358106],[-79.34231184,0.023952236],[-79.34426079,0.022450799],[-79.346809847,0.023186604],[-79.350834364,0.020065807],[-79.352057769,0.017766555],[-79.355105005,0.019246232],[-79.35895242,0.018196761],[-79.360848716,0.020166156],[-79.365158611,0.018644444],[-79.36798035,0.022421211],[-79.368160738,0.026375895],[-79.369763816,0.0306339],[-79.37149289,0.032811374],[-79.367018269,0.043447553],[-79.366703414,0.046402366],[-79.368378925,0.051259781],[-79.368022343,0.053772207],[-79.365895051,0.056571718],[-79.357749398,0.063509148],[-79.354735222,0.067419375],[-79.354693721,0.076023562],[-79.353265266,0.080877614],[-79.348852366,0.09109894],[-79.348095735,0.096652836],[-79.338776045,0.105481663],[-79.337428368,0.108788416],[-79.334364197,0.111050696],[-79.331805087,0.1150807],[-79.330759666,0.118638896],[-79.33006153,0.1279978],[-79.3313856,0.133880521],[-79.33159629,0.137924594],[-79.329894489,0.142162741],[-79.327296787,0.1455377],[-79.324909263,0.156202617],[-79.32357218,0.157374231],[-79.313947565,0.15789067],[-79.311297324,0.160342999],[-79.30763888,0.168793493],[-79.304101836,0.173231301],[-79.304483383,0.179651665],[-79.306477873,0.182815933],[-79.312515478,0.189451324],[-79.314571258,0.193255277],[-79.320310722,0.196677465],[-79.324113064,0.200984785],[-79.328632789,0.209072739],[-79.332083552,0.21165728],[-79.338286647,0.213840147],[-79.343434943,0.211672861],[-79.347274384,0.211451593],[-79.349167504,0.213568553],[-79.350472398,0.220870812],[-79.353330053,0.227753389],[-79.357410688,0.230357205],[-79.362762758,0.236361513],[-79.362562024,0.240574548],[-79.359679041,0.242931555],[-79.359845,0.2475225],[-79.353028237,0.24752248],[-79.351642423,0.246305443],[-79.345202977,0.2468714],[-79.34254444,0.250053487],[-79.340943352,0.247977562],[-79.333768288,0.249663546],[-79.330574063,0.253267218],[-79.328230231,0.251382625],[-79.326349288,0.254026365],[-79.323638423,0.253593164],[-79.318995079,0.254652061],[-79.316681694,0.257277543],[-79.315422075,0.260483156],[-79.312554007,0.262706571],[-79.308790954,0.260727755],[-79.304029657,0.263080999],[-79.298288311,0.259395984],[-79.298103791,0.26180781],[-79.301614988,0.264812342],[-79.300374012,0.267200098],[-79.295752413,0.267718671],[-79.294995021,0.270650825],[-79.295808145,0.272845052],[-79.292786848,0.277976012],[-79.291429757,0.28219962],[-79.287649665,0.282518047],[-79.285522925,0.287008059],[-79.281849818,0.285580564],[-79.281209184,0.289509022],[-79.279022811,0.292309587],[-79.279022778,0.309238809],[-79.272144675,0.308883364],[-79.271881442,0.314081761],[-79.274088479,0.314484233],[-79.273044297,0.322333894],[-79.271863459,0.319879184],[-79.267468949,0.317872753],[-79.264616157,0.318014231],[-79.259021808,0.31983533],[-79.255053475,0.319655518],[-79.249336357,0.322598994],[-79.246352904,0.322849598],[-79.244104756,0.320137423],[-79.241401281,0.320286497],[-79.233969729,0.326653252],[-79.231057802,0.326785236],[-79.226478666,0.324469378],[-79.224780615,0.321734143]]]]},"properties":{"codigo":"17","nombre":"PICHINCHA","nivel":"Provincia","codigo_provincia":"17","provincia":"PICHINCHA"},"id":"17"},{"type":"Feature","geometry":{"type":"MultiPolygon","coordinates":[[[[-80.731696587,-1.683097481],[-80.730868892,-1.685857795],[-80.727875843,-1.684040845],[-80.724694238,-1.683515226],[-80.719439659,-1.680013996],[-80.71507302,-1.680983192],[-80.713332428,-1.676025855],[-80.710674909,-1.675827555],[-80.708564575,-1.673816594],[-80.703052093,-1.67331211],[-80.700708011,-1.675275112],[-80.695850129,-1.671787726],[-80.689115341,-1.672580163],[-80.687849791,-1.675169041],[-80.678267602,-1.674445467],[-80.677801353,-1.676948543],[-80.674821128,-1.67598709],[-80.671882784,-1.679230593],[-80.667602518,-1.67690336],[-80.665101019,-1.678470464],[-80.661731835,-1.675715547],[-80.653898115,-1.673376049],[-80.653939863,-1.670330467],[-80.650430268,-1.668801095],[-80.644658992,-1.675093719],[-80.64547987,-1.680464149],[-80.642249151,-1.682768694],[-80.640571594,-1.685820358],[-80.636900659,-1.688864464],[-80.636155601,-1.691633839],[-80.633924759,-1.694161519],[-80.635692421,-1.695295512],[-80.634260749,-1.698627275],[-80.629691001,-1.702134609],[-80.625572732,-1.703139163],[-80.624944367,-1.705090385],[-80.619822444,-1.707432954],[-80.61726686,-1.712139054],[-80.619041072,-1.714356776],[-80.617390576,-1.718232153],[-80.617770803,-1.720577699],[-80.620612613,-1.725120669],[-80.618183064,-1.729439327],[-80.616322238,-1.730383199],[-80.614055137,-1.734386461],[-80.610858331,-1.734648465],[-80.611749769,-1.738048556],[-80.612245767,-1.747303849],[-80.610369703,-1.750245848],[-80.610397629,-1.756959995],[-80.606143718,-1.759965483],[-80.604175948,-1.764945113],[-80.599542115,-1.768027681],[-80.593204602,-1.779554948],[-80.588255979,-1.781658385],[-80.587295886,-1.784546382],[-80.582941979,-1.785191456],[-80.581175313,-1.784019653],[-80.576269646,-1.784144521],[-80.575545969,-1.787491662],[-80.573087131,-1.784561081],[-80.567168806,-1.784190643],[-80.565002948,-1.782529045],[-80.554508999,-1.781962256],[-80.549590128,-1.780478447],[-80.551716649,-1.782719962],[-80.552643256,-1.787407007],[-80.555610269,-1.791268896],[-80.554899196,-1.79882545],[-80.557035821,-1.803668599],[-80.55771507,-1.810045961],[-80.561973688,-1.814779368],[-80.564205751,-1.819483961],[-80.571191667,-1.824402778],[-80.559777778,-1.824677778],[-80.560084123,-1.830404606],[-80.565137149,-1.830536036],[-80.566226721,-1.834818893],[-80.565844983,-1.839433814],[-80.560076171,-1.843714682],[-80.557032607,-1.847571827],[-80.55554865,-1.85323249],[-80.553357119,-1.854436083],[-80.551556348,-1.858460545],[-80.546598709,-1.862178466],[-80.543853828,-1.868219666],[-80.539239081,-1.874013876],[-80.534522627,-1.878101049],[-80.534529605,-1.882283201],[-80.53114405,-1.888357699],[-80.528636699,-1.889502728],[-80.526735311,-1.894753567],[-80.524629933,-1.894723939],[-80.520869034,-1.900323079],[-80.516501057,-1.902477012],[-80.516356931,-1.905829199],[-80.518450705,-1.908116134],[-80.516941897,-1.909915037],[-80.516769739,-1.913035351],[-80.519378279,-1.916502434],[-80.51912667,-1.919975211],[-80.517041281,-1.921675973],[-80.513648076,-1.920566374],[-80.506406096,-1.925493191],[-80.501966655,-1.926317703],[-80.494780083,-1.923184935],[-80.493138341,-1.924066728],[-80.488704801,-1.922298897],[-80.484338006,-1.92279219],[-80.481673549,-1.92626087],[-80.479001549,-1.925859414],[-80.471468018,-1.928451679],[-80.471615682,-1.930992339],[-80.469957801,-1.937774924],[-80.466340969,-1.938670918],[-80.465139376,-1.940820985],[-80.465273558,-1.944175007],[-80.464175311,-1.947318559],[-80.461449815,-1.944186762],[-80.455389269,-1.940694307],[-80.452808246,-1.941091615],[-80.451624829,-1.943208556],[-80.446083052,-1.945664013],[-80.440418917,-1.94313893],[-80.43900696,-1.944253355],[-80.439233718,-1.948169872],[-80.442151685,-1.952155033],[-80.441947222,-1.956588889],[-80.436988901,-1.956582272],[-80.431486129,-1.960474836],[-80.430210201,-1.962772281],[-80.426346618,-1.962952868],[-80.426469667,-1.964886959],[-80.42153009,-1.967029932],[-80.417395106,-1.9698348],[-80.418239416,-1.972853697],[-80.417392986,-1.976326322],[-80.414508562,-1.976654813],[-80.414155041,-1.981259934],[-80.409312606,-1.982929458],[-80.403956645,-1.983663418],[-80.398273622,-1.98264673],[-80.39606506,-1.984758145],[-80.388396412,-1.986426685],[-80.38249173,-1.984569017],[-80.376245926,-1.98586554],[-80.37388808,-1.984935596],[-80.371812778,-1.987572057],[-80.368670341,-1.995407708],[-80.36486976,-1.996996187],[-80.364090554,-1.994085271],[-80.353612449,-1.996283271],[-80.349243809,-1.998167686],[-80.346493779,-1.99784106],[-80.341743881,-2.001247618],[-80.342112555,-2.004843615],[-80.343631197,-2.007046003],[-80.344274419,-2.016754647],[-80.342937763,-2.023623655],[-80.341701534,-2.024928428],[-80.340171079,-2.028822102],[-80.337502086,-2.030742682],[-80.33411268,-2.030218298],[-80.332702634,-2.032973122],[-80.331837431,-2.03825348],[-80.325936389,-2.040472245],[-80.322051153,-2.046617302],[-80.323590689,-2.051654038],[-80.320315063,-2.056363193],[-80.318313737,-2.060737437],[-80.315002605,-2.061760804],[-80.313212079,-2.065111025],[-80.319282588,-2.06743063],[-80.321373476,-2.073865455],[-80.318612925,-2.075645079],[-80.313531438,-2.074876927],[-80.310218923,-2.076656292],[-80.308238048,-2.079968118],[-80.303174083,-2.082646668],[-80.306216135,-2.090039347],[-80.303512405,-2.092355112],[-80.299040647,-2.090016994],[-80.298908154,-2.088351015],[-80.290893839,-2.091430301],[-80.285149277,-2.083825752],[-80.278813824,-2.07825066],[-80.271678111,-2.081968735],[-80.268286035,-2.083894558],[-80.264343311,-2.090154219],[-80.26424587,-2.095037001],[-80.259662122,-2.098523497],[-80.256020748,-2.103928566],[-80.253345893,-2.104845193],[-80.256667607,-2.107079699],[-80.254211708,-2.110273674],[-80.250425821,-2.11000977],[-80.248270278,-2.113862329],[-80.244967048,-2.115022117],[-80.246656884,-2.118041012],[-80.246589299,-2.122504917],[-80.245437685,-2.123934488],[-80.245777747,-2.127937837],[-80.244121076,-2.128293059],[-80.244945372,-2.134899292],[-80.247217253,-2.141491602],[-80.245770987,-2.143342882],[-80.248829401,-2.147087281],[-80.251768239,-2.149410614],[-80.249619031,-2.151734477],[-80.250452368,-2.155045784],[-80.249331634,-2.157621628],[-80.247118637,-2.158188783],[-80.245697352,-2.161452134],[-80.24401237,-2.161086725],[-80.242457904,-2.165168708],[-80.240645654,-2.167304019],[-80.241354297,-2.171621704],[-80.238927717,-2.177077717],[-80.237383495,-2.18788733],[-80.238716826,-2.191906143],[-80.235959022,-2.193541303],[-80.231535974,-2.194690908],[-80.225744186,-2.192493645],[-80.222878965,-2.193643434],[-80.218280603,-2.19678371],[-80.214930106,-2.202283431],[-80.212974434,-2.202117241],[-80.209535928,-2.205253301],[-80.204806226,-2.206952551],[-80.200321939,-2.210655096],[-80.202142614,-2.213619879],[-80.203152684,-2.218276646],[-80.20734195,-2.218490626],[-80.207858761,-2.225175875],[-80.210673316,-2.226609672],[-80.216630186,-2.23212118],[-80.219033882,-2.232839015],[-80.223955997,-2.231697077],[-80.228256174,-2.229833982],[-80.233743423,-2.234233167],[-80.232020488,-2.240223862],[-80.233400279,-2.247833439],[-80.234855234,-2.251846181],[-80.238978041,-2.251305885],[-80.243185142,-2.247000696],[-80.245384782,-2.245996232],[-80.248849423,-2.246358895],[-80.25278076,-2.245591961],[-80.25577959,-2.243941962],[-80.259175836,-2.245328972],[-80.263514671,-2.244097559],[-80.262394522,-2.24822053],[-80.262233947,-2.253511158],[-80.263374903,-2.255604538],[-80.264750238,-2.264627056],[-80.267272143,-2.266770716],[-80.269171968,-2.268635789],[-80.272536224,-2.268879668],[-80.27609036,-2.270865437],[-80.283357011,-2.273608346],[-80.285035378,-2.275640114],[-80.284565917,-2.278854342],[-80.281619843,-2.283133725],[-80.285216889,-2.284478309],[-80.28394084,-2.286213105],[-80.280543036,-2.285761938],[-80.28060378,-2.288001686],[-80.282543038,-2.292763427],[-80.279865189,-2.294693666],[-80.282005057,-2.297983479],[-80.28182528,-2.300618682],[-80.285960821,-2.301885633],[-80.288942762,-2.30451323],[-80.287127544,-2.309598692],[-80.287609972,-2.312162033],[-80.285410981,-2.312850264],[-80.28477758,-2.317167581],[-80.280610205,-2.319024505],[-80.279180556,-2.320697222],[-80.283458333,-2.321966667],[-80.282827607,-2.323809159],[-80.282819642,-2.334897219],[-80.284649454,-2.337094417],[-80.289447545,-2.337497312],[-80.292216252,-2.336715555],[-80.29764939,-2.340163816],[-80.299722222,-2.342777778],[-80.304119426,-2.342779978],[-80.307962941,-2.339588189],[-80.31080705,-2.340948346],[-80.316816155,-2.341957555],[-80.320545124,-2.340162104],[-80.325516667,-2.342258334],[-80.32354647,-2.344636529],[-80.322932482,-2.349240437],[-80.325508749,-2.349773831],[-80.329027616,-2.346909229],[-80.331691389,-2.348149979],[-80.334888314,-2.347481524],[-80.338630983,-2.348511269],[-80.343075556,-2.347166072],[-80.354391703,-2.348454903],[-80.355332652,-2.346272255],[-80.360550356,-2.342574377],[-80.367476168,-2.343227363],[-80.374171363,-2.34679367],[-80.375000045,-2.353558508],[-80.373447727,-2.3588884],[-80.375498055,-2.360061678],[-80.375561724,-2.362897008],[-80.381489947,-2.366055864],[-80.382388749,-2.368128876],[-80.37966067,-2.370551216],[-80.380252817,-2.378846516],[-80.387003691,-2.379670942],[-80.388651405,-2.377615283],[-80.39546416,-2.376390339],[-80.396570299,-2.378736893],[-80.40074838,-2.380107863],[-80.406516706,-2.378944457],[-80.409602408,-2.38279531],[-80.410288672,-2.385734592],[-80.414615459,-2.385224951],[-80.419013702,-2.382039947],[-80.426605778,-2.381693671],[-80.429802862,-2.378677113],[-80.431126127,-2.374591806],[-80.447554626,-2.374591669],[-80.448175065,-2.378115764],[-80.445697861,-2.384817309],[-80.446445555,-2.397618925],[-80.44865615,-2.399333901],[-80.45033692,-2.403756716],[-80.453009076,-2.406855987],[-80.456978473,-2.409183183],[-80.461358108,-2.413981504],[-80.460214494,-2.420356323],[-80.461080331,-2.427032225],[-80.459325043,-2.435903463],[-80.457677134,-2.438501238],[-80.457149547,-2.442169678],[-80.453027911,-2.451831799],[-80.452582934,-2.454900397],[-80.458580274,-2.468085691],[-80.458396018,-2.470662179],[-80.46127316,-2.470825363],[-80.465444631,-2.472565146],[-80.466,-2.47749159],[-80.465999185,-2.479519444],[-80.463725029,-2.480918815],[-80.460944068,-2.486430229],[-80.459520278,-2.487291667],[-80.45973644,-2.491374273],[-80.463428204,-2.490476114],[-80.47103025,-2.49040369],[-80.475825705,-2.491415288],[-80.476107783,-2.492767202],[-80.479915019,-2.49424882],[-80.483386694,-2.496662507],[-80.490219677,-2.498372016],[-80.492407968,-2.500301418],[-80.494867813,-2.499745852],[-80.499490161,-2.497110523],[-80.500840768,-2.495182726],[-80.505674292,-2.495962733],[-80.509419885,-2.493763191],[-80.515391989,-2.494465555],[-80.517803059,-2.490570793],[-80.52194459,-2.489157665],[-80.524746485,-2.490365081],[-80.527784733,-2.490175246],[-80.530064059,-2.488560353],[-80.533124664,-2.4917818],[-80.540600214,-2.489293729],[-80.543140017,-2.491454887],[-80.545761073,-2.490920218],[-80.550439682,-2.493527922],[-80.551188779,-2.495227673],[-80.554413788,-2.495747959],[-80.55665728,-2.498051418],[-80.556202175,-2.499658604],[-80.563552128,-2.506767879],[-80.571378792,-2.499456647],[-80.576885527,-2.493840321],[-80.580412382,-2.491226902],[-80.588726367,-2.482680209],[-80.594565396,-2.478294267],[-80.604948342,-2.468662443],[-80.611655909,-2.461116322],[-80.626439216,-2.447470206],[-80.632535654,-2.443487708],[-80.642879954,-2.43410265],[-80.646580259,-2.430296481],[-80.660016055,-2.418418444],[-80.666402184,-2.414740442],[-80.674668522,-2.408292032],[-80.683470714,-2.402837589],[-80.687927184,-2.402131505],[-80.691835299,-2.404046656],[-80.692668584,-2.406598332],[-80.701392692,-2.400141985],[-80.709241853,-2.395242932],[-80.718171056,-2.391415556],[-80.722214957,-2.390472325],[-80.724792224,-2.391794802],[-80.725352408,-2.393695097],[-80.735557147,-2.391178563],[-80.74422191,-2.393257511],[-80.752664225,-2.388560924],[-80.759659755,-2.388047626],[-80.763372055,-2.388969852],[-80.767171253,-2.388905343],[-80.772290764,-2.387555204],[-80.774559618,-2.389157706],[-80.779816449,-2.386895583],[-80.790299423,-2.381255435],[-80.794841577,-2.380260416],[-80.798071078,-2.378009737],[-80.80176086,-2.378475477],[-80.808116383,-2.373039977],[-80.813491291,-2.367758069],[-80.821798863,-2.360564237],[-80.826858146,-2.355717619],[-80.838188615,-2.346150587],[-80.844195695,-2.341825211],[-80.849361767,-2.337387605],[-80.859671835,-2.330359023],[-80.869252957,-2.324681432],[-80.873173955,-2.32308563],[-80.877091581,-2.322477545],[-80.882003693,-2.323039879],[-80.888681242,-2.326717537],[-80.889928525,-2.329890733],[-80.889914604,-2.334969126],[-80.891024534,-2.338037099],[-80.894497828,-2.333980802],[-80.899022577,-2.333123362],[-80.899904347,-2.328649556],[-80.897219727,-2.323764317],[-80.895010171,-2.318257995],[-80.896551289,-2.313274143],[-80.90550837,-2.302651585],[-80.913296942,-2.29428372],[-80.915501398,-2.293112519],[-80.913925192,-2.289649279],[-80.9178175,-2.281332122],[-80.925586661,-2.271128976],[-80.935634461,-2.260516005],[-80.952177989,-2.244418429],[-80.958584307,-2.23752654],[-80.976172011,-2.219263622],[-80.992186762,-2.205256319],[-80.995176701,-2.203619426],[-80.99646649,-2.20047947],[-81.0018494,-2.196199976],[-81.002727906,-2.192943578],[-81.004560777,-2.190545347],[-81.007673249,-2.18865687],[-81.006046901,-2.186903625],[-81.0017318,-2.184667942],[-80.997814796,-2.183915216],[-80.992857888,-2.183905218],[-80.988164384,-2.185054422],[-80.986801458,-2.188473844],[-80.984204893,-2.189355],[-80.986690453,-2.192181157],[-80.984082622,-2.19681089],[-80.978595449,-2.199529906],[-80.973991417,-2.201012355],[-80.974919817,-2.203027216],[-80.971168057,-2.205593335],[-80.966391233,-2.205494394],[-80.960149075,-2.203800834],[-80.956370621,-2.201789992],[-80.953025522,-2.202648784],[-80.948908584,-2.205566542],[-80.949579301,-2.209804127],[-80.946512424,-2.210995894],[-80.944000339,-2.214308036],[-80.94477214,-2.216286391],[-80.940551893,-2.219496706],[-80.934643388,-2.220079494],[-80.929520962,-2.2209311],[-80.923662317,-2.219968075],[-80.922759778,-2.219149554],[-80.918416949,-2.218680947],[-80.914361287,-2.220695973],[-80.910266714,-2.220804024],[-80.907286877,-2.219971047],[-80.900907412,-2.21680738],[-80.893241102,-2.21375207],[-80.885999765,-2.209040943],[-80.882063433,-2.206216835],[-80.878212989,-2.206880087],[-80.874385963,-2.204663756],[-80.871502074,-2.199806692],[-80.869242962,-2.198610354],[-80.857742712,-2.197605834],[-80.849260418,-2.193613712],[-80.843447188,-2.189142735],[-80.839658629,-2.185563825],[-80.836341899,-2.181312528],[-80.830771526,-2.172810353],[-80.827917642,-2.167471424],[-80.825259026,-2.167235851],[-80.820280333,-2.161814554],[-80.817181903,-2.157007087],[-80.813579799,-2.157411016],[-80.810307884,-2.15580818],[-80.809264977,-2.158402672],[-80.806967274,-2.159152456],[-80.802915052,-2.157305665],[-80.797396812,-2.156040919],[-80.789380144,-2.151318556],[-80.783666509,-2.145624751],[-80.770279704,-2.134453846],[-80.7633513,-2.127736694],[-80.75927829,-2.122841303],[-80.754917458,-2.116630799],[-80.75006806,-2.107931781],[-80.747023367,-2.100435663],[-80.740147177,-2.078762599],[-80.737344605,-2.068643512],[-80.735609381,-2.059670944],[-80.735175793,-2.050283148],[-80.735979246,-2.043169989],[-80.735905016,-2.036218039],[-80.735292655,-2.028506188],[-80.736675248,-2.022385053],[-80.738187754,-2.020212764],[-80.741236161,-2.021267523],[-80.743807634,-2.01916714],[-80.746076918,-2.014395346],[-80.749668491,-2.012022607],[-80.749603178,-2.005040811],[-80.751378361,-1.998048951],[-80.752915271,-1.997618642],[-80.757105366,-1.988158594],[-80.752705752,-1.985621789],[-80.75126364,-1.983292975],[-80.752256298,-1.980852085],[-80.75541806,-1.979788325],[-80.758215537,-1.98249856],[-80.761255037,-1.980945454],[-80.762937042,-1.97634996],[-80.760845247,-1.975438956],[-80.759702317,-1.971962455],[-80.752448481,-1.96999745],[-80.751996838,-1.96886681],[-80.742582926,-1.969594803],[-80.738659953,-1.964874287],[-80.736568755,-1.964848172],[-80.73315145,-1.960632018],[-80.729913961,-1.954832997],[-80.727802805,-1.947320562],[-80.726634083,-1.939291861],[-80.726385918,-1.926263869],[-80.729740566,-1.906534776],[-80.731317933,-1.900211716],[-80.733150732,-1.890254366],[-80.734690242,-1.88449738],[-80.739377038,-1.8716118],[-80.744366881,-1.859399188],[-80.749626351,-1.842934619],[-80.752503415,-1.83158123],[-80.754751071,-1.824072507],[-80.759740829,-1.81724232],[-80.75695377,-1.814392638],[-80.758077609,-1.805979219],[-80.764820606,-1.777572426],[-80.767427852,-1.76784707],[-80.771608556,-1.755181392],[-80.774440539,-1.748079539],[-80.778756118,-1.739032531],[-80.782217465,-1.733694747],[-80.788331119,-1.726230988],[-80.790488897,-1.722114494],[-80.795388829,-1.715464904],[-80.79979423,-1.714967326],[-80.80253638,-1.711574172],[-80.799549738,-1.70753611],[-80.796420378,-1.705513195],[-80.794060472,-1.706479602],[-80.790306096,-1.703583186],[-80.788790696,-1.700490619],[-80.784497398,-1.699756932],[-80.775952745,-1.693084708],[-80.775758233,-1.6914764],[-80.772852376,-1.688466587],[-80.770203743,-1.688026159],[-80.7677721,-1.684860533],[-80.763301205,-1.684175768],[-80.761236367,-1.679755265],[-80.758946325,-1.676654568],[-80.753473221,-1.676452549],[-80.752955455,-1.674442548],[-80.747575847,-1.668595278],[-80.74422322,-1.670229557],[-80.744406119,-1.674028596],[-80.743526326,-1.67710957],[-80.74007565,-1.678207503],[-80.740158493,-1.680109274],[-80.733664667,-1.681899851],[-80.731696587,-1.683097481]]]]},"properties":{"codigo":"24","nombre":"SANTA ELENA","nivel":"Provincia","codigo_provincia":"24","provincia":"SANTA ELENA"},"id":"24"},{"type":"Feature","geometry":{"type":"MultiPolygon","coordinates":[[[[-79.393584175,0.02623713],[-79.390229652,0.024614413],[-79.385391024,0.024815989],[-79.371416932,0.023744335],[-79.36798035,0.022421211],[-79.365158611,0.018644444],[-79.360848716,0.020166156],[-79.35895242,0.018196761],[-79.355105005,0.019246232],[-79.352057769,0.017766555],[-79.350834364,0.020065807],[-79.346809847,0.023186604],[-79.34426079,0.022450799],[-79.34231184,0.023952236],[-79.340053982,0.019358106],[-79.335734217,0.022797651],[-79.333975457,0.020470677],[-79.33151553,0.021116694],[-79.330327138,0.023347921],[-79.327914777,0.021487531],[-79.324688346,0.023539273],[-79.321424757,0.020487623],[-79.318586195,0.015320152],[-79.314106098,0.013944297],[-79.314728826,0.011688568],[-79.312771358,0.010493255],[-79.311810097,0.014219971],[-79.309372516,0.018410751],[-79.306188981,0.018795264],[-79.303989009,0.020723841],[-79.301481238,0.019070787],[-79.29888075,0.018947056],[-79.295004121,0.01723609],[-79.291871689,0.016331799],[-79.287634037,0.016720047],[-79.284852307,0.018131644],[-79.282161347,0.014523196],[-79.278748808,0.014475688],[-79.268706843,0.012167382],[-79.264960872,0.012023651],[-79.26113773,0.010157781],[-79.260034367,0.011448474],[-79.256279923,0.008037795],[-79.253064154,0.00710472],[-79.246965345,0.007201436],[-79.244301945,0.011404812],[-79.240430341,0.009905927],[-79.238123369,0.010607787],[-79.236285674,0.005462422],[-79.232544756,0.003969779],[-79.226876543,0.006446128],[-79.223994472,0.002238411],[-79.220888515,0.003352061],[-79.218894779,0.002091091],[-79.216822841,0.003948793],[-79.215084823,0.002586729],[-79.210944417,0.002358749],[-79.210923193,0.000423331],[-79.202122329,-0.003121005],[-79.199459306,-0.002518435],[-79.192462379,-0.010952953],[-79.189382362,-0.011096488],[-79.185399274,-0.009364246],[-79.184762333,-0.013508164],[-79.178079502,-0.0124841],[-79.174771351,-0.014111011],[-79.172176187,-0.013010419],[-79.169290499,-0.015504195],[-79.164776727,-0.014920385],[-79.160422966,-0.012298134],[-79.159919122,-0.01541799],[-79.156725076,-0.01696832],[-79.15487142,-0.014537498],[-79.152998729,-0.015178678],[-79.150470144,-0.013216792],[-79.143126196,-0.01484584],[-79.142256971,-0.013790931],[-79.135262248,-0.017195329],[-79.131952266,-0.01614014],[-79.130933923,-0.018489695],[-79.127637057,-0.017020966],[-79.119608327,-0.019843903],[-79.119118994,-0.018050304],[-79.114579272,-0.018913409],[-79.108987202,-0.024471411],[-79.102661045,-0.024649093],[-79.097610743,-0.026567705],[-79.099980266,-0.034417639],[-79.104898527,-0.038089286],[-79.109215899,-0.039326395],[-79.117216835,-0.043553717],[-79.120414825,-0.043970487],[-79.127774622,-0.050640702],[-79.130180217,-0.054573228],[-79.129246919,-0.057881124],[-79.132106952,-0.059880588],[-79.133558833,-0.066659045],[-79.137601008,-0.069700352],[-79.141460211,-0.074935307],[-79.142090189,-0.079955681],[-79.143467609,-0.082066103],[-79.14727821,-0.083700739],[-79.147706021,-0.087900819],[-79.149453079,-0.09190025],[-79.143844968,-0.092897878],[-79.14110245,-0.090279462],[-79.138478309,-0.093467093],[-79.135830052,-0.093925281],[-79.13354636,-0.089294018],[-79.132104499,-0.088809842],[-79.126310304,-0.090468121],[-79.125524892,-0.087533304],[-79.123561536,-0.085219804],[-79.118761051,-0.085793762],[-79.116622178,-0.087001853],[-79.117940955,-0.090124098],[-79.116467456,-0.091954261],[-79.111429659,-0.08631974],[-79.105749835,-0.088640138],[-79.103884369,-0.087826608],[-79.104086536,-0.084393446],[-79.100712026,-0.083723395],[-79.098608629,-0.088831165],[-79.093042894,-0.091464951],[-79.090405156,-0.089694409],[-79.086341327,-0.092577071],[-79.083501642,-0.090124682],[-79.077798066,-0.093796739],[-79.074981982,-0.09464589],[-79.07215422,-0.091846612],[-79.069240622,-0.094377619],[-79.064868033,-0.094970689],[-79.062970312,-0.096425685],[-79.060091307,-0.095680908],[-79.05495339,-0.101668806],[-79.05377456,-0.104137673],[-79.051455341,-0.102194916],[-79.049820358,-0.10291253],[-79.045704571,-0.101687383],[-79.043502123,-0.103851263],[-79.043774684,-0.106299751],[-79.037852852,-0.105658221],[-79.033584594,-0.110949836],[-79.030523938,-0.109868289],[-79.0300579,-0.114002237],[-79.02711116,-0.115217344],[-79.025922839,-0.117446925],[-79.02338491,-0.117542438],[-79.022524869,-0.114814633],[-79.018523149,-0.114661244],[-79.017135237,-0.116689843],[-79.014012777,-0.116376227],[-79.014141389,-0.112156174],[-79.012934036,-0.109885602],[-79.006641641,-0.113827888],[-79.004824024,-0.110045516],[-79.000667873,-0.110131359],[-78.999833667,-0.112004477],[-78.994084187,-0.111928209],[-78.990625074,-0.11006909],[-78.991503835,-0.107542959],[-78.989187063,-0.105985425],[-78.987714895,-0.109764875],[-78.984089596,-0.111367725],[-78.982136326,-0.111030279],[-78.980368601,-0.1077647],[-78.978748021,-0.108934921],[-78.972829165,-0.108225164],[-78.967837063,-0.102019312],[-78.964511558,-0.101251187],[-78.963465753,-0.105316751],[-78.959681451,-0.107502416],[-78.955741019,-0.108182145],[-78.950750603,-0.11317559],[-78.946051817,-0.110495963],[-78.942066427,-0.111281443],[-78.941260552,-0.113766986],[-78.937509864,-0.11569692],[-78.933674154,-0.118879781],[-78.928199891,-0.12035057],[-78.924745587,-0.119327643],[-78.922102021,-0.120167698],[-78.920744848,-0.117246136],[-78.917920256,-0.116061795],[-78.913983545,-0.117160607],[-78.913425786,-0.11494165],[-78.9102835,-0.112686787],[-78.910010835,-0.108735123],[-78.907441478,-0.107667199],[-78.899085114,-0.108196838],[-78.896209457,-0.107555437],[-78.894303935,-0.108932997],[-78.892045005,-0.106734121],[-78.886098017,-0.110207986],[-78.881331247,-0.110314102],[-78.877153812,-0.116323856],[-78.87262374,-0.116659604],[-78.868301485,-0.118364846],[-78.861673961,-0.125997507],[-78.859233449,-0.133538361],[-78.850297177,-0.134535936],[-78.845325603,-0.135830007],[-78.840171559,-0.133988624],[-78.837528184,-0.136971295],[-78.836755758,-0.139291518],[-78.834427132,-0.140379687],[-78.833941273,-0.142990152],[-78.835828015,-0.14782184],[-78.835579362,-0.155150795],[-78.83370041,-0.156115544],[-78.833600948,-0.161225125],[-78.841241679,-0.162924546],[-78.842635413,-0.166276326],[-78.838904593,-0.168057906],[-78.838230183,-0.170804968],[-78.835736102,-0.173355716],[-78.832519954,-0.174948029],[-78.829722971,-0.179088948],[-78.831448727,-0.179836145],[-78.833780782,-0.183137877],[-78.833767492,-0.185942251],[-78.832218566,-0.188681434],[-78.82907537,-0.189997685],[-78.822212609,-0.1960056],[-78.820127336,-0.196506511],[-78.817174979,-0.199430318],[-78.81346583,-0.200771745],[-78.80996547,-0.204387996],[-78.805325125,-0.204358654],[-78.798851359,-0.209023181],[-78.79473555,-0.213745974],[-78.789081478,-0.215033441],[-78.785708327,-0.211270469],[-78.783799547,-0.21203308],[-78.778285826,-0.224834883],[-78.771658567,-0.227491521],[-78.767641095,-0.23584725],[-78.765624705,-0.237671228],[-78.760166167,-0.23915743],[-78.758978426,-0.24116366],[-78.759577042,-0.250602936],[-78.755749384,-0.255063932],[-78.752762053,-0.257327595],[-78.753339052,-0.260882557],[-78.749217806,-0.267057269],[-78.749022206,-0.269838928],[-78.746125216,-0.277416663],[-78.753225538,-0.277416532],[-78.753897962,-0.280821105],[-78.755999585,-0.282475794],[-78.760447479,-0.28258556],[-78.768473367,-0.281340787],[-78.771339287,-0.278754875],[-78.773645132,-0.279797987],[-78.772721273,-0.28697964],[-78.775370832,-0.294376095],[-78.773921522,-0.298403186],[-78.783156765,-0.304381892],[-78.787388658,-0.306130102],[-78.78579922,-0.309994959],[-78.787545998,-0.314651729],[-78.794980311,-0.315643597],[-78.796476716,-0.317925875],[-78.801968425,-0.320090618],[-78.807107969,-0.324731742],[-78.806380197,-0.326384168],[-78.80793841,-0.329133203],[-78.808151776,-0.33229072],[-78.810494166,-0.334032629],[-78.813116376,-0.33289141],[-78.817156178,-0.334544352],[-78.816015119,-0.338425618],[-78.818014447,-0.34422434],[-78.819661551,-0.345559471],[-78.824052304,-0.343516887],[-78.828825268,-0.345418063],[-78.834840081,-0.344627024],[-78.841910793,-0.346219544],[-78.845400229,-0.348342812],[-78.849240298,-0.34823296],[-78.851490931,-0.346197818],[-78.856547168,-0.349387041],[-78.862128522,-0.347471399],[-78.865619083,-0.342833137],[-78.866014106,-0.340179189],[-78.865158603,-0.335729358],[-78.866816578,-0.332259527],[-78.869533024,-0.332262392],[-78.872181879,-0.330166348],[-78.875431132,-0.330446292],[-78.881156898,-0.335514137],[-78.884573545,-0.337108581],[-78.889436109,-0.336745954],[-78.889392359,-0.333977369],[-78.892981427,-0.331992124],[-78.896139687,-0.333067417],[-78.899450892,-0.335848408],[-78.901953548,-0.333325224],[-78.903493174,-0.333623913],[-78.908242188,-0.330798428],[-78.911637299,-0.330214859],[-78.91888816,-0.322833717],[-78.91951358,-0.321050364],[-78.922633671,-0.319839468],[-78.925243648,-0.317138536],[-78.927822986,-0.316177723],[-78.928698924,-0.31409254],[-78.93805321,-0.312720675],[-78.942918342,-0.313823253],[-78.94425904,-0.311261449],[-78.950467877,-0.312798479],[-78.954850607,-0.316636329],[-78.952549009,-0.319812184],[-78.951383967,-0.32393648],[-78.94802377,-0.327988705],[-78.945687853,-0.328200413],[-78.941252584,-0.331491995],[-78.939140837,-0.334652688],[-78.938737678,-0.339874325],[-78.937057745,-0.341781512],[-78.937544058,-0.344854254],[-78.935674787,-0.345413622],[-78.934784684,-0.353947866],[-78.933266724,-0.357504183],[-78.932920833,-0.36089],[-78.945132269,-0.360890094],[-78.9469069,-0.360398632],[-78.951629329,-0.362147228],[-78.956372237,-0.362710243],[-78.957140293,-0.366726033],[-78.9621156,-0.369463907],[-78.968629795,-0.382362804],[-78.96483476,-0.391036725],[-78.964252606,-0.398348399],[-78.964783239,-0.400900909],[-78.966845481,-0.403250045],[-78.973302772,-0.408591712],[-78.97742813,-0.409853606],[-78.985041079,-0.40958359],[-78.989798979,-0.41332401],[-78.990659222,-0.414868069],[-78.999042341,-0.418227917],[-79.001967128,-0.415583892],[-79.007975127,-0.416252366],[-79.01151564,-0.41797813],[-79.014706606,-0.422567826],[-79.016671763,-0.431852832],[-79.015279979,-0.434995424],[-79.015064614,-0.440665179],[-79.015853148,-0.44241114],[-79.014481023,-0.445153108],[-79.014717673,-0.449504728],[-79.01686706,-0.454086625],[-79.025125153,-0.462323338],[-79.025333736,-0.464275546],[-79.030560815,-0.469505387],[-79.03204891,-0.473590684],[-79.030946438,-0.477742458],[-79.030096978,-0.47954178],[-79.031591788,-0.483463542],[-79.037655775,-0.485714126],[-79.040312272,-0.488818295],[-79.04548808,-0.487190112],[-79.046989093,-0.490300633],[-79.048764808,-0.496703148],[-79.052841841,-0.499967565],[-79.05367761,-0.5024846],[-79.05712773,-0.504179444],[-79.056946382,-0.506657901],[-79.060889205,-0.513711861],[-79.063892457,-0.515741529],[-79.065317426,-0.518775526],[-79.069965718,-0.52341412],[-79.072710395,-0.524298465],[-79.07702554,-0.527203814],[-79.080542928,-0.528187839],[-79.088236891,-0.526602575],[-79.093251059,-0.524414563],[-79.100969649,-0.525037045],[-79.102110419,-0.528205598],[-79.106579793,-0.531545284],[-79.109348013,-0.536920738],[-79.112964996,-0.541820737],[-79.117188346,-0.542319769],[-79.119151693,-0.5413299],[-79.125102748,-0.542710952],[-79.126822272,-0.54440417],[-79.131870103,-0.5465705],[-79.13687566,-0.549521937],[-79.141496038,-0.558053656],[-79.146641513,-0.562900902],[-79.146271481,-0.565071713],[-79.15215569,-0.576239583],[-79.157740133,-0.581666398],[-79.160484051,-0.586398554],[-79.164602028,-0.589792599],[-79.169926055,-0.593013596],[-79.173284653,-0.593627565],[-79.176265561,-0.596344683],[-79.18248545,-0.599501941],[-79.186667941,-0.600897006],[-79.187721931,-0.602904122],[-79.19534973,-0.607036857],[-79.196721362,-0.609776819],[-79.194890691,-0.611618484],[-79.196255549,-0.616813828],[-79.198408339,-0.620062489],[-79.201316068,-0.620915383],[-79.199884949,-0.623327572],[-79.201629066,-0.628301675],[-79.20510821,-0.629367582],[-79.209368177,-0.633724773],[-79.213784387,-0.636453872],[-79.215373185,-0.64003615],[-79.2206506,-0.64127994],[-79.223046645,-0.640449585],[-79.228945478,-0.643343929],[-79.235464225,-0.643375181],[-79.236688306,-0.645211441],[-79.242057492,-0.646641437],[-79.243542248,-0.650109653],[-79.245560059,-0.651682225],[-79.249672043,-0.652327613],[-79.253030775,-0.657163948],[-79.255283512,-0.658572627],[-79.259017485,-0.659206781],[-79.265307185,-0.663437415],[-79.266131999,-0.668294539],[-79.268579092,-0.670157266],[-79.269608982,-0.673359642],[-79.272196479,-0.676238699],[-79.27793308,-0.679185142],[-79.280622551,-0.683210111],[-79.284657484,-0.687215948],[-79.284486323,-0.693261721],[-79.285516664,-0.696091024],[-79.288864898,-0.693715683],[-79.291179694,-0.694094707],[-79.293308451,-0.698754664],[-79.29779738,-0.700112418],[-79.302572619,-0.699461254],[-79.305400002,-0.695385897],[-79.309884379,-0.693909904],[-79.317376874,-0.698310438],[-79.32463138,-0.698444476],[-79.328776497,-0.694845929],[-79.332160245,-0.693287116],[-79.336168036,-0.692869549],[-79.340184222,-0.693444604],[-79.343909811,-0.69038837],[-79.348364407,-0.690735835],[-79.350733086,-0.688204636],[-79.351116553,-0.685165725],[-79.355951712,-0.680880511],[-79.358620168,-0.680119013],[-79.362413978,-0.676577042],[-79.359953305,-0.671799852],[-79.362379182,-0.665334373],[-79.365102736,-0.663152266],[-79.365757253,-0.660038367],[-79.369039187,-0.658004713],[-79.370135398,-0.655509313],[-79.369444843,-0.651998857],[-79.366050491,-0.652292062],[-79.364366519,-0.655715592],[-79.362534577,-0.6536548],[-79.364314296,-0.648135221],[-79.359775016,-0.646142947],[-79.361112092,-0.642238357],[-79.357694997,-0.639380273],[-79.354063067,-0.639417386],[-79.355870432,-0.636537064],[-79.353637203,-0.63317689],[-79.34857449,-0.632897707],[-79.346098216,-0.631470824],[-79.34863272,-0.629145863],[-79.349152084,-0.625312811],[-79.348411244,-0.62290545],[-79.349544588,-0.616631962],[-79.348556577,-0.614109674],[-79.352136871,-0.611837652],[-79.353161474,-0.603458469],[-79.35681167,-0.599477995],[-79.358044052,-0.595602062],[-79.356808748,-0.593299837],[-79.356986064,-0.588447331],[-79.36454515,-0.586506623],[-79.366334143,-0.583333359],[-79.366551456,-0.578612351],[-79.362259414,-0.573451215],[-79.356271264,-0.572373627],[-79.350921946,-0.572543469],[-79.350565708,-0.571514474],[-79.355712201,-0.559864943],[-79.354564368,-0.55722843],[-79.349199035,-0.555605816],[-79.345161228,-0.555743509],[-79.346310649,-0.552067684],[-79.345552694,-0.547840262],[-79.347330385,-0.544226479],[-79.350354252,-0.543665297],[-79.350979239,-0.541332351],[-79.353780605,-0.542008301],[-79.362366745,-0.540300739],[-79.363670365,-0.541075961],[-79.3727737,-0.540251949],[-79.373581126,-0.544628005],[-79.37715389,-0.545631153],[-79.390589112,-0.546028645],[-79.390990494,-0.543637847],[-79.399222845,-0.543754144],[-79.406188475,-0.543109369],[-79.413189413,-0.546321506],[-79.416683597,-0.546749755],[-79.416683575,-0.538571399],[-79.427332123,-0.542113246],[-79.428811626,-0.544230394],[-79.433582559,-0.545676725],[-79.440020859,-0.544553604],[-79.448270613,-0.547815771],[-79.452237482,-0.550027048],[-79.454368249,-0.555371116],[-79.454522428,-0.559762667],[-79.458160594,-0.562406109],[-79.45870664,-0.555835353],[-79.458052239,-0.552855526],[-79.461660566,-0.548488704],[-79.483345821,-0.543425047],[-79.479884129,-0.543183615],[-79.478268569,-0.538639313],[-79.47577949,-0.539434606],[-79.474139576,-0.538055265],[-79.472561463,-0.532300811],[-79.46881172,-0.532635392],[-79.466003617,-0.528667279],[-79.465587612,-0.522658104],[-79.466587211,-0.520802518],[-79.464673572,-0.518896564],[-79.464321577,-0.515994007],[-79.461717932,-0.514799141],[-79.459665245,-0.512244767],[-79.459141091,-0.508439803],[-79.460524238,-0.505957974],[-79.459887593,-0.503666611],[-79.461143509,-0.496605274],[-79.458995252,-0.495719719],[-79.457841281,-0.492470388],[-79.457133456,-0.487249698],[-79.449765748,-0.48038244],[-79.452389385,-0.479429142],[-79.454744483,-0.476992539],[-79.45742996,-0.478582433],[-79.459653594,-0.47701544],[-79.460007059,-0.4728482],[-79.464377622,-0.47178895],[-79.463116577,-0.468116284],[-79.458924011,-0.468965429],[-79.456172367,-0.467080878],[-79.459078464,-0.460412799],[-79.456532589,-0.456316413],[-79.4553582,-0.457701352],[-79.449424576,-0.456007196],[-79.448820762,-0.452161438],[-79.442948247,-0.449944104],[-79.442247268,-0.446437371],[-79.438343784,-0.441492407],[-79.432738741,-0.441011839],[-79.429131166,-0.438664265],[-79.428116089,-0.434470215],[-79.425803665,-0.431107912],[-79.421749013,-0.429236005],[-79.420811231,-0.426903269],[-79.422979066,-0.424649168],[-79.422201809,-0.421607712],[-79.419067766,-0.418542693],[-79.4167083,-0.414752218],[-79.415492991,-0.414670653],[-79.410756111,-0.410686109],[-79.410756329,-0.390290659],[-79.410756109,-0.286825668],[-79.410756112,-0.261663395],[-79.409875051,-0.257539811],[-79.411137945,-0.252655954],[-79.410282835,-0.243943465],[-79.413179901,-0.238184644],[-79.413888269,-0.232935499],[-79.410482199,-0.227136578],[-79.41204209,-0.225796411],[-79.409937525,-0.220118669],[-79.410527897,-0.216577022],[-79.412743273,-0.214543924],[-79.411480768,-0.210847944],[-79.409556411,-0.209091808],[-79.405009917,-0.209481959],[-79.409727937,-0.19135794],[-79.413088471,-0.188929037],[-79.412311255,-0.187214692],[-79.415590819,-0.18599347],[-79.419271304,-0.181803525],[-79.423469921,-0.181591011],[-79.428484978,-0.179566381],[-79.429315859,-0.175774661],[-79.435725401,-0.176566964],[-79.437185636,-0.177620593],[-79.441537464,-0.176157076],[-79.448684124,-0.17915785],[-79.450005074,-0.176645922],[-79.452462947,-0.176633138],[-79.455897405,-0.178304428],[-79.461527194,-0.172025646],[-79.466184581,-0.171274079],[-79.470343409,-0.171398152],[-79.469511697,-0.175037312],[-79.472979615,-0.17540989],[-79.473437611,-0.173556628],[-79.481206852,-0.169918091],[-79.484136223,-0.169635941],[-79.486362295,-0.171344319],[-79.492722284,-0.167567315],[-79.493780224,-0.169851895],[-79.496878842,-0.167890379],[-79.498900642,-0.169755032],[-79.50265694,-0.168957345],[-79.508708789,-0.168759227],[-79.511795379,-0.164528455],[-79.516299997,-0.163541863],[-79.519300651,-0.163922322],[-79.521898517,-0.158703771],[-79.524421689,-0.157644199],[-79.524422325,-0.148353458],[-79.526171501,-0.14389424],[-79.528634811,-0.142865432],[-79.528347789,-0.138944051],[-79.532845559,-0.13503042],[-79.536715096,-0.133973075],[-79.539149072,-0.134759318],[-79.540615396,-0.131284304],[-79.53947261,-0.130169103],[-79.540417221,-0.126152409],[-79.543481741,-0.12459589],[-79.54375493,-0.112505162],[-79.545456404,-0.107745789],[-79.546656281,-0.107399721],[-79.546785323,-0.102935211],[-79.548385033,-0.10038522],[-79.551617418,-0.096960397],[-79.554935246,-0.096533451],[-79.555845111,-0.093556767],[-79.558939726,-0.089258318],[-79.560579505,-0.090628657],[-79.564423381,-0.0910571],[-79.570660442,-0.085017633],[-79.571019631,-0.083568166],[-79.578881174,-0.079337103],[-79.582529478,-0.073891249],[-79.581322847,-0.070755746],[-79.588591025,-0.069542009],[-79.590576986,-0.068001057],[-79.595175408,-0.066686834],[-79.59615656,-0.063201534],[-79.598751917,-0.06143203],[-79.600905023,-0.061876448],[-79.602870805,-0.05944314],[-79.603282633,-0.055494468],[-79.608982824,-0.053460501],[-79.609862388,-0.050832936],[-79.60832687,-0.048286685],[-79.608523261,-0.043208169],[-79.610597271,-0.041006587],[-79.615571259,-0.040139186],[-79.615333636,-0.03492229],[-79.60879112,-0.027714331],[-79.608018625,-0.023628168],[-79.60576212,-0.021465022],[-79.603142728,-0.02253957],[-79.60269105,-0.026416318],[-79.600941518,-0.029223351],[-79.598220155,-0.028625319],[-79.598220242,-0.020675189],[-79.588431738,-0.020723978],[-79.5799299,-0.018347737],[-79.577879162,-0.018866099],[-79.577281897,-0.021445229],[-79.575227125,-0.023517312],[-79.571144529,-0.020913253],[-79.566125569,-0.022601139],[-79.563673057,-0.021492375],[-79.561722465,-0.023209982],[-79.552376479,-0.025150499],[-79.543452678,-0.02530629],[-79.540398525,-0.024374197],[-79.536438569,-0.027885934],[-79.534542271,-0.024219713],[-79.532116993,-0.02625093],[-79.530643306,-0.024367784],[-79.528467956,-0.026697823],[-79.523419158,-0.02683902],[-79.519264072,-0.025869453],[-79.515702612,-0.026475899],[-79.514899343,-0.028444529],[-79.516058307,-0.030935919],[-79.512682256,-0.031916154],[-79.512901811,-0.027459159],[-79.510690611,-0.028074023],[-79.504566451,-0.027850013],[-79.500419995,-0.028752389],[-79.498961828,-0.027936871],[-79.488613556,-0.029679969],[-79.479062609,-0.030187013],[-79.477220685,-0.031040613],[-79.471581604,-0.031017666],[-79.468310397,-0.034063015],[-79.464631178,-0.034650231],[-79.464201063,-0.036486775],[-79.458116502,-0.034809203],[-79.456643461,-0.036006463],[-79.451002217,-0.038060426],[-79.448641388,-0.039680875],[-79.445410856,-0.037232971],[-79.440556863,-0.03573882],[-79.43629647,-0.033341658],[-79.43254902,-0.029224306],[-79.432443164,-0.027611248],[-79.435442941,-0.029422623],[-79.438525729,-0.029164235],[-79.441577603,-0.030272182],[-79.447187533,-0.026585301],[-79.449081941,-0.022945739],[-79.447679618,-0.019952219],[-79.452659192,-0.016963542],[-79.453844106,-0.010594859],[-79.455586369,-0.007839446],[-79.458840317,-0.008554936],[-79.459679097,-0.003970145],[-79.461105978,-0.001853617],[-79.463553219,-0.003040979],[-79.464389409,0.001657733],[-79.455928668,-0.001879391],[-79.452038503,0.001696295],[-79.446562745,0.004665791],[-79.443779181,0.003883698],[-79.437906773,0.004260886],[-79.433105553,0.006002038],[-79.430849121,0.004774135],[-79.424476717,0.004817146],[-79.421696806,0.006825166],[-79.422469688,0.0100692],[-79.425317135,0.012107933],[-79.428853192,0.023413234],[-79.425451474,0.023281383],[-79.424466688,0.020823722],[-79.420992037,0.022506803],[-79.41656454,0.021022066],[-79.412491394,0.01768385],[-79.408556543,0.016934286],[-79.405516349,0.014768847],[-79.402044639,0.014121215],[-79.403681986,0.018325527],[-79.405592249,0.018769085],[-79.40811691,0.024950893],[-79.406947227,0.025887225],[-79.396232433,0.025511074],[-79.393584175,0.02623713]]]]},"properties":{"codigo":"23","nombre":"SANTO DOMINGO DE LOS TSÁCHILAS","nivel":"Provincia","codigo_provincia":"23","provincia":"SANTO DOMINGO DE LOS TSÁCHILAS"},"id":"23"},{"type":"Feature","geometry":{"type":"MultiPolygon","coordinates":[[[[-77.490689985,0.660389446],[-77.486306278,0.656622688],[-77.483020067,0.655612716],[-77.481675059,0.651269448],[-77.483397209,0.650188464],[-77.482776664,0.645172895],[-77.481116976,0.642114359],[-77.479023036,0.640653089],[-77.480042108,0.635163617],[-77.47906006,0.631123666],[-77.480735102,0.629888437],[-77.480623453,0.622545122],[-77.479686452,0.620292652],[-77.480940623,0.617616494],[-77.479878571,0.61403339],[-77.480357291,0.610261196],[-77.482378644,0.607429499],[-77.481894857,0.605633088],[-77.486717953,0.600057492],[-77.488200691,0.59405655],[-77.488014409,0.587454753],[-77.492534934,0.582239299],[-77.494429167,0.582668244],[-77.497695416,0.58084143],[-77.503013397,0.57521442],[-77.502402216,0.571885314],[-77.503151641,0.56852497],[-77.506090199,0.565742871],[-77.51035441,0.565638518],[-77.510537357,0.561574067],[-77.509737644,0.558836992],[-77.510892569,0.556558234],[-77.511818383,0.550476155],[-77.514603904,0.549293364],[-77.515650432,0.544986785],[-77.518406448,0.538899906],[-77.517373377,0.53623551],[-77.519313315,0.532869309],[-77.521508684,0.531923159],[-77.520956039,0.524733809],[-77.522908247,0.519893362],[-77.520724929,0.514760195],[-77.520829804,0.512491311],[-77.518529551,0.510424302],[-77.518030012,0.502564065],[-77.516339397,0.494582409],[-77.520117277,0.488516622],[-77.521699408,0.483217791],[-77.52371067,0.480377817],[-77.524862245,0.476553784],[-77.52377245,0.474183343],[-77.525498896,0.471842139],[-77.525449983,0.46808296],[-77.523361646,0.465764588],[-77.523382273,0.463760359],[-77.51953547,0.458117455],[-77.520499233,0.455346641],[-77.518766487,0.451854605],[-77.521117556,0.446864027],[-77.523258091,0.444319518],[-77.520543083,0.439980871],[-77.520406604,0.438136954],[-77.521608049,0.429191964],[-77.520392745,0.424216675],[-77.520394817,0.420772255],[-77.526725683,0.412479156],[-77.529477419,0.406054548],[-77.500003673,0.414595355],[-77.458840333,0.427099055],[-77.452314325,0.426555314],[-77.449573919,0.42733512],[-77.445594511,0.427031399],[-77.443804184,0.429359072],[-77.434078147,0.435917364],[-77.431349146,0.439409903],[-77.428888415,0.437245762],[-77.422987171,0.437811251],[-77.420093614,0.435049258],[-77.421129734,0.429927291],[-77.422796614,0.427777327],[-77.421340677,0.422196923],[-77.420040092,0.420694797],[-77.4160481,0.419555414],[-77.412428841,0.412362408],[-77.412628521,0.409295732],[-77.409996867,0.407051001],[-77.407597272,0.407193401],[-77.404241872,0.403401269],[-77.399099821,0.401055415],[-77.396088378,0.396893739],[-77.393135568,0.396104909],[-77.392148735,0.394167067],[-77.393306138,0.391569039],[-77.3893469,0.388088094],[-77.384043572,0.386775309],[-77.382089158,0.385280053],[-77.379010995,0.387055667],[-77.378975081,0.389881678],[-77.381902018,0.392127956],[-77.383756936,0.395953252],[-77.382400397,0.396747583],[-77.376845275,0.396863233],[-77.373758827,0.400530473],[-77.370202351,0.400471733],[-77.369180275,0.398408414],[-77.361963404,0.395474496],[-77.360379302,0.393107311],[-77.357543228,0.396178332],[-77.350267438,0.391172045],[-77.341159947,0.391187549],[-77.339363458,0.389340114],[-77.335050331,0.388112942],[-77.330063668,0.38799637],[-77.327441297,0.389480428],[-77.326117535,0.386644778],[-77.318918154,0.382603449],[-77.317696091,0.379971201],[-77.313772607,0.380945852],[-77.311040879,0.377585192],[-77.310775111,0.37490923],[-77.308751942,0.37220752],[-77.304395721,0.369913377],[-77.302947855,0.368090486],[-77.298936697,0.368315871],[-77.297047357,0.365143981],[-77.291891912,0.365803428],[-77.287831181,0.363263096],[-77.283578587,0.364370172],[-77.280086749,0.363087358],[-77.277388374,0.365144102],[-77.272308493,0.363770079],[-77.269644632,0.36438459],[-77.26864854,0.367740785],[-77.265088529,0.370102355],[-77.259552346,0.369409729],[-77.256359367,0.365222237],[-77.253254478,0.364222183],[-77.250777271,0.365310621],[-77.248299391,0.364579501],[-77.246653564,0.362230685],[-77.243558052,0.362277691],[-77.241607746,0.365017331],[-77.237898399,0.366211574],[-77.235776916,0.365280647],[-77.232608901,0.362073688],[-77.227291285,0.362669987],[-77.224742,0.364964801],[-77.222406477,0.365165758],[-77.220049035,0.363322969],[-77.215573507,0.3650746],[-77.208630363,0.366402529],[-77.201420493,0.368661331],[-77.200510271,0.372597471],[-77.194648544,0.375681962],[-77.193770688,0.37812678],[-77.188805967,0.380138274],[-77.187139073,0.382448573],[-77.186564322,0.387225391],[-77.179802792,0.390521446],[-77.175114792,0.389646925],[-77.170438457,0.387415572],[-77.166906968,0.389669252],[-77.163251204,0.38698144],[-77.16067555,0.382733664],[-77.157528505,0.381789029],[-77.151985928,0.378903468],[-77.1503893,0.376361178],[-77.147177388,0.375790794],[-77.143000333,0.376252455],[-77.137895806,0.37449116],[-77.134127603,0.375499199],[-77.132022155,0.37888277],[-77.126797938,0.379280292],[-77.124164309,0.376379256],[-77.118783994,0.375060791],[-77.114087955,0.372639081],[-77.112787166,0.370962579],[-77.111780942,0.365490452],[-77.10704997,0.357122815],[-77.107516195,0.349400653],[-77.106594018,0.345732706],[-77.099151864,0.336451133],[-77.097340611,0.329735639],[-77.095939507,0.326740019],[-77.091931062,0.323897473],[-77.086201753,0.321001756],[-77.082290076,0.317697893],[-77.080189677,0.311934798],[-77.084347411,0.307649707],[-77.085107751,0.305063661],[-77.085037467,0.299794674],[-77.082558195,0.295919898],[-77.080913864,0.29056454],[-77.07737042,0.287245442],[-77.071271959,0.28970307],[-77.068118952,0.289416028],[-77.063953558,0.285498354],[-77.057447648,0.283702689],[-77.052542677,0.285777997],[-77.050944274,0.29061458],[-77.048501749,0.292922121],[-77.044717576,0.290084294],[-77.042796726,0.287072046],[-77.035846265,0.283847327],[-77.033962955,0.280116076],[-77.031739701,0.278184768],[-77.026562532,0.277332817],[-77.02351134,0.281630394],[-77.016985284,0.289048489],[-77.01153644,0.293179404],[-77.003656547,0.296710194],[-76.997794214,0.29509103],[-76.996353237,0.292255818],[-76.997973692,0.288497084],[-76.997207725,0.281804525],[-76.988120391,0.270196856],[-76.985458865,0.268331095],[-76.981952222,0.268151467],[-76.976795236,0.269037716],[-76.967221104,0.273510268],[-76.962902007,0.272816067],[-76.96037837,0.269797359],[-76.957793004,0.268850619],[-76.949022432,0.268575598],[-76.944317484,0.269625379],[-76.9420562,0.271452798],[-76.939971786,0.274856839],[-76.936580973,0.276829045],[-76.932842943,0.276581658],[-76.929985303,0.274706224],[-76.928748785,0.271574538],[-76.929480215,0.269259864],[-76.934706807,0.26514361],[-76.935230123,0.261572467],[-76.924698215,0.257054445],[-76.912877666,0.248302084],[-76.908000112,0.246239099],[-76.904112669,0.245801492],[-76.895965898,0.247405866],[-76.889846185,0.246426261],[-76.884512677,0.247191401],[-76.882667766,0.248208349],[-76.880818548,0.252110284],[-76.874207888,0.251109971],[-76.858291698,0.245854557],[-76.85289505,0.241798715],[-76.8474892,0.239201377],[-76.842818575,0.239732419],[-76.838948618,0.241804969],[-76.832327631,0.247229399],[-76.830596795,0.252094435],[-76.831841986,0.254688382],[-76.83639794,0.256894343],[-76.838071161,0.261510939],[-76.833721549,0.260900685],[-76.828844523,0.263187697],[-76.825812991,0.262450295],[-76.823703382,0.260096894],[-76.822807627,0.256016612],[-76.813676603,0.257248679],[-76.807909548,0.260599335],[-76.798284318,0.264228241],[-76.790915611,0.264024338],[-76.785500359,0.262381533],[-76.778686994,0.256494674],[-76.772133692,0.248214234],[-76.769492578,0.246092915],[-76.767226583,0.245810058],[-76.758234666,0.247421371],[-76.753800455,0.249603972],[-76.751802555,0.254858713],[-76.753187935,0.256925011],[-76.757522813,0.258705401],[-76.761337146,0.257935272],[-76.764566346,0.258562784],[-76.766633271,0.261557132],[-76.763909523,0.265978008],[-76.75280717,0.274647386],[-76.742596762,0.27784001],[-76.73949109,0.280396568],[-76.736087724,0.286323922],[-76.73374169,0.288530293],[-76.731601588,0.288126648],[-76.723503562,0.281185072],[-76.718859526,0.274292429],[-76.715630976,0.271141101],[-76.711337256,0.268777568],[-76.708506733,0.273699658],[-76.706546112,0.275788298],[-76.701007596,0.27825669],[-76.690744996,0.276238218],[-76.684365298,0.273537826],[-76.678687107,0.269618214],[-76.664771133,0.27216245],[-76.656218616,0.270780103],[-76.654724982,0.269377769],[-76.65375378,0.264358971],[-76.656411711,0.253686894],[-76.653273511,0.25134422],[-76.650269826,0.251427378],[-76.646673554,0.254538517],[-76.641276843,0.258091481],[-76.636802533,0.26197425],[-76.629704129,0.263299801],[-76.623000005,0.259599553],[-76.619211369,0.255633812],[-76.617234758,0.252294579],[-76.615308572,0.246547045],[-76.611721389,0.241315793],[-76.608068351,0.233731555],[-76.603093608,0.229460669],[-76.595857539,0.228101753],[-76.593165096,0.225822553],[-76.589609478,0.219637731],[-76.584706385,0.218921523],[-76.580907471,0.221917728],[-76.579586228,0.227029719],[-76.5728395,0.238904541],[-76.568232219,0.243787957],[-76.556448421,0.249163077],[-76.551260982,0.250775327],[-76.540967541,0.255852796],[-76.538206523,0.258138595],[-76.53514943,0.259322877],[-76.531501777,0.258124765],[-76.524389058,0.252769056],[-76.519186911,0.246100231],[-76.512974344,0.240509526],[-76.503839084,0.236358525],[-76.491666957,0.241088777],[-76.48639469,0.241668925],[-76.480987728,0.239788274],[-76.474179267,0.239155673],[-76.461146763,0.239114355],[-76.451555131,0.238482373],[-76.445006539,0.240623717],[-76.443461243,0.245686827],[-76.445760435,0.254088672],[-76.444193383,0.255822018],[-76.435508307,0.257376837],[-76.428063764,0.255883688],[-76.425900181,0.254725771],[-76.42435414,0.251859478],[-76.424210045,0.248652345],[-76.429193571,0.241807359],[-76.429518774,0.239313085],[-76.428176106,0.236707237],[-76.422917021,0.23430248],[-76.412058519,0.241614518],[-76.412091695,0.253233279],[-76.411698276,0.333334087],[-76.412035265,0.379928651],[-76.407501779,0.379700499],[-76.397100019,0.382087557],[-76.386259102,0.386989897],[-76.374822185,0.394004486],[-76.368482932,0.394111939],[-76.363848171,0.391733134],[-76.358685122,0.383282167],[-76.355107999,0.379525186],[-76.348555715,0.379210085],[-76.341778828,0.381603007],[-76.334952978,0.387320018],[-76.333841269,0.389708758],[-76.333764611,0.399784808],[-76.331185213,0.415107511],[-76.329536929,0.417732029],[-76.321780083,0.426695829],[-76.316542862,0.430648238],[-76.314054011,0.434487339],[-76.310864482,0.434104201],[-76.309114234,0.431658651],[-76.305391794,0.424237618],[-76.301453707,0.421632174],[-76.297921868,0.421031678],[-76.293721363,0.422054939],[-76.289233775,0.42641314],[-76.286540913,0.43171129],[-76.282580446,0.435681373],[-76.279106822,0.436825704],[-76.273133142,0.435141632],[-76.263268825,0.42892097],[-76.260090827,0.425895686],[-76.259108039,0.423470182],[-76.259651215,0.417856067],[-76.261888091,0.409244988],[-76.261954037,0.406290873],[-76.258524539,0.402687616],[-76.252090155,0.401398328],[-76.247301329,0.402362757],[-76.24105041,0.404864963],[-76.237261093,0.403563802],[-76.232096075,0.400635214],[-76.23058197,0.397954026],[-76.229442132,0.392884431],[-76.229006216,0.386933513],[-76.229420019,0.383624784],[-76.228344903,0.376288429],[-76.224631756,0.374298869],[-76.219545266,0.381714401],[-76.214096716,0.384880672],[-76.207999843,0.386105576],[-76.204786683,0.384021363],[-76.200720215,0.377188559],[-76.198003763,0.374042046],[-76.186639561,0.371887444],[-76.175108214,0.371985034],[-76.167768138,0.375061476],[-76.163376824,0.386902416],[-76.161060134,0.389128111],[-76.158819063,0.389093729],[-76.157147589,0.386729262],[-76.15022109,0.380736624],[-76.146401552,0.378303024],[-76.141488482,0.376248079],[-76.137543741,0.375380736],[-76.132371474,0.372077367],[-76.127623989,0.364210291],[-76.126002499,0.357609261],[-76.120260725,0.34957309],[-76.118211974,0.343917273],[-76.118170871,0.341276251],[-76.120980263,0.330384979],[-76.121132109,0.324690984],[-76.118602349,0.32029403],[-76.115253102,0.317035668],[-76.109245145,0.313423541],[-76.105424128,0.313472579],[-76.101267962,0.315117213],[-76.095662378,0.319227443],[-76.093261161,0.324648618],[-76.088001529,0.333334051],[-76.083910886,0.336365768],[-76.080073309,0.337032186],[-76.062775757,0.33654176],[-76.057151543,0.334985239],[-76.053676726,0.333333839],[-76.050032194,0.327298189],[-76.048474983,0.317104428],[-76.046441665,0.311942345],[-76.043789398,0.310431724],[-76.037535577,0.305333709],[-76.033777108,0.30422127],[-76.015251274,0.302701733],[-76.01031505,0.300778634],[-76.004842827,0.295978727],[-75.99935139,0.28746568],[-75.997685475,0.28240616],[-75.997238478,0.276930171],[-75.99785149,0.271616644],[-75.997382614,0.268048389],[-75.995909987,0.265300292],[-75.992642456,0.264454752],[-75.986619795,0.264056831],[-75.984882496,0.263020053],[-75.983977481,0.258146575],[-75.984881914,0.255416345],[-75.989262515,0.253549597],[-75.997721859,0.254862343],[-76.003020236,0.255146786],[-76.0052961,0.252434217],[-76.004220236,0.249021046],[-76.002283811,0.247381979],[-75.996041726,0.246507096],[-75.990144472,0.242923554],[-75.976645147,0.242889747],[-75.971776551,0.241992912],[-75.963842174,0.238307396],[-75.959874621,0.23457979],[-75.95842058,0.2251438],[-75.953088166,0.221007142],[-75.951089537,0.22146841],[-75.948509872,0.227357454],[-75.945955386,0.229769668],[-75.943297498,0.227648047],[-75.944802995,0.223987502],[-75.949599589,0.220226862],[-75.952492085,0.216689202],[-75.957401355,0.214683596],[-75.959211177,0.21100168],[-75.957668272,0.206142051],[-75.953663973,0.201538157],[-75.93807457,0.200270813],[-75.931709169,0.194697164],[-75.92715355,0.188888952],[-75.924843798,0.184977506],[-75.922625672,0.179525224],[-75.914527977,0.171108593],[-75.91037418,0.168791732],[-75.900156462,0.163979632],[-75.896399626,0.159114328],[-75.896527788,0.154004286],[-75.89979821,0.149350225],[-75.90545176,0.144572479],[-75.906199541,0.142506708],[-75.90591193,0.138027739],[-75.901692482,0.136070478],[-75.897661386,0.137081307],[-75.890312756,0.141483368],[-75.886628657,0.141261147],[-75.884184372,0.139684034],[-75.881349056,0.134630769],[-75.881214683,0.124980332],[-75.878844633,0.119329727],[-75.876098145,0.11828809],[-75.87275488,0.118998154],[-75.870616654,0.120592491],[-75.869117341,0.128497575],[-75.864698542,0.133914935],[-75.859350678,0.135141147],[-75.856678452,0.13431331],[-75.851953492,0.131301963],[-75.849805901,0.128542129],[-75.846835147,0.118316139],[-75.841965096,0.1082103],[-75.839011131,0.103793442],[-75.833645997,0.098330958],[-75.824458998,0.09030866],[-75.814119045,0.077272092],[-75.814477194,0.070509564],[-75.813638117,0.065021194],[-75.813484376,0.059381175],[-75.81152147,0.054019953],[-75.806439141,0.05083604],[-75.80193343,0.050297425],[-75.798898505,0.050968232],[-75.793390426,0.05365989],[-75.791520906,0.055602672],[-75.787555941,0.056036044],[-75.780327817,0.050299829],[-75.775811583,0.04461151],[-75.77153821,0.041729002],[-75.766457205,0.040221037],[-75.761733937,0.040012527],[-75.748001686,0.036225127],[-75.732830459,0.0367963],[-75.72290109,0.037674777],[-75.715437196,0.038923633],[-75.711634541,0.038922041],[-75.704498628,0.037518795],[-75.69824623,0.037689031],[-75.690810934,0.037088535],[-75.68679676,0.037991632],[-75.681453412,0.040310525],[-75.673142169,0.041039983],[-75.664694205,0.040802508],[-75.660585206,0.038451109],[-75.652657782,0.030405584],[-75.649500992,0.029364082],[-75.647088887,0.030095715],[-75.644310097,0.034208515],[-75.642670549,0.039614199],[-75.642074628,0.045307451],[-75.640728289,0.047194962],[-75.63775095,0.047015752],[-75.634342681,0.045143569],[-75.632510421,0.042423296],[-75.632750195,0.033916654],[-75.629260598,0.028142041],[-75.613504364,0.021674126],[-75.607370887,0.017036921],[-75.602411269,0.014861338],[-75.600070838,0.014746172],[-75.586741741,0.017360398],[-75.582087366,0.015121758],[-75.580189572,0.011653991],[-75.578947394,0.002974061],[-75.579321714,0.000006575],[-75.582891689,-0.007869907],[-75.583298637,-0.014029283],[-75.579417342,-0.021091523],[-75.573407353,-0.025530791],[-75.57003818,-0.02655441],[-75.563881937,-0.026145698],[-75.556468665,-0.023680637],[-75.551121877,-0.023666736],[-75.546359105,-0.026138987],[-75.540718311,-0.027270704],[-75.537029061,-0.026398669],[-75.527809953,-0.025629435],[-75.523241459,-0.026468572],[-75.512734156,-0.034921275],[-75.506803163,-0.04594742],[-75.502555906,-0.049347446],[-75.497157247,-0.050718238],[-75.491479972,-0.049226391],[-75.473538834,-0.049696302],[-75.467992888,-0.05066476],[-75.465353003,-0.052471895],[-75.460475415,-0.057766628],[-75.45292572,-0.064342437],[-75.445866206,-0.072290159],[-75.441216298,-0.074261296],[-75.431911069,-0.081845816],[-75.429806358,-0.083109635],[-75.423565872,-0.08309497],[-75.420903095,-0.083675359],[-75.415186422,-0.086364415],[-75.411126659,-0.091128377],[-75.402571813,-0.095291692],[-75.395934931,-0.097706496],[-75.388536184,-0.099307181],[-75.377447256,-0.095098216],[-75.367989024,-0.09025547],[-75.364678747,-0.089699719],[-75.352461836,-0.091764029],[-75.347504178,-0.094225205],[-75.342656553,-0.098250079],[-75.337927503,-0.101346439],[-75.333592432,-0.102219755],[-75.326814089,-0.105316196],[-75.318553775,-0.106110143],[-75.311017659,-0.104781333],[-75.307523509,-0.104757736],[-75.298408991,-0.106446325],[-75.295731694,-0.107775271],[-75.289333319,-0.115126442],[-75.286950713,-0.117157998],[-75.276094111,-0.12350588],[-75.274273991,-0.123840637],[-75.267975712,-0.121680894],[-75.264822874,-0.119855838],[-75.258601225,-0.113507839],[-75.257245746,-0.119434776],[-75.259073591,-0.125743373],[-75.261277131,-0.127765894],[-75.268481761,-0.12899299],[-75.277521293,-0.133795458],[-75.280866845,-0.138387182],[-75.284712803,-0.14091382],[-75.285835778,-0.143198279],[-75.286860059,-0.150246528],[-75.28882094,-0.153556938],[-75.290793552,-0.151408391],[-75.297463799,-0.148663762],[-75.29784335,-0.152240272],[-75.300946552,-0.150350079],[-75.306560614,-0.15530989],[-75.313158928,-0.156481557],[-75.315824084,-0.160078436],[-75.318840848,-0.157199267],[-75.32290967,-0.159340132],[-75.326077062,-0.157435955],[-75.330597729,-0.156418279],[-75.332769208,-0.157010894],[-75.338575313,-0.155254026],[-75.341233474,-0.155683964],[-75.344510715,-0.15906317],[-75.349589218,-0.16299756],[-75.352724704,-0.163833036],[-75.356661621,-0.161612576],[-75.359520367,-0.158896348],[-75.356598113,-0.15742967],[-75.355036208,-0.155199411],[-75.357308967,-0.153831],[-75.353595592,-0.14728726],[-75.364895283,-0.145921651],[-75.365573191,-0.149021478],[-75.368226431,-0.152129039],[-75.367303766,-0.156547486],[-75.368167974,-0.160129359],[-75.370096075,-0.160020502],[-75.372878484,-0.162095251],[-75.374969119,-0.161835188],[-75.377658539,-0.165957741],[-75.38224145,-0.166243209],[-75.383954247,-0.168861225],[-75.386363392,-0.16643581],[-75.391452823,-0.16456288],[-75.397756678,-0.164834423],[-75.401825968,-0.166596646],[-75.404083852,-0.170140511],[-75.406989539,-0.168375237],[-75.413779185,-0.166219921],[-75.415864841,-0.164222103],[-75.419851194,-0.163548075],[-75.419059016,-0.160445824],[-75.423917948,-0.160290123],[-75.422825727,-0.157650892],[-75.427820437,-0.15737957],[-75.43253899,-0.152828817],[-75.441541047,-0.154854718],[-75.445777623,-0.154731126],[-75.450508456,-0.153031943],[-75.45007275,-0.149978004],[-75.454729989,-0.149355982],[-75.46032183,-0.152098819],[-75.462489767,-0.147642812],[-75.465419123,-0.145802687],[-75.466608302,-0.140622751],[-75.469049513,-0.138921227],[-75.475046077,-0.137597738],[-75.477675001,-0.135782847],[-75.478614667,-0.132528457],[-75.481496353,-0.132418433],[-75.485008064,-0.129762523],[-75.486490225,-0.131117646],[-75.494364402,-0.130598741],[-75.495897793,-0.131680529],[-75.503930076,-0.126202959],[-75.505810441,-0.122995981],[-75.504662836,-0.121584039],[-75.506303506,-0.117387284],[-75.514147185,-0.117752662],[-75.516363707,-0.114267026],[-75.520395722,-0.116754274],[-75.522856684,-0.11538271],[-75.524671227,-0.118483146],[-75.529889078,-0.117535132],[-75.534955342,-0.117406462],[-75.536504816,-0.121145715],[-75.54188514,-0.115931923],[-75.54177901,-0.119318704],[-75.54315867,-0.121775917],[-75.546010074,-0.123548735],[-75.549309642,-0.123488968],[-75.549898755,-0.127237175],[-75.551402809,-0.129005404],[-75.556219783,-0.129661829],[-75.558375892,-0.130731161],[-75.56453906,-0.131281626],[-75.564549528,-0.128772187],[-75.56916448,-0.129174417],[-75.57319488,-0.127226102],[-75.572290289,-0.125701384],[-75.574488384,-0.123477868],[-75.57969057,-0.120260833],[-75.585728366,-0.121228603],[-75.589795341,-0.122932057],[-75.594073599,-0.120018512],[-75.59449816,-0.11654431],[-75.598167786,-0.115516978],[-75.60070812,-0.111482824],[-75.600799307,-0.109803891],[-75.606225254,-0.109525857],[-75.608527131,-0.113105264],[-75.610200972,-0.113088643],[-75.610200981,-0.192917551],[-75.607087825,-0.193549454],[-75.604330327,-0.190957833],[-75.600585418,-0.190402131],[-75.593836702,-0.190906569],[-75.587910488,-0.189362256],[-75.584653905,-0.186334375],[-75.583270982,-0.182274014],[-75.580078918,-0.179247537],[-75.57421372,-0.181281224],[-75.573305585,-0.183247445],[-75.569585851,-0.185741996],[-75.566179525,-0.184370761],[-75.563255555,-0.185125199],[-75.560290705,-0.184394338],[-75.55628442,-0.180514566],[-75.552835506,-0.180542828],[-75.54783919,-0.178717669],[-75.546013855,-0.180724751],[-75.542493526,-0.181379908],[-75.539847864,-0.178593101],[-75.533883359,-0.178028423],[-75.533367709,-0.181277958],[-75.530511117,-0.188434593],[-75.529110788,-0.189656553],[-75.525964278,-0.189176237],[-75.524625181,-0.191620653],[-75.522576034,-0.192023701],[-75.522195592,-0.194844517],[-75.5174623,-0.194051695],[-75.513165074,-0.200777314],[-75.512132961,-0.205255578],[-75.50886108,-0.211183813],[-75.503944775,-0.217231607],[-75.502058313,-0.218652671],[-75.501435033,-0.221391736],[-75.49860809,-0.221287495],[-75.496633566,-0.223256175],[-75.492300583,-0.229558834],[-75.488156931,-0.231595395],[-75.486296714,-0.235420074],[-75.4846672,-0.241485416],[-75.478549247,-0.244542215],[-75.47659986,-0.249443275],[-75.477543866,-0.252460311],[-75.480410346,-0.254551797],[-75.481234507,-0.260882687],[-75.478482852,-0.270111271],[-75.476293073,-0.269407959],[-75.472431708,-0.274761232],[-75.471562127,-0.278390806],[-75.473255855,-0.281366661],[-75.472412245,-0.286087046],[-75.473928946,-0.295313017],[-75.464904158,-0.299762064],[-75.46635147,-0.304928174],[-75.465517073,-0.312581416],[-75.463372612,-0.313185414],[-75.463340903,-0.316505459],[-75.458238903,-0.323280395],[-75.454639294,-0.327185746],[-75.455829368,-0.329221992],[-75.453897738,-0.332209379],[-75.451293804,-0.332694963],[-75.449608107,-0.337792055],[-75.444711587,-0.339742858],[-75.443309758,-0.342062501],[-75.44189017,-0.353837023],[-75.433012876,-0.362508602],[-75.433534115,-0.366483091],[-75.431312469,-0.369904871],[-75.426098908,-0.370897043],[-75.424899383,-0.373150551],[-75.425574127,-0.378405196],[-75.423147407,-0.382151259],[-75.419965508,-0.383235334],[-75.417611084,-0.387027461],[-75.417340504,-0.391249345],[-75.408553585,-0.400214579],[-75.402542746,-0.400642436],[-75.399506916,-0.403935891],[-75.399962019,-0.405902374],[-75.397845517,-0.410230186],[-75.395534301,-0.409163067],[-75.392047442,-0.41461524],[-75.388444381,-0.417168441],[-75.388677678,-0.419238833],[-75.391699172,-0.424414591],[-75.388420266,-0.429891139],[-75.38819638,-0.43369556],[-75.383826536,-0.43598253],[-75.381840248,-0.435931382],[-75.380628235,-0.438495079],[-75.378071442,-0.437326196],[-75.375575116,-0.438195212],[-75.375478338,-0.441406522],[-75.372350119,-0.442222823],[-75.367476515,-0.445884853],[-75.362192911,-0.44470548],[-75.360258536,-0.446283063],[-75.356451933,-0.446660228],[-75.354503662,-0.449578073],[-75.35423127,-0.458406329],[-75.351318679,-0.459308009],[-75.35013868,-0.461970624],[-75.342964429,-0.462158242],[-75.339593785,-0.460296971],[-75.336748487,-0.460214294],[-75.333078731,-0.457000052],[-75.331532409,-0.451718811],[-75.324733931,-0.453069496],[-75.325224383,-0.456675905],[-75.327209242,-0.460269477],[-75.318664091,-0.464626694],[-75.316210696,-0.463752698],[-75.313951626,-0.46640788],[-75.313500579,-0.469228083],[-75.311062721,-0.474054509],[-75.314130578,-0.476285029],[-75.31187732,-0.479761974],[-75.313021419,-0.482270465],[-75.310509421,-0.484871512],[-75.313624085,-0.486279715],[-75.314727136,-0.489692694],[-75.312633981,-0.494709602],[-75.310144978,-0.49317046],[-75.30697652,-0.493023891],[-75.304828397,-0.495178974],[-75.300636844,-0.49243927],[-75.298932506,-0.4959088],[-75.297227951,-0.497138141],[-75.297576941,-0.499745906],[-75.296148074,-0.503102734],[-75.293864101,-0.504270926],[-75.291079307,-0.503963647],[-75.287769223,-0.501959643],[-75.285368762,-0.498904121],[-75.277904374,-0.49797154],[-75.275667975,-0.502402741],[-75.273065266,-0.503700934],[-75.270106639,-0.502184744],[-75.268218384,-0.506767406],[-75.26657778,-0.508736782],[-75.270712278,-0.513015813],[-75.272555263,-0.518043749],[-75.269517934,-0.520142133],[-75.268057177,-0.524976856],[-75.265235992,-0.523240781],[-75.265069166,-0.527023781],[-75.268982403,-0.529452051],[-75.262139089,-0.533433851],[-75.263075286,-0.528903821],[-75.261163606,-0.528528647],[-75.257330098,-0.523554383],[-75.253475435,-0.519711929],[-75.247076178,-0.518255463],[-75.247063838,-0.521897164],[-75.241461561,-0.524546885],[-75.243583664,-0.526859764],[-75.242976186,-0.530779361],[-75.243966519,-0.53217284],[-75.2402663,-0.535369443],[-75.238072188,-0.539146582],[-75.241261317,-0.539892506],[-75.239763311,-0.543086547],[-75.242518929,-0.546623495],[-75.240637209,-0.548937086],[-75.236174086,-0.547906238],[-75.235005987,-0.550039208],[-75.228151694,-0.550255052],[-75.230079595,-0.553520281],[-75.22744546,-0.559478933],[-75.230039976,-0.560354477],[-75.229508882,-0.56509512],[-75.225715949,-0.571851677],[-75.228198267,-0.575467885],[-75.235830766,-0.580561752],[-75.237087356,-0.578225504],[-75.239555904,-0.57833533],[-75.240387066,-0.580935137],[-75.239377537,-0.583248155],[-75.237151362,-0.583955964],[-75.237610732,-0.589919253],[-75.239639741,-0.590354698],[-75.240329696,-0.593181298],[-75.239496134,-0.59767541],[-75.239498277,-0.602278776],[-75.23454624,-0.602914375],[-75.230916831,-0.602386106],[-75.22899899,-0.604418021],[-75.23363832,-0.608481471],[-75.229837255,-0.617937408],[-75.226789533,-0.622103544],[-75.223400144,-0.6242859],[-75.226765573,-0.627394298],[-75.225543785,-0.629092794],[-75.231981817,-0.630330269],[-75.234417935,-0.634767633],[-75.235444391,-0.638568488],[-75.234890467,-0.64167599],[-75.231967132,-0.64594994],[-75.232644284,-0.647204135],[-75.236345786,-0.647076696],[-75.237582426,-0.643577605],[-75.24001097,-0.642623265],[-75.241636096,-0.644913439],[-75.244041149,-0.639702081],[-75.245762164,-0.638795478],[-75.250545232,-0.642310643],[-75.247859098,-0.646041767],[-75.249737656,-0.647326986],[-75.253832108,-0.646071007],[-75.257676983,-0.643729219],[-75.258445041,-0.655750243],[-75.262611667,-0.654867506],[-75.260545378,-0.652864541],[-75.260492601,-0.649334813],[-75.263918405,-0.645165991],[-75.270330714,-0.644590954],[-75.275504723,-0.645936569],[-75.279137807,-0.650019482],[-75.281617425,-0.654141608],[-75.283916018,-0.655158895],[-75.286968831,-0.654576489],[-75.28843391,-0.652034402],[-75.286628713,-0.645663397],[-75.285165278,-0.642541583],[-75.284719816,-0.638873118],[-75.285434562,-0.634396143],[-75.284661657,-0.627202266],[-75.284620762,-0.621271556],[-75.285805397,-0.6197485],[-75.291031774,-0.622064557],[-75.296206949,-0.628000994],[-75.303537848,-0.631558059],[-75.307655681,-0.630776591],[-75.311731332,-0.625278889],[-75.314968464,-0.618392728],[-75.318226213,-0.614317189],[-75.322426255,-0.614172826],[-75.325647731,-0.616439148],[-75.333008347,-0.620288031],[-75.339246304,-0.623004322],[-75.342469833,-0.623424675],[-75.346968543,-0.620749745],[-75.349577949,-0.614588972],[-75.352154665,-0.611346149],[-75.357215868,-0.608195247],[-75.364791263,-0.605076698],[-75.36766328,-0.602310475],[-75.369881005,-0.602997657],[-75.372509213,-0.607198955],[-75.374725623,-0.609166573],[-75.378007925,-0.610152681],[-75.382740835,-0.610008788],[-75.386529474,-0.607690119],[-75.388485263,-0.604297502],[-75.391154909,-0.597034469],[-75.394679093,-0.592958496],[-75.395687493,-0.59030927],[-75.394954912,-0.58337022],[-75.396559884,-0.575629497],[-75.399109166,-0.570123033],[-75.401834111,-0.566462955],[-75.405801007,-0.563250726],[-75.410534431,-0.56274907],[-75.415825606,-0.566774381],[-75.424824884,-0.566177857],[-75.430981725,-0.562193315],[-75.435304916,-0.557760228],[-75.439715704,-0.554548152],[-75.446166989,-0.552112247],[-75.450725238,-0.549436256],[-75.457825635,-0.548966411],[-75.464543746,-0.546083871],[-75.469897017,-0.547607727],[-75.474892023,-0.552705136],[-75.482165768,-0.557030438],[-75.484414035,-0.557211259],[-75.485608611,-0.555130624],[-75.487640041,-0.549458853],[-75.49234846,-0.544638377],[-75.496046574,-0.544671572],[-75.498115399,-0.547026367],[-75.499413744,-0.5507505],[-75.501814251,-0.553639991],[-75.508031066,-0.557123252],[-75.512803356,-0.556552955],[-75.523028941,-0.550886665],[-75.528547787,-0.547218134],[-75.534379697,-0.542053227],[-75.538856861,-0.542388736],[-75.542791451,-0.546172858],[-75.549180009,-0.549158441],[-75.554554915,-0.549330097],[-75.558704406,-0.54810758],[-75.561208415,-0.546121219],[-75.563154987,-0.541888876],[-75.562828657,-0.538333773],[-75.560763358,-0.533084374],[-75.559377713,-0.527364139],[-75.559588088,-0.52361123],[-75.562924043,-0.520588181],[-75.571670164,-0.52086839],[-75.574461215,-0.518058136],[-75.57390276,-0.515903855],[-75.571111109,-0.511970107],[-75.568877402,-0.504383305],[-75.569714404,-0.49988723],[-75.573665424,-0.494094982],[-75.575543406,-0.492505567],[-75.578967983,-0.491978056],[-75.581238924,-0.493040571],[-75.584561526,-0.496490441],[-75.584880432,-0.499885888],[-75.583857457,-0.505505967],[-75.585811531,-0.507379118],[-75.591308997,-0.505810028],[-75.593046065,-0.498839184],[-75.593822187,-0.492553708],[-75.597686428,-0.484940289],[-75.602184998,-0.484242067],[-75.607860644,-0.48489722],[-75.615480433,-0.481067283],[-75.617224734,-0.477208944],[-75.622266719,-0.476252877],[-75.626458144,-0.474503122],[-75.636621652,-0.472996628],[-75.637150488,-0.469816015],[-75.639615961,-0.469156191],[-75.641582068,-0.466692583],[-75.643619692,-0.468011048],[-75.647147176,-0.468282123],[-75.647153811,-0.461203782],[-75.648274035,-0.455893704],[-75.652810702,-0.452331961],[-75.656174057,-0.452334731],[-75.658103503,-0.455968256],[-75.664435323,-0.456759799],[-75.665236888,-0.458468826],[-75.671012009,-0.460384642],[-75.67365631,-0.45994228],[-75.675860652,-0.463500037],[-75.683642995,-0.467524415],[-75.693124318,-0.46712986],[-75.696502922,-0.470719138],[-75.702173499,-0.47245615],[-75.705951775,-0.471140658],[-75.713505673,-0.467269295],[-75.715850288,-0.465387725],[-75.717577935,-0.462057407],[-75.718905614,-0.456153104],[-75.72122794,-0.44970175],[-75.722618636,-0.448546001],[-75.722417212,-0.44444068],[-75.724616406,-0.44143709],[-75.726177301,-0.441205616],[-75.728474113,-0.437576538],[-75.731391628,-0.436967599],[-75.733631402,-0.432689531],[-75.737473293,-0.428922261],[-75.739983347,-0.424375946],[-75.748102522,-0.419959637],[-75.758341775,-0.422859951],[-75.761721298,-0.422817461],[-75.766870985,-0.424368876],[-75.771015215,-0.424211235],[-75.772718784,-0.422093463],[-75.778231363,-0.419556732],[-75.780463039,-0.423738236],[-75.783731786,-0.42497745],[-75.790300283,-0.424867676],[-75.793650435,-0.426063359],[-75.795045288,-0.42895952],[-75.80130296,-0.429886663],[-75.804477138,-0.429159991],[-75.810756963,-0.429814192],[-75.814564642,-0.433227439],[-75.817939383,-0.432555651],[-75.819529675,-0.435304672],[-75.825586328,-0.436488176],[-75.827618473,-0.437643443],[-75.834185378,-0.435060159],[-75.835703081,-0.432223149],[-75.834416347,-0.429540146],[-75.836065597,-0.425786096],[-75.842335253,-0.425954304],[-75.847332261,-0.424919306],[-75.850022205,-0.422300555],[-75.854276194,-0.424133228],[-75.855908794,-0.423557883],[-75.855791288,-0.418074485],[-75.853954175,-0.412860491],[-75.852228574,-0.410954441],[-75.853063178,-0.408263168],[-75.857181483,-0.406917091],[-75.859518692,-0.404001405],[-75.862969416,-0.40428138],[-75.864235889,-0.408410008],[-75.922375981,-0.4084098],[-75.926145029,-0.407381603],[-75.930293452,-0.408777921],[-75.932199566,-0.408111074],[-75.937481838,-0.409597889],[-75.940451422,-0.414520714],[-75.945267681,-0.416002955],[-75.945871985,-0.418386811],[-75.950809652,-0.417622777],[-75.955083988,-0.41933982],[-75.941062549,-0.532399572],[-75.943579912,-0.538546554],[-75.946530564,-0.539381226],[-75.945550821,-0.544537998],[-75.94676632,-0.5455165],[-75.945884243,-0.549411423],[-75.94320747,-0.554262714],[-75.940504406,-0.554286911],[-75.93437548,-0.557311132],[-75.930005522,-0.568056074],[-75.935259736,-0.566982078],[-75.940541655,-0.56686752],[-75.949638451,-0.565087222],[-75.96537902,-0.563670328],[-75.988514498,-0.557323693],[-75.992176097,-0.555037646],[-76,-0.547138889],[-76.002327915,-0.545524706],[-76.01167064,-0.53359223],[-76.014959232,-0.531240072],[-76.026450618,-0.527587013],[-76.031580919,-0.524537871],[-76.035678243,-0.522822847],[-76.046423921,-0.51634383],[-76.0510087,-0.51310361],[-76.062330569,-0.502948322],[-76.070075297,-0.487815994],[-76.072658677,-0.480176667],[-76.072664626,-0.471814564],[-76.073289946,-0.462549793],[-76.074967535,-0.455236113],[-76.077409282,-0.448916746],[-76.07984371,-0.445002988],[-76.082853044,-0.44226566],[-76.088337396,-0.440418301],[-76.093568605,-0.439849392],[-76.10476835,-0.44168848],[-76.113465587,-0.444899715],[-76.120627,-0.449197568],[-76.124151384,-0.450573731],[-76.129268175,-0.451493052],[-76.139277402,-0.448866655],[-76.150539297,-0.443836772],[-76.154975628,-0.442179633],[-76.173343087,-0.441161289],[-76.184487469,-0.442771474],[-76.194607747,-0.445468721],[-76.203478227,-0.446447768],[-76.210927628,-0.446681662],[-76.218092216,-0.447774105],[-76.227075923,-0.450012762],[-76.233729195,-0.450589657],[-76.247151829,-0.448422942],[-76.25613737,-0.448428823],[-76.262563071,-0.449578081],[-76.268135049,-0.45181461],[-76.270768611,-0.453727095],[-76.274329306,-0.457379465],[-76.279797436,-0.466257525],[-76.285126325,-0.470698377],[-76.294791304,-0.476001108],[-76.299055039,-0.478723701],[-76.303461567,-0.480587578],[-76.315546249,-0.482599958],[-76.328626885,-0.484040495],[-76.337653681,-0.487697034],[-76.346820541,-0.494574622],[-76.350052899,-0.499093277],[-76.356636546,-0.508180388],[-76.362563278,-0.513555559],[-76.369769647,-0.518293394],[-76.381328077,-0.519915807],[-76.387202575,-0.519920139],[-76.39283299,-0.517188054],[-76.398816713,-0.508389239],[-76.403981207,-0.499449811],[-76.413443383,-0.49166719],[-76.420897417,-0.487056428],[-76.430928851,-0.48518805],[-76.439520405,-0.485723627],[-76.443823732,-0.487072103],[-76.460087564,-0.48856296],[-76.466487561,-0.488424144],[-76.468977147,-0.48735203],[-76.476091666,-0.482202523],[-76.480433366,-0.476263597],[-76.483635535,-0.472972636],[-76.492671892,-0.465032119],[-76.494806999,-0.462313081],[-76.501570722,-0.449502714],[-76.506978889,-0.443707201],[-76.516581947,-0.43934597],[-76.520920473,-0.438489486],[-76.529454559,-0.438136666],[-76.535074778,-0.434703545],[-76.539629969,-0.428334375],[-76.543261417,-0.420532698],[-76.547246419,-0.416239294],[-76.553436349,-0.411445915],[-76.560407262,-0.409087153],[-76.564816561,-0.409232807],[-76.571856213,-0.411384651],[-76.578373981,-0.414252217],[-76.582000701,-0.41504184],[-76.586954026,-0.417646053],[-76.593659201,-0.42471433],[-76.598266371,-0.425753932],[-76.607244722,-0.425753889],[-76.609853525,-0.427082284],[-76.617761044,-0.427993631],[-76.623826483,-0.429607237],[-76.627701997,-0.429113837],[-76.630313762,-0.42635529],[-76.632954577,-0.426492772],[-76.634201455,-0.422780875],[-76.640446668,-0.418201558],[-76.639136094,-0.41627529],[-76.63831629,-0.410063085],[-76.633744958,-0.405484446],[-76.633508094,-0.401999817],[-76.636245145,-0.397966314],[-76.644598705,-0.393259547],[-76.645731232,-0.391175382],[-76.651025436,-0.393177316],[-76.654294859,-0.392741868],[-76.659096109,-0.39035928],[-76.659176818,-0.388878414],[-76.664623684,-0.385433179],[-76.665138788,-0.382986887],[-76.668208344,-0.380614707],[-76.667844513,-0.378377972],[-76.672224848,-0.374400046],[-76.676613137,-0.374223353],[-76.680827248,-0.372230011],[-76.684471615,-0.371726906],[-76.687616642,-0.369282185],[-76.689434639,-0.364074146],[-76.692333059,-0.362463252],[-76.694370524,-0.362896451],[-76.69711007,-0.360305623],[-76.699054993,-0.355059722],[-76.701486104,-0.35241848],[-76.707002498,-0.35013044],[-76.713248734,-0.35177891],[-76.71456808,-0.34973485],[-76.717162056,-0.349219768],[-76.721712184,-0.349987286],[-76.724650161,-0.346830309],[-76.727213095,-0.346360904],[-76.728086773,-0.344429757],[-76.724797865,-0.343486248],[-76.723639037,-0.340219245],[-76.719347908,-0.33746993],[-76.724248816,-0.333979516],[-76.722602819,-0.333016888],[-76.726146029,-0.329839667],[-76.72760715,-0.326321618],[-76.731904659,-0.323000591],[-76.73263139,-0.321287378],[-76.736276943,-0.320469211],[-76.741503979,-0.312062616],[-76.74414706,-0.312138317],[-76.744607386,-0.307796246],[-76.746422286,-0.306663663],[-76.753043864,-0.29948054],[-76.751461817,-0.293734232],[-76.752076151,-0.28873479],[-76.755412778,-0.287180768],[-76.761389112,-0.282052095],[-76.763467896,-0.282894179],[-76.764360604,-0.279742604],[-76.761055482,-0.271591147],[-76.761675403,-0.26776704],[-76.763276903,-0.266811686],[-76.763187604,-0.262758868],[-76.762122842,-0.260999999],[-76.765338281,-0.257308563],[-76.768387763,-0.255999484],[-76.772557095,-0.256378935],[-76.774329573,-0.253797696],[-76.776677908,-0.253448585],[-76.776880391,-0.250595738],[-76.78004665,-0.248116867],[-76.78217512,-0.249350936],[-76.78734394,-0.24572512],[-76.787488969,-0.243407682],[-76.789798282,-0.242556077],[-76.793673221,-0.238232717],[-76.801288996,-0.234242074],[-76.802642332,-0.232561338],[-76.803669204,-0.227645631],[-76.806511342,-0.225058493],[-76.807053578,-0.221528078],[-76.814086971,-0.21196636],[-76.817900044,-0.20974669],[-76.819326972,-0.206682171],[-76.823203933,-0.20274444],[-76.825794691,-0.202891135],[-76.827482878,-0.200707271],[-76.827149939,-0.196499206],[-76.830143954,-0.192988513],[-76.831444992,-0.188876448],[-76.832884076,-0.189357637],[-76.841145011,-0.183717687],[-76.8448584,-0.181932122],[-76.847257228,-0.178853866],[-76.84673103,-0.177119127],[-76.850641517,-0.174612092],[-76.852198705,-0.171382598],[-76.853352937,-0.168253817],[-76.85564975,-0.167299078],[-76.856816457,-0.162356041],[-76.859317312,-0.157989407],[-76.86226276,-0.154550646],[-76.863609154,-0.149926966],[-76.867113454,-0.147537607],[-76.868135143,-0.142335666],[-76.870925791,-0.138690547],[-76.874364403,-0.136233881],[-76.875870844,-0.13254825],[-76.875334536,-0.127624792],[-76.879118719,-0.123767692],[-76.88017095,-0.124443901],[-76.886417995,-0.1197701],[-76.893128134,-0.117041606],[-76.892909572,-0.115117512],[-76.892879873,-0.111919344],[-76.896436696,-0.10825061],[-76.900433863,-0.109293738],[-76.902551078,-0.106693363],[-76.902687876,-0.100825108],[-76.90358014,-0.099805777],[-76.90478064,-0.092001965],[-76.904781457,-0.084503606],[-76.908586248,-0.083446591],[-76.909668668,-0.081994111],[-76.919179955,-0.082123013],[-76.924909236,-0.08140988],[-76.928779033,-0.081650489],[-76.933725134,-0.0859383],[-76.933725006,-0.059124999],[-76.939101756,-0.059626792],[-76.946316616,-0.064623248],[-76.948398768,-0.063131193],[-76.951722977,-0.063886741],[-76.957472564,-0.063543766],[-76.965380465,-0.065551633],[-76.97064263,-0.07030704],[-76.979425049,-0.071537036],[-76.983568718,-0.078810603],[-76.98843662,-0.081505914],[-76.990152612,-0.08093146],[-76.995670277,-0.082232133],[-76.998667534,-0.082019427],[-76.999636843,-0.084773989],[-77.006955188,-0.08843785],[-77.012247328,-0.092815054],[-77.01641962,-0.099696975],[-77.01870111,-0.100618284],[-77.02450559,-0.101609277],[-77.029562859,-0.106011447],[-77.038154454,-0.107315258],[-77.042400399,-0.107067959],[-77.049407633,-0.111591079],[-77.054629704,-0.113522827],[-77.061347709,-0.113529307],[-77.065944656,-0.112669502],[-77.068280031,-0.113140436],[-77.076291734,-0.110258568],[-77.08244405,-0.108521663],[-77.087041298,-0.110306905],[-77.093867295,-0.111653791],[-77.099420365,-0.108848994],[-77.103883072,-0.104651134],[-77.10510007,-0.104398849],[-77.108215728,-0.100311723],[-77.113789914,-0.096829582],[-77.115691362,-0.096672445],[-77.116965553,-0.096988009],[-77.120133528,-0.093096981],[-77.123257521,-0.091864134],[-77.126781408,-0.092099758],[-77.134243351,-0.090523554],[-77.136376612,-0.088858033],[-77.14113595,-0.088264488],[-77.145013573,-0.086977493],[-77.147951393,-0.087814665],[-77.155744587,-0.087710864],[-77.162435337,-0.084251606],[-77.162435279,-0.102183406],[-77.167707678,-0.102151983],[-77.169046013,-0.099587016],[-77.172120814,-0.098168667],[-77.178526425,-0.097510204],[-77.182725585,-0.097954931],[-77.189899949,-0.097310874],[-77.194953613,-0.09453128],[-77.199280597,-0.098329431],[-77.202867707,-0.099189696],[-77.205771999,-0.096065886],[-77.208562212,-0.094762077],[-77.209501942,-0.09277017],[-77.208790494,-0.089846571],[-77.209331936,-0.084773452],[-77.214798429,-0.08266732],[-77.222001546,-0.081722151],[-77.226400453,-0.079658862],[-77.227795664,-0.078053884],[-77.230443399,-0.078627377],[-77.233703438,-0.077280521],[-77.239768213,-0.072136051],[-77.24469451,-0.07259404],[-77.246450461,-0.069918951],[-77.250840107,-0.066073633],[-77.252880619,-0.065404975],[-77.258147857,-0.065692007],[-77.261612139,-0.062802007],[-77.26403229,-0.062252793],[-77.266191576,-0.059935948],[-77.271055663,-0.058407533],[-77.274994696,-0.052459978],[-77.276299893,-0.048685934],[-77.278649038,-0.045413556],[-77.281282759,-0.045055388],[-77.286146774,-0.046058898],[-77.288063239,-0.045531892],[-77.291248147,-0.045963616],[-77.293173488,-0.048530409],[-77.296020706,-0.049904091],[-77.302011833,-0.051397403],[-77.305673985,-0.055069149],[-77.304974656,-0.059376166],[-77.304476695,-0.066384909],[-77.305449922,-0.071031293],[-77.308103873,-0.073575551],[-77.311936191,-0.073196367],[-77.314014688,-0.074083257],[-77.31944762,-0.079300375],[-77.321280023,-0.080318596],[-77.325033883,-0.088820796],[-77.3296746,-0.094210461],[-77.335517622,-0.095350562],[-77.338898268,-0.10159348],[-77.336999244,-0.107892182],[-77.336732779,-0.113629315],[-77.339489548,-0.117525549],[-77.340929794,-0.122643992],[-77.34542844,-0.125081261],[-77.346724108,-0.129624322],[-77.351896928,-0.135137483],[-77.35722195,-0.139630922],[-77.361201179,-0.142202923],[-77.365774908,-0.14364422],[-77.370900085,-0.146101828],[-77.379385253,-0.152565276],[-77.384096927,-0.151767278],[-77.385610414,-0.149845943],[-77.387974281,-0.144088595],[-77.393356926,-0.139815375],[-77.398264589,-0.138124713],[-77.401919058,-0.138125271],[-77.410936929,-0.136205852],[-77.414752876,-0.135814619],[-77.418625983,-0.134114182],[-77.422546392,-0.133617833],[-77.428308649,-0.130990676],[-77.435532378,-0.131211511],[-77.438313943,-0.129367511],[-77.444554668,-0.133807405],[-77.447477983,-0.136607907],[-77.45148356,-0.138758741],[-77.45313551,-0.137239486],[-77.454902497,-0.127778671],[-77.452586779,-0.124108606],[-77.452503497,-0.119759615],[-77.455078612,-0.117991971],[-77.454295892,-0.114575371],[-77.451104176,-0.112998133],[-77.448672806,-0.103381523],[-77.444965181,-0.099517872],[-77.444704413,-0.096889796],[-77.446520098,-0.09468959],[-77.450246025,-0.093949339],[-77.450234615,-0.089314388],[-77.451136575,-0.087646847],[-77.454376003,-0.087025974],[-77.457485075,-0.084684884],[-77.456322451,-0.082092532],[-77.449061012,-0.076912214],[-77.44990396,-0.070903576],[-77.448705594,-0.069876151],[-77.44336608,-0.069010878],[-77.43929041,-0.06642793],[-77.438258421,-0.063221437],[-77.440833411,-0.059564086],[-77.4439852,-0.059855342],[-77.446706783,-0.061858043],[-77.450456419,-0.061022094],[-77.451263532,-0.057283124],[-77.451026467,-0.053047143],[-77.456223869,-0.04996542],[-77.456271547,-0.045803498],[-77.453746785,-0.042885853],[-77.453286664,-0.037680313],[-77.455950724,-0.032928374],[-77.456662824,-0.028435573],[-77.456298652,-0.024552929],[-77.460097005,-0.021119069],[-77.460374711,-0.019119335],[-77.46377431,-0.018624844],[-77.466689759,-0.019610446],[-77.470764334,-0.018566212],[-77.471889169,-0.021662644],[-77.475463168,-0.024286086],[-77.479635292,-0.024587239],[-77.485487648,-0.026479673],[-77.486968476,-0.029160447],[-77.486199433,-0.032517788],[-77.487687357,-0.035402855],[-77.486676179,-0.039736427],[-77.490157703,-0.040661216],[-77.499857332,-0.039529775],[-77.503388731,-0.040301013],[-77.506255717,-0.039268962],[-77.508211257,-0.040712181],[-77.504926286,-0.047623778],[-77.505875389,-0.0517315],[-77.504280418,-0.0537862],[-77.504688468,-0.056477519],[-77.509168986,-0.060921892],[-77.50929225,-0.063190782],[-77.51266229,-0.064127619],[-77.515643312,-0.062187697],[-77.522184317,-0.060639844],[-77.525620924,-0.060601837],[-77.526598901,-0.058097865],[-77.529921758,-0.055460223],[-77.534991296,-0.054992207],[-77.537193661,-0.057181001],[-77.538987458,-0.064672287],[-77.54462657,-0.065628431],[-77.54582248,-0.069636963],[-77.548575643,-0.069455573],[-77.551442493,-0.07258113],[-77.552230202,-0.075999005],[-77.55881866,-0.07815002],[-77.559606408,-0.080950497],[-77.558960564,-0.084073902],[-77.562245282,-0.085460067],[-77.563972858,-0.08869457],[-77.567533187,-0.087041404],[-77.571249505,-0.092648372],[-77.571885228,-0.096366435],[-77.575170074,-0.096768199],[-77.577324926,-0.099406398],[-77.580633356,-0.101424423],[-77.581193204,-0.104195328],[-77.583973449,-0.10910747],[-77.59118415,-0.109268391],[-77.589613463,-0.104000977],[-77.591874576,-0.101546145],[-77.594449625,-0.101406393],[-77.596115401,-0.096406161],[-77.599689132,-0.094995742],[-77.6022148,-0.09270586],[-77.603439943,-0.08848089],[-77.607300442,-0.086739742],[-77.611951137,-0.08198343],[-77.613927194,-0.081248807],[-77.619416068,-0.081571863],[-77.622622947,-0.079623427],[-77.628955817,-0.08078872],[-77.630617535,-0.078437486],[-77.633823942,-0.076855821],[-77.639619997,-0.07618368],[-77.645615596,-0.078977167],[-77.649466602,-0.079119426],[-77.65882122,-0.080852622],[-77.715716596,-0.081889989],[-77.7823054,-0.083113373],[-77.780096844,-0.080062912],[-77.780061946,-0.070377562],[-77.781168275,-0.065003071],[-77.782820692,-0.062915295],[-77.782314962,-0.057666245],[-77.785350743,-0.052689321],[-77.782877767,-0.050335066],[-77.782593034,-0.047316514],[-77.784284623,-0.044411335],[-77.785723481,-0.038866163],[-77.785816754,-0.032758327],[-77.785142588,-0.031320493],[-77.786823508,-0.026320697],[-77.790769139,-0.023899258],[-77.794467972,-0.016646166],[-77.794111914,-0.013781025],[-77.791353344,-0.01241869],[-77.78655794,-0.006192246],[-77.786662414,-0.000847286],[-77.788020331,0.002654523],[-77.785010113,0.004418321],[-77.781983041,0.008589543],[-77.779469212,0.010505543],[-77.780880153,0.01481676],[-77.784446238,0.019356364],[-77.790084403,0.021978293],[-77.793163197,0.021150822],[-77.79622557,0.025230627],[-77.798700905,0.026624915],[-77.800644228,0.023983775],[-77.802762488,0.023254578],[-77.808841818,0.023009329],[-77.812444866,0.024409956],[-77.813810207,0.029155123],[-77.820076152,0.033709135],[-77.82553429,0.03371155],[-77.831812605,0.029540913],[-77.833898017,0.030446011],[-77.839827602,0.027272783],[-77.846732694,0.026723356],[-77.848141792,0.024488623],[-77.852283495,0.023181794],[-77.854470056,0.024302874],[-77.857806087,0.032927994],[-77.857431965,0.038590484],[-77.858866804,0.046836563],[-77.858601891,0.051017405],[-77.857138712,0.053227624],[-77.858309453,0.059004321],[-77.861442201,0.063258841],[-77.863657611,0.062909415],[-77.868522867,0.067895016],[-77.874196177,0.070420799],[-77.875414169,0.069930414],[-77.879158487,0.075495048],[-77.883776888,0.075806886],[-77.888180865,0.081608109],[-77.890068257,0.083110273],[-77.894682462,0.084529004],[-77.902441515,0.084270525],[-77.911226842,0.08260629],[-77.913569513,0.080525731],[-77.918244385,0.081763301],[-77.924396865,0.088165483],[-77.925320222,0.091141488],[-77.929129738,0.093691772],[-77.929871662,0.096931956],[-77.934303977,0.100711763],[-77.936726789,0.103847126],[-77.940804122,0.101308147],[-77.945913616,0.099286586],[-77.948846599,0.101833943],[-77.953573075,0.10840088],[-77.957026686,0.109529599],[-77.957701847,0.1110161],[-77.962256796,0.112845839],[-77.96519829,0.110748578],[-77.968309164,0.111791211],[-77.972157123,0.110665003],[-77.975832384,0.107489789],[-77.97725223,0.110964454],[-77.97480659,0.116794619],[-77.974829987,0.121952014],[-77.972736615,0.123468241],[-77.97528964,0.127690272],[-77.974810032,0.130255356],[-77.971030467,0.13586566],[-77.970552951,0.137926607],[-77.972304371,0.140301703],[-77.970624711,0.146805687],[-77.967816774,0.14862527],[-77.965012156,0.151852739],[-77.965199204,0.157903426],[-77.962949191,0.159044714],[-77.959113429,0.15926487],[-77.956905662,0.157808426],[-77.951280909,0.162527358],[-77.948483004,0.165758004],[-77.948933609,0.167749948],[-77.946718707,0.169614173],[-77.942515608,0.175924633],[-77.941358253,0.179782878],[-77.938762093,0.180397947],[-77.935061778,0.177215874],[-77.92816622,0.178374885],[-77.927273418,0.180982776],[-77.923953424,0.181765025],[-77.923759846,0.184406902],[-77.925343766,0.186366961],[-77.923613179,0.189738546],[-77.92367463,0.192071258],[-77.92576055,0.195662175],[-77.924400859,0.198161577],[-77.920966562,0.198532599],[-77.914089421,0.202407966],[-77.911772987,0.205141889],[-77.904739855,0.205837582],[-77.900813402,0.202329891],[-77.899388808,0.203529949],[-77.894368044,0.204422697],[-77.889172165,0.202213367],[-77.886055524,0.199736582],[-77.884110541,0.20158291],[-77.874504983,0.205205961],[-77.873721879,0.206894043],[-77.870465493,0.207784455],[-77.870855832,0.211033698],[-77.872753504,0.214188759],[-77.872324795,0.218033167],[-77.86849498,0.22088498],[-77.867423543,0.226869275],[-77.864559908,0.232628961],[-77.862019901,0.232805854],[-77.859718343,0.237512288],[-77.856162891,0.237903014],[-77.854941823,0.239247166],[-77.850211186,0.239639608],[-77.849869079,0.243743431],[-77.852060207,0.247611133],[-77.849570485,0.248861955],[-77.847546317,0.252829569],[-77.848583629,0.255551391],[-77.847641507,0.259012182],[-77.844510763,0.261171322],[-77.840051831,0.262195378],[-77.833952448,0.266700978],[-77.831290751,0.267211472],[-77.831454988,0.270144549],[-77.829184275,0.274064847],[-77.833775032,0.275948894],[-77.837459514,0.276005293],[-77.8410162,0.279255592],[-77.845316355,0.27911707],[-77.849336619,0.28839941],[-77.849245689,0.291080969],[-77.846801265,0.295522593],[-77.849743509,0.297528004],[-77.852460373,0.300645927],[-77.85079427,0.302974613],[-77.850456573,0.306490915],[-77.848775634,0.307846357],[-77.844438469,0.308432078],[-77.836217701,0.312578831],[-77.83464788,0.316747081],[-77.830962776,0.320931036],[-77.827935363,0.322090696],[-77.823954462,0.32561631],[-77.823358213,0.329963977],[-77.825305138,0.332807017],[-77.822239107,0.336182987],[-77.820665629,0.339527997],[-77.818883666,0.340554199],[-77.820449459,0.344196059],[-77.816890011,0.348414879],[-77.813476536,0.349285879],[-77.811616244,0.351324238],[-77.811039877,0.354151437],[-77.812837337,0.355768117],[-77.809425727,0.36140293],[-77.806389253,0.364560087],[-77.8022611,0.367146199],[-77.797960969,0.368327169],[-77.79708546,0.370240677],[-77.798715466,0.374211859],[-77.798935449,0.377741443],[-77.795521926,0.380657766],[-77.797682908,0.382594485],[-77.796296677,0.385188315],[-77.800778013,0.389649455],[-77.802813328,0.398673408],[-77.810414832,0.401979697],[-77.813399398,0.404442104],[-77.812363831,0.409375851],[-77.807161279,0.415589067],[-77.804774716,0.419221923],[-77.803941407,0.422455676],[-77.807287791,0.425132033],[-77.807413943,0.426535803],[-77.804371229,0.429259688],[-77.797446227,0.431654324],[-77.794307882,0.434595149],[-77.793907898,0.438660558],[-77.795002736,0.440616027],[-77.792324503,0.445630523],[-77.78700713,0.446872014],[-77.784743728,0.449385515],[-77.782368218,0.453954703],[-77.784749774,0.460170049],[-77.783005622,0.461676078],[-77.779292925,0.460976514],[-77.774307417,0.463771447],[-77.773987778,0.470151557],[-77.770176511,0.474221108],[-77.768138478,0.474077849],[-77.762012637,0.47929797],[-77.758451012,0.484477992],[-77.757022946,0.485047091],[-77.754038504,0.491452692],[-77.755985079,0.495093479],[-77.751696825,0.505074661],[-77.744850039,0.508834554],[-77.740883832,0.513066533],[-77.740638247,0.514777692],[-77.737359248,0.518078786],[-77.735601915,0.522040139],[-77.733122701,0.522415838],[-77.729321051,0.52654456],[-77.729280309,0.528957495],[-77.727635768,0.534010941],[-77.724343518,0.532049931],[-77.720251743,0.531909347],[-77.717497633,0.53750848],[-77.71031787,0.546564378],[-77.709746847,0.548915625],[-77.700992211,0.551272024],[-77.698702193,0.551193593],[-77.693299292,0.554588543],[-77.689197267,0.555323722],[-77.683972744,0.559753263],[-77.679010404,0.560922753],[-77.674504791,0.569133459],[-77.674375333,0.572186244],[-77.672365503,0.575101152],[-77.672413485,0.578111575],[-77.669016013,0.583056246],[-77.668757027,0.585109328],[-77.665955984,0.58926399],[-77.663520811,0.594450021],[-77.661697729,0.598752133],[-77.657211001,0.601333639],[-77.655812936,0.604059778],[-77.672566555,0.613457628],[-77.677233797,0.615318451],[-77.685517531,0.61587554],[-77.687952775,0.617948353],[-77.689748186,0.621052735],[-77.689822372,0.624928362],[-77.68759716,0.628170248],[-77.686342777,0.640736354],[-77.67802813,0.644570459],[-77.673522465,0.647969546],[-77.671728378,0.649271047],[-77.668384026,0.645000229],[-77.66371479,0.647539176],[-77.656355847,0.64762689],[-77.652120999,0.643932051],[-77.644171232,0.640142193],[-77.639523837,0.636665205],[-77.636651691,0.636478122],[-77.625100067,0.640422353],[-77.623365341,0.639767626],[-77.616905994,0.642132223],[-77.604649172,0.636261651],[-77.601639164,0.636307971],[-77.598469717,0.640090349],[-77.594482829,0.640750863],[-77.592521622,0.638521686],[-77.586973387,0.638433891],[-77.581865203,0.63679248],[-77.579336529,0.63829401],[-77.573084869,0.637594482],[-77.569511825,0.635154842],[-77.562825156,0.636043781],[-77.556869487,0.640140026],[-77.556363169,0.641257933],[-77.549442322,0.641676669],[-77.541861636,0.643451091],[-77.539461041,0.644856794],[-77.538782198,0.647343483],[-77.531611704,0.648485622],[-77.531909332,0.652654096],[-77.526174907,0.656189318],[-77.522980201,0.655737572],[-77.522408584,0.657624012],[-77.519473062,0.657675669],[-77.506738221,0.655527057],[-77.502464871,0.660864254],[-77.499240202,0.658607585],[-77.495848669,0.660603949],[-77.491239905,0.661768203],[-77.490689985,0.660389446]]]]},"properties":{"codigo":"21","nombre":"SUCUMBÍOS","nivel":"Provincia","codigo_provincia":"21","provincia":"SUCUMBÍOS"},"id":"21"},{"type":"Feature","geometry":{"type":"MultiPolygon","coordinates":[[[[-78.402619117,-0.995902118],[-78.397139239,-0.995933815],[-78.395500402,-0.994542599],[-78.390568442,-0.999760761],[-78.387159002,-0.999258735],[-78.378450482,-1.005140151],[-78.374121122,-1.005774801],[-78.372248267,-1.004775498],[-78.370835432,-1.000549598],[-78.36623774,-1.000313875],[-78.362843531,-0.998817046],[-78.360450332,-0.999325027],[-78.358672647,-1.004776017],[-78.354850737,-1.005979464],[-78.353640456,-1.008813427],[-78.350222279,-1.009991303],[-78.350908654,-1.0160368],[-78.349387747,-1.019615154],[-78.345714377,-1.023428431],[-78.344470538,-1.028032805],[-78.343045175,-1.028067479],[-78.336488305,-1.03326241],[-78.334673637,-1.036880022],[-78.331908745,-1.035038169],[-78.330450362,-1.037152713],[-78.329969297,-1.042390091],[-78.326273963,-1.043977842],[-78.327738499,-1.046313408],[-78.329233956,-1.05324424],[-78.331247746,-1.05403984],[-78.333071237,-1.056973407],[-78.333361006,-1.060756033],[-78.329812674,-1.062646009],[-78.330386973,-1.064708414],[-78.333172029,-1.065045604],[-78.332978796,-1.072817697],[-78.33566858,-1.076243197],[-78.335714902,-1.080341689],[-78.332569784,-1.082890273],[-78.332270869,-1.085137693],[-78.337875318,-1.087342538],[-78.338431977,-1.089172275],[-78.342444631,-1.094273825],[-78.342641528,-1.098493075],[-78.340097976,-1.100607947],[-78.340708727,-1.104083573],[-78.338905421,-1.107171014],[-78.334105539,-1.110059494],[-78.337592738,-1.116095088],[-78.339195691,-1.129870872],[-78.337979288,-1.13516379],[-78.340254948,-1.138871319],[-78.346593796,-1.14154883],[-78.347481193,-1.150111503],[-78.351669348,-1.152839365],[-78.352042771,-1.154928044],[-78.354821353,-1.155963647],[-78.358750536,-1.161304501],[-78.356419368,-1.162606108],[-78.353426122,-1.162478942],[-78.353279509,-1.16557002],[-78.351180788,-1.168457053],[-78.352553869,-1.169870492],[-78.350301648,-1.173824567],[-78.346596344,-1.172117188],[-78.343301195,-1.174004074],[-78.340574375,-1.173351661],[-78.339851327,-1.165238643],[-78.334565598,-1.164205597],[-78.331165251,-1.164901873],[-78.329821654,-1.163583068],[-78.325658124,-1.162873318],[-78.322594366,-1.164477627],[-78.321572448,-1.159861762],[-78.320047135,-1.156836284],[-78.317742755,-1.149763153],[-78.310797124,-1.142889262],[-78.309689664,-1.144166038],[-78.302846899,-1.146517632],[-78.299291485,-1.143695461],[-78.292022633,-1.142086887],[-78.286099233,-1.142907021],[-78.283070114,-1.140966612],[-78.279258962,-1.142012579],[-78.277828862,-1.143604747],[-78.274586345,-1.144322723],[-78.269854565,-1.139225221],[-78.26662296,-1.139172247],[-78.264641262,-1.140779185],[-78.264600204,-1.144002241],[-78.265698325,-1.148331046],[-78.264422174,-1.156872593],[-78.261144613,-1.154806386],[-78.257508161,-1.153886295],[-78.254683674,-1.155263876],[-78.250926533,-1.153965584],[-78.248184542,-1.155085394],[-78.246075999,-1.154179545],[-78.243074507,-1.150586566],[-78.237803272,-1.146326834],[-78.233172645,-1.144283575],[-78.229301596,-1.138959767],[-78.226480721,-1.142105232],[-78.222440258,-1.141051699],[-78.219139115,-1.141629243],[-78.215255603,-1.145054036],[-78.212033719,-1.146829945],[-78.207953423,-1.14597684],[-78.20344959,-1.152821065],[-78.198213217,-1.157236705],[-78.194909512,-1.15653847],[-78.193211127,-1.158300367],[-78.190014326,-1.158719329],[-78.189433159,-1.161822691],[-78.187144243,-1.163334246],[-78.186282185,-1.170305128],[-78.187591655,-1.172037436],[-78.187046304,-1.175804882],[-78.189703626,-1.178887015],[-78.188073178,-1.182753249],[-78.182926146,-1.181806521],[-78.180359179,-1.183372294],[-78.177543014,-1.187070433],[-78.16949474,-1.187664635],[-78.165814488,-1.184426378],[-78.162363738,-1.183258179],[-78.158753136,-1.183378778],[-78.155550774,-1.182041305],[-78.153398222,-1.179672303],[-78.149738861,-1.181055185],[-78.14771155,-1.184543629],[-78.142077119,-1.184795985],[-78.14040341,-1.183086959],[-78.135181961,-1.182235488],[-78.132804229,-1.18464289],[-78.129661942,-1.191371942],[-78.123919799,-1.192379557],[-78.116867843,-1.188606052],[-78.115095978,-1.194478866],[-78.117480704,-1.201299708],[-78.116424648,-1.202232971],[-78.118249589,-1.207056817],[-78.118610575,-1.211597467],[-78.11967327,-1.213410865],[-78.121813514,-1.220588646],[-78.123757076,-1.22306939],[-78.123870483,-1.227373062],[-78.120154577,-1.232712297],[-78.1204737,-1.235682234],[-78.118608016,-1.239557628],[-78.119828741,-1.242851417],[-78.119326571,-1.247189593],[-78.116406193,-1.25161983],[-78.118596044,-1.254920369],[-78.119905564,-1.259665011],[-78.11757253,-1.26979307],[-78.115493654,-1.270233016],[-78.115167806,-1.274894534],[-78.110073734,-1.278710493],[-78.112906766,-1.284227686],[-78.113721353,-1.291387586],[-78.113043947,-1.298071224],[-78.115163417,-1.301652552],[-78.117171213,-1.303175359],[-78.118366299,-1.306887064],[-78.115903952,-1.314620624],[-78.115994036,-1.318387309],[-78.114385978,-1.319069719],[-78.116670642,-1.327298793],[-78.121120499,-1.333945587],[-78.121702368,-1.336935311],[-78.118784441,-1.342729294],[-78.117725033,-1.350122312],[-78.118663906,-1.353957635],[-78.118385096,-1.358679349],[-78.119771071,-1.363140032],[-78.129126332,-1.367455808],[-78.127515594,-1.371614344],[-78.128199385,-1.373828524],[-78.125746718,-1.379202777],[-78.128517424,-1.384335471],[-78.13395105,-1.387458431],[-78.135119945,-1.390271381],[-78.139841582,-1.395835663],[-78.141931734,-1.397035997],[-78.144562884,-1.395798408],[-78.148327348,-1.39734506],[-78.149280182,-1.404981182],[-78.148807631,-1.406795202],[-78.143178868,-1.412662384],[-78.144964255,-1.415411589],[-78.148438609,-1.418177243],[-78.150124247,-1.420911997],[-78.150905371,-1.428981861],[-78.152933331,-1.431509065],[-78.158232271,-1.434155125],[-78.161440056,-1.433513617],[-78.16837372,-1.435017856],[-78.170592032,-1.436651408],[-78.170888638,-1.439119001],[-78.173171396,-1.442831748],[-78.176598451,-1.444501061],[-78.177949337,-1.448684849],[-78.180798664,-1.450238649],[-78.185748528,-1.454252672],[-78.18683668,-1.456018815],[-78.192410419,-1.455405873],[-78.194107906,-1.461996449],[-78.19503358,-1.462790124],[-78.195152399,-1.468085991],[-78.198462736,-1.47002622],[-78.195652632,-1.471459519],[-78.198480086,-1.473698817],[-78.205539468,-1.472712722],[-78.209014996,-1.472969434],[-78.211107081,-1.471962391],[-78.221609227,-1.476083776],[-78.222305679,-1.483563084],[-78.223132657,-1.487209881],[-78.22687207,-1.487831216],[-78.229967418,-1.491172514],[-78.23692485,-1.49311262],[-78.241384139,-1.492018066],[-78.245092709,-1.493010578],[-78.249168379,-1.496644883],[-78.252629657,-1.49664478],[-78.260813655,-1.500920718],[-78.267308464,-1.502503808],[-78.269981935,-1.500645439],[-78.272667807,-1.500773309],[-78.276348012,-1.498313335],[-78.277393369,-1.496440895],[-78.277499633,-1.49201621],[-78.279872389,-1.487140728],[-78.278644454,-1.483074651],[-78.284748638,-1.479163998],[-78.287524059,-1.481294082],[-78.295850792,-1.480625543],[-78.29761226,-1.480038634],[-78.300788254,-1.483305536],[-78.306367755,-1.484866609],[-78.310774802,-1.489607992],[-78.312265709,-1.493986102],[-78.319026768,-1.498420761],[-78.324385367,-1.496515035],[-78.327287623,-1.496607715],[-78.329650532,-1.499168333],[-78.336380159,-1.500724198],[-78.34519164,-1.503554179],[-78.344848676,-1.508856408],[-78.345237739,-1.514184462],[-78.349032065,-1.519250031],[-78.348672629,-1.522887583],[-78.350730338,-1.523134515],[-78.35740911,-1.520868459],[-78.358533207,-1.517242486],[-78.364611932,-1.51288643],[-78.363627551,-1.505900797],[-78.364527509,-1.502408333],[-78.362835044,-1.499053803],[-78.364466666,-1.496963889],[-78.367854254,-1.497315311],[-78.37498666,-1.49308385],[-78.378269523,-1.493739741],[-78.383565091,-1.492171163],[-78.387406311,-1.494070075],[-78.388860685,-1.492302076],[-78.393231784,-1.491162931],[-78.394892288,-1.484802771],[-78.401045545,-1.486128439],[-78.404372864,-1.485444884],[-78.410760634,-1.48760932],[-78.423322428,-1.485347647],[-78.430117559,-1.480055633],[-78.434841297,-1.477661934],[-78.439518638,-1.473629429],[-78.444559913,-1.470273888],[-78.463614146,-1.462204996],[-78.466837722,-1.460613898],[-78.471204614,-1.456822772],[-78.48428915,-1.449811815],[-78.487002557,-1.449368196],[-78.493722738,-1.444584933],[-78.495478704,-1.441669066],[-78.497567027,-1.440799395],[-78.497856475,-1.438174099],[-78.496525,-1.435069445],[-78.501111288,-1.434430902],[-78.504562607,-1.43793217],[-78.505686701,-1.440362722],[-78.504286882,-1.443465023],[-78.507656709,-1.449563099],[-78.507653962,-1.454366721],[-78.509130005,-1.459579153],[-78.51151488,-1.462138633],[-78.5131825,-1.474183333],[-78.516622051,-1.473936443],[-78.519529943,-1.471885747],[-78.528111944,-1.470169445],[-78.53338116,-1.468602706],[-78.537666584,-1.464441693],[-78.538353581,-1.462674759],[-78.542097986,-1.460138611],[-78.542423987,-1.461880941],[-78.539694706,-1.464147317],[-78.540073199,-1.469560904],[-78.537603851,-1.474043289],[-78.539909444,-1.479784859],[-78.545284174,-1.477049413],[-78.546926085,-1.475493447],[-78.551862878,-1.475209921],[-78.554894541,-1.476394893],[-78.558740564,-1.474949335],[-78.563858517,-1.476079603],[-78.567310799,-1.479213274],[-78.570740166,-1.478755555],[-78.581210405,-1.486580625],[-78.583966185,-1.487653588],[-78.587069526,-1.490755218],[-78.591650939,-1.490122665],[-78.599325929,-1.490038908],[-78.601943256,-1.489358429],[-78.607752474,-1.492464003],[-78.608388029,-1.49640654],[-78.613233456,-1.498419813],[-78.615944264,-1.500528733],[-78.620442555,-1.50634065],[-78.627307054,-1.508403762],[-78.635648055,-1.508403889],[-78.636200717,-1.507304902],[-78.632295953,-1.503249536],[-78.633931215,-1.495944938],[-78.636459591,-1.493213524],[-78.640563738,-1.493507341],[-78.644494209,-1.49747576],[-78.664021586,-1.499362341],[-78.666886883,-1.499975268],[-78.672933421,-1.496843292],[-78.679121332,-1.495381798],[-78.68793977,-1.496856846],[-78.689811273,-1.489834103],[-78.692546076,-1.486940622],[-78.696968707,-1.484131718],[-78.699141753,-1.481722166],[-78.716538654,-1.475700089],[-78.721871771,-1.471050608],[-78.725218799,-1.470763993],[-78.728637711,-1.467835071],[-78.732437671,-1.463465632],[-78.736902217,-1.456215488],[-78.742254455,-1.452928485],[-78.746701678,-1.451385658],[-78.747582066,-1.450188827],[-78.753354878,-1.447231595],[-78.755363698,-1.443836765],[-78.758793226,-1.442966034],[-78.760555421,-1.44091108],[-78.765179165,-1.439153432],[-78.766694866,-1.43760282],[-78.771306012,-1.430487033],[-78.777941377,-1.430423422],[-78.781792628,-1.432171388],[-78.785065538,-1.436094895],[-78.791015713,-1.437032986],[-78.791015805,-1.440206186],[-78.793639009,-1.44274293],[-78.797001114,-1.44389717],[-78.800490019,-1.447547829],[-78.813736481,-1.445217769],[-78.825200043,-1.457610949],[-78.832899103,-1.461583554],[-78.843650792,-1.459575839],[-78.8459,-1.466261111],[-78.85256091,-1.470896403],[-78.852560945,-1.47089641],[-78.861202126,-1.470493645],[-78.869028381,-1.468102698],[-78.871513361,-1.468381646],[-78.874828139,-1.463785824],[-78.88094105,-1.461527027],[-78.883189886,-1.459753394],[-78.886597591,-1.458778702],[-78.889892401,-1.452088342],[-78.896230151,-1.443207688],[-78.901580093,-1.439842645],[-78.909852238,-1.430774553],[-78.907793223,-1.425537801],[-78.913100857,-1.420099188],[-78.914923402,-1.414152607],[-78.91691516,-1.409962356],[-78.918918383,-1.410117622],[-78.923168404,-1.408347221],[-78.924806173,-1.405536451],[-78.92699197,-1.404741031],[-78.929672888,-1.402013325],[-78.931736961,-1.401965133],[-78.926432798,-1.396890968],[-78.925508097,-1.392210009],[-78.929504437,-1.387416582],[-78.931477084,-1.383521143],[-78.926213683,-1.376941196],[-78.927238887,-1.373289228],[-78.931360027,-1.368429738],[-78.931860926,-1.366377673],[-78.934707767,-1.365273987],[-78.93793375,-1.362192393],[-78.938889482,-1.359670118],[-78.937845818,-1.355060423],[-78.93539254,-1.353525638],[-78.933389895,-1.350000681],[-78.93337118,-1.344005826],[-78.934232278,-1.338803176],[-78.931520466,-1.3354164],[-78.927137692,-1.3335056],[-78.922924927,-1.330042073],[-78.918888588,-1.328764499],[-78.915332168,-1.325214056],[-78.912694795,-1.317332193],[-78.91585988,-1.312302053],[-78.912193519,-1.306736987],[-78.905535483,-1.305368613],[-78.903728811,-1.300770702],[-78.89938475,-1.29578148],[-78.898090717,-1.295584707],[-78.896722031,-1.291058047],[-78.896954032,-1.288366537],[-78.893257699,-1.285015324],[-78.893931216,-1.280662434],[-78.891748789,-1.277538801],[-78.890832021,-1.274077583],[-78.892639807,-1.273205068],[-78.891520419,-1.269925867],[-78.887034559,-1.267371551],[-78.888548803,-1.263199251],[-78.88517785,-1.258602649],[-78.886786482,-1.25610504],[-78.890320395,-1.255015264],[-78.891536877,-1.250702467],[-78.890387873,-1.24791268],[-78.890711307,-1.244031784],[-78.894306529,-1.240401261],[-78.891785536,-1.232837584],[-78.893616538,-1.224840082],[-78.891484886,-1.219874507],[-78.884796043,-1.213038491],[-78.883091718,-1.2091],[-78.880523969,-1.208919518],[-78.875904121,-1.204733452],[-78.873470421,-1.203853028],[-78.871147871,-1.199096388],[-78.868772324,-1.196487494],[-78.863101836,-1.194000434],[-78.866067941,-1.185980732],[-78.864962175,-1.183895808],[-78.861251895,-1.182410763],[-78.861134956,-1.177576906],[-78.859285582,-1.173583245],[-78.855585708,-1.174257555],[-78.852907414,-1.177009731],[-78.851301946,-1.18003905],[-78.845920052,-1.183051968],[-78.840343351,-1.176841088],[-78.836296693,-1.174800746],[-78.832866151,-1.174923338],[-78.830875213,-1.170614993],[-78.832013277,-1.166110157],[-78.823978205,-1.16253721],[-78.816712137,-1.157756863],[-78.811940666,-1.152971911],[-78.810591191,-1.152492465],[-78.80627833,-1.155015075],[-78.804605722,-1.152268954],[-78.798730971,-1.147672262],[-78.797757181,-1.144999122],[-78.790355139,-1.142830505],[-78.789473055,-1.141867189],[-78.785386265,-1.144900899],[-78.782182142,-1.145984888],[-78.778591416,-1.145562543],[-78.777545973,-1.142488515],[-78.774796732,-1.140681193],[-78.771045738,-1.13958127],[-78.768908961,-1.140721782],[-78.76510657,-1.137912287],[-78.762191269,-1.13817018],[-78.761013412,-1.135510543],[-78.75571193,-1.137068675],[-78.751353562,-1.13649731],[-78.747965322,-1.133009658],[-78.744216478,-1.132415814],[-78.742526761,-1.133660649],[-78.738711624,-1.133695506],[-78.736011758,-1.138495123],[-78.733386041,-1.139048603],[-78.732177933,-1.141737953],[-78.728828313,-1.146084377],[-78.726471325,-1.146709837],[-78.725164433,-1.149821937],[-78.721045136,-1.148388509],[-78.71491081,-1.150076641],[-78.711988346,-1.148144465],[-78.707647356,-1.148207955],[-78.702518955,-1.151154926],[-78.700985926,-1.150381552],[-78.693476019,-1.150028972],[-78.689483929,-1.151057975],[-78.686504177,-1.146416366],[-78.683882728,-1.147796125],[-78.676791637,-1.14584234],[-78.67381345,-1.145053985],[-78.673819316,-1.148006359],[-78.671068284,-1.153565884],[-78.668885288,-1.154811692],[-78.668374243,-1.155164457],[-78.666821835,-1.155072634],[-78.665454711,-1.154631792],[-78.664403329,-1.150971873],[-78.661519601,-1.147750687],[-78.659680083,-1.142357149],[-78.646791678,-1.136181038],[-78.642952929,-1.13204033],[-78.639385164,-1.130344982],[-78.628286793,-1.126156215],[-78.625938319,-1.126424193],[-78.622276712,-1.123418596],[-78.616304824,-1.117082537],[-78.615729611,-1.112858941],[-78.613576621,-1.110186552],[-78.611471442,-1.110439882],[-78.609382353,-1.115048909],[-78.607425927,-1.115370501],[-78.59090239,-1.114324652],[-78.590016116,-1.118946057],[-78.587769397,-1.118404844],[-78.585731524,-1.120956467],[-78.582693315,-1.119370055],[-78.578460559,-1.120370845],[-78.576681305,-1.11837322],[-78.570352279,-1.115345472],[-78.568701956,-1.115969918],[-78.567179565,-1.111549724],[-78.567865484,-1.109669404],[-78.566328787,-1.105167722],[-78.567344291,-1.102593464],[-78.570335686,-1.099459863],[-78.570307402,-1.095993086],[-78.566371241,-1.09212949],[-78.563829298,-1.088307622],[-78.562574473,-1.083741026],[-78.564897377,-1.080913896],[-78.565258151,-1.076456966],[-78.567342392,-1.074351899],[-78.569749621,-1.076185643],[-78.572180528,-1.074476503],[-78.575160454,-1.076235679],[-78.576528823,-1.07398265],[-78.57139555,-1.06684057],[-78.572101353,-1.065604508],[-78.564555643,-1.061228029],[-78.555888058,-1.058845051],[-78.55226833,-1.059078296],[-78.54665529,-1.06064808],[-78.545690795,-1.060093218],[-78.536588426,-1.060724951],[-78.533016291,-1.059655213],[-78.527986702,-1.06061333],[-78.526525142,-1.05826041],[-78.523840391,-1.059077665],[-78.521054093,-1.06692139],[-78.520630444,-1.070874876],[-78.516005046,-1.073357173],[-78.51596337,-1.07897393],[-78.511808277,-1.0784774],[-78.509386843,-1.080680512],[-78.509813164,-1.08468898],[-78.508581352,-1.086402465],[-78.505579635,-1.086782561],[-78.50196463,-1.094214276],[-78.496469158,-1.093671819],[-78.491323397,-1.093886683],[-78.48812754,-1.09252756],[-78.483228446,-1.092580962],[-78.475497826,-1.087778423],[-78.469187374,-1.086597719],[-78.465888955,-1.088054418],[-78.46284916,-1.084409071],[-78.459373837,-1.084110529],[-78.456412991,-1.080732135],[-78.456600786,-1.079139601],[-78.459992547,-1.076253289],[-78.459536141,-1.073027026],[-78.456041002,-1.071997703],[-78.453806869,-1.068211112],[-78.453174558,-1.064879954],[-78.448787369,-1.063794202],[-78.446361535,-1.061291052],[-78.445996192,-1.055879988],[-78.447231982,-1.054620602],[-78.44572044,-1.047451249],[-78.438897247,-1.048513625],[-78.436559955,-1.046420176],[-78.434604058,-1.046430543],[-78.434888545,-1.043062149],[-78.433016822,-1.039815823],[-78.429814996,-1.037746045],[-78.425776936,-1.032112133],[-78.422947859,-1.029549616],[-78.420811586,-1.024102322],[-78.415928935,-1.024022684],[-78.411887013,-1.021608055],[-78.410063971,-1.017486006],[-78.407839813,-1.014698901],[-78.40736757,-1.009732523],[-78.408381706,-1.007785207],[-78.407891322,-1.003670412],[-78.40952828,-0.998235046],[-78.406880184,-0.997159138],[-78.40393439,-0.994269128],[-78.402619117,-0.995902118]]]]},"properties":{"codigo":"18","nombre":"TUNGURAHUA","nivel":"Provincia","codigo_provincia":"18","provincia":"TUNGURAHUA"},"id":"18"},{"type":"Feature","geometry":{"type":"MultiPolygon","coordinates":[[[[-78.942966106,-3.343416429],[-78.942842483,-3.346462525],[-78.940775479,-3.349088796],[-78.935968229,-3.348642012],[-78.93292917,-3.349124484],[-78.93066289,-3.35302994],[-78.932091413,-3.356691595],[-78.93192699,-3.359328357],[-78.927035703,-3.361613331],[-78.92429077,-3.364996628],[-78.921698034,-3.363956062],[-78.916209962,-3.367446681],[-78.914524108,-3.372325345],[-78.914560206,-3.377162259],[-78.911759012,-3.380901731],[-78.906918837,-3.381832145],[-78.905162137,-3.385451416],[-78.906027436,-3.387920479],[-78.901568598,-3.394152375],[-78.897798745,-3.394869056],[-78.893169422,-3.394364821],[-78.889739051,-3.395538776],[-78.881321481,-3.40149518],[-78.882909219,-3.404285875],[-78.883021086,-3.407089818],[-78.88082197,-3.414291786],[-78.877685715,-3.416544124],[-78.876195699,-3.42084171],[-78.87475365,-3.421967148],[-78.874910908,-3.427052182],[-78.877912066,-3.429939683],[-78.876319213,-3.435246446],[-78.878724179,-3.437041064],[-78.880675087,-3.443956049],[-78.880582404,-3.447113347],[-78.878410212,-3.44792019],[-78.878216201,-3.453823325],[-78.873147998,-3.455552157],[-78.871665078,-3.459173792],[-78.868870878,-3.459657353],[-78.868719917,-3.462724253],[-78.867054816,-3.464849395],[-78.867797416,-3.473384639],[-78.866938201,-3.48036506],[-78.86770384,-3.485178673],[-78.864999883,-3.489077698],[-78.870773844,-3.494486011],[-78.869656145,-3.496618353],[-78.870521794,-3.502267314],[-78.868085902,-3.505694312],[-78.863218388,-3.509606614],[-78.862904487,-3.511806016],[-78.85961607,-3.513245626],[-78.855228851,-3.516327188],[-78.850546575,-3.51570641],[-78.847771436,-3.5132159],[-78.842447363,-3.518635661],[-78.844427055,-3.521099225],[-78.841067207,-3.525125536],[-78.840043853,-3.532253175],[-78.836426323,-3.539448579],[-78.834856194,-3.545354736],[-78.831952504,-3.549317756],[-78.829237602,-3.549320194],[-78.820680296,-3.544940777],[-78.81863763,-3.550635927],[-78.786327778,-3.550636111],[-78.781829161,-3.553831819],[-78.781337927,-3.555970359],[-78.777294848,-3.556974044],[-78.775313097,-3.559229663],[-78.775385005,-3.561391213],[-78.771917952,-3.5630137],[-78.768237547,-3.561184879],[-78.767104783,-3.562184858],[-78.762221902,-3.562948377],[-78.757263767,-3.565701779],[-78.754369101,-3.568703435],[-78.750207851,-3.567727607],[-78.748682384,-3.566252823],[-78.745805348,-3.566462313],[-78.743449741,-3.563931798],[-78.738972584,-3.562134712],[-78.727360125,-3.562914337],[-78.725422978,-3.563914294],[-78.722931803,-3.561951114],[-78.717478505,-3.564570498],[-78.714606234,-3.568769183],[-78.714911774,-3.571131398],[-78.712615052,-3.572442431],[-78.706131271,-3.577914197],[-78.702534945,-3.577947444],[-78.697462684,-3.580925631],[-78.69490206,-3.581117197],[-78.690861999,-3.583965366],[-78.688878542,-3.58630128],[-78.683623901,-3.587459426],[-78.680485056,-3.584120638],[-78.681525331,-3.581222347],[-78.680216571,-3.576120648],[-78.677727293,-3.573098399],[-78.677441616,-3.569733697],[-78.67566596,-3.56590245],[-78.671282044,-3.563613631],[-78.671436064,-3.56068975],[-78.669790161,-3.557581452],[-78.669922951,-3.555379437],[-78.66818577,-3.550740632],[-78.6632303,-3.547762362],[-78.658066367,-3.546954076],[-78.657129983,-3.545432976],[-78.652225325,-3.545278125],[-78.650902668,-3.542882311],[-78.647000963,-3.540433638],[-78.645842015,-3.537512853],[-78.638281069,-3.538964416],[-78.633768292,-3.535331197],[-78.628029392,-3.53382602],[-78.62358671,-3.537575442],[-78.615761641,-3.537484245],[-78.61347006,-3.538898343],[-78.612980621,-3.54180587],[-78.609658922,-3.541982079],[-78.606880361,-3.544488263],[-78.602670726,-3.545198567],[-78.602242985,-3.547090217],[-78.59742511,-3.547691104],[-78.59325261,-3.550001229],[-78.590087207,-3.549135748],[-78.587258382,-3.55127339],[-78.579728679,-3.548538011],[-78.577148792,-3.550741012],[-78.569655272,-3.547764841],[-78.567771828,-3.545795691],[-78.5643369,-3.546402434],[-78.564315446,-3.543908701],[-78.559719326,-3.543509453],[-78.558735482,-3.541385621],[-78.552830714,-3.544726017],[-78.550634318,-3.540430582],[-78.546359976,-3.537908483],[-78.541475516,-3.537215116],[-78.540473521,-3.53811284],[-78.534627449,-3.537354624],[-78.532699624,-3.531947157],[-78.53507914,-3.531243234],[-78.53480874,-3.528186217],[-78.530059293,-3.529728504],[-78.365199564,-3.529729177],[-78.366314726,-3.531371102],[-78.371514914,-3.535059493],[-78.369062791,-3.539105832],[-78.370040782,-3.54169531],[-78.374535368,-3.54257195],[-78.376339724,-3.547288272],[-78.380042141,-3.55140673],[-78.382148605,-3.551227789],[-78.384461745,-3.553775007],[-78.38800614,-3.555227793],[-78.392070461,-3.56045814],[-78.387619862,-3.562760591],[-78.384234397,-3.567766263],[-78.387667052,-3.569072827],[-78.388221353,-3.575389105],[-78.390483232,-3.578109295],[-78.38994848,-3.580374623],[-78.393458446,-3.581396038],[-78.393243611,-3.584941679],[-78.391067083,-3.587073185],[-78.394405323,-3.590936951],[-78.393963865,-3.594475087],[-78.396457579,-3.595641836],[-78.393289738,-3.598396065],[-78.392299843,-3.603830439],[-78.395775537,-3.609968707],[-78.396553314,-3.612857526],[-78.395652149,-3.618431094],[-78.397286422,-3.621171487],[-78.397672923,-3.624835901],[-78.394540665,-3.628386907],[-78.394710409,-3.631366692],[-78.392239643,-3.633190398],[-78.388067937,-3.638951249],[-78.38730314,-3.641450573],[-78.389887125,-3.6434705],[-78.394166805,-3.644287282],[-78.396078784,-3.647223566],[-78.400253,-3.650693387],[-78.400167652,-3.654858059],[-78.395418654,-3.657566624],[-78.394575824,-3.659983448],[-78.396296725,-3.6624275],[-78.395850168,-3.66453055],[-78.398609802,-3.671208799],[-78.395227559,-3.671636498],[-78.39356056,-3.67399532],[-78.393466081,-3.677022305],[-78.39655345,-3.682613565],[-78.396280755,-3.686856478],[-78.398502294,-3.687486076],[-78.399984716,-3.689889044],[-78.406812584,-3.688637041],[-78.408299034,-3.689528866],[-78.412072059,-3.689043853],[-78.415744571,-3.685832767],[-78.418624945,-3.686576648],[-78.422426617,-3.689888315],[-78.423374315,-3.695769128],[-78.421235867,-3.699250876],[-78.423301988,-3.701028782],[-78.418326901,-3.705096153],[-78.417852296,-3.707851648],[-78.418559466,-3.713343636],[-78.41715105,-3.717031654],[-78.417304469,-3.720179351],[-78.420840379,-3.72234204],[-78.421778152,-3.724138755],[-78.417505696,-3.725565494],[-78.416416634,-3.728426702],[-78.414042566,-3.7295388],[-78.413284773,-3.731658814],[-78.408445812,-3.734922156],[-78.409209451,-3.738702836],[-78.406214967,-3.744479938],[-78.408773563,-3.750995902],[-78.408999597,-3.753982552],[-78.410900936,-3.755221697],[-78.415230016,-3.762892924],[-78.416715635,-3.76659267],[-78.413250734,-3.768116664],[-78.408591275,-3.772063568],[-78.408377805,-3.774970767],[-78.410014316,-3.778229076],[-78.408861306,-3.781726378],[-78.411338512,-3.784341585],[-78.411904044,-3.788772891],[-78.414100307,-3.791233743],[-78.415819207,-3.795036523],[-78.419279927,-3.798029979],[-78.421285481,-3.801396623],[-78.425010259,-3.80344811],[-78.428418882,-3.806845227],[-78.431457262,-3.811804246],[-78.432557415,-3.817852331],[-78.434962497,-3.819891266],[-78.440767039,-3.81929887],[-78.446013717,-3.823494861],[-78.449202661,-3.823916542],[-78.450983937,-3.826023157],[-78.456687072,-3.827560496],[-78.462432957,-3.826722691],[-78.464128838,-3.829149872],[-78.45932866,-3.833941223],[-78.461411008,-3.836219181],[-78.461638253,-3.83867196],[-78.464280045,-3.844190844],[-78.468976109,-3.846176722],[-78.468831981,-3.848646311],[-78.471627212,-3.8513987],[-78.474728117,-3.857469994],[-78.474722253,-3.859454793],[-78.477106061,-3.864483732],[-78.4767892,-3.866969789],[-78.478266538,-3.869074454],[-78.47927318,-3.876363261],[-78.478261365,-3.880359771],[-78.48122646,-3.884069265],[-78.482501806,-3.891069568],[-78.485619459,-3.892015752],[-78.485339713,-3.896020448],[-78.483321629,-3.897737565],[-78.479621432,-3.897384295],[-78.478858938,-3.899582047],[-78.47974012,-3.903494558],[-78.4768834,-3.905351207],[-78.47754416,-3.911307655],[-78.480925062,-3.915311414],[-78.482127129,-3.921389085],[-78.486185871,-3.925657961],[-78.487008965,-3.929086075],[-78.490192672,-3.936134866],[-78.493601518,-3.935150374],[-78.495282645,-3.93321224],[-78.502556276,-3.935380402],[-78.506233747,-3.934235035],[-78.513117171,-3.93511316],[-78.519484057,-3.937983967],[-78.524163985,-3.937633244],[-78.525820455,-3.939108914],[-78.528228671,-3.94353448],[-78.529139128,-3.949707176],[-78.530981712,-3.951147268],[-78.532985483,-3.95597201],[-78.534299522,-3.95650205],[-78.537548347,-3.960826325],[-78.540461667,-3.96272914],[-78.542690823,-3.965109815],[-78.543068799,-3.968425706],[-78.541331407,-3.972139244],[-78.543993153,-3.975925706],[-78.548757484,-3.975318139],[-78.553848653,-3.98096524],[-78.559152104,-3.98328881],[-78.566274539,-3.992430471],[-78.566297497,-3.998968401],[-78.563064818,-4.000973609],[-78.562284193,-4.003231245],[-78.5640512,-4.007648834],[-78.563754609,-4.015318681],[-78.565362765,-4.016430417],[-78.564750363,-4.024177046],[-78.566006211,-4.028962956],[-78.56939436,-4.034796432],[-78.56976349,-4.038134991],[-78.56838778,-4.039941828],[-78.568024976,-4.047136336],[-78.562834015,-4.050530706],[-78.558082857,-4.050546242],[-78.552825979,-4.052431548],[-78.551608903,-4.05558247],[-78.548087648,-4.058072987],[-78.546522284,-4.063825675],[-78.543061791,-4.067821122],[-78.539723976,-4.067445905],[-78.540305857,-4.070948617],[-78.540144393,-4.074944608],[-78.545787572,-4.078369515],[-78.547716537,-4.082327316],[-78.551548851,-4.08692469],[-78.556616843,-4.088518561],[-78.558625641,-4.09157562],[-78.558786741,-4.097475323],[-78.561084571,-4.101553861],[-78.566415062,-4.101391644],[-78.571259694,-4.112688465],[-78.573470969,-4.122098406],[-78.575906678,-4.122934437],[-78.578518086,-4.127790191],[-78.580582989,-4.133599956],[-78.582649028,-4.135981312],[-78.581794168,-4.140467735],[-78.580038252,-4.143269357],[-78.580906306,-4.150643707],[-78.577712147,-4.158509167],[-78.575781252,-4.162634245],[-78.578743902,-4.178688314],[-78.577740468,-4.182913008],[-78.577739126,-4.196597533],[-78.57992554,-4.199895439],[-78.581915809,-4.200209212],[-78.590145417,-4.203802542],[-78.591629013,-4.20655459],[-78.594077209,-4.208569343],[-78.597701468,-4.208651781],[-78.603874984,-4.214927418],[-78.60662453,-4.219811158],[-78.608682105,-4.227221967],[-78.608675652,-4.23422435],[-78.608024394,-4.238749682],[-78.60631328,-4.241153167],[-78.60121661,-4.252726224],[-78.60251055,-4.254400743],[-78.602143179,-4.258742169],[-78.604514167,-4.260640875],[-78.60515431,-4.263641271],[-78.609197875,-4.26515399],[-78.610900132,-4.264800719],[-78.610470843,-4.272044213],[-78.613874272,-4.279207477],[-78.613117559,-4.283804607],[-78.61560086,-4.285895224],[-78.613900675,-4.289972374],[-78.619515758,-4.294370329],[-78.625457323,-4.296643037],[-78.637132178,-4.302939239],[-78.639502386,-4.305016932],[-78.640112732,-4.30839604],[-78.64499529,-4.315008365],[-78.646479968,-4.322336357],[-78.645699213,-4.325007181],[-78.642271198,-4.330399579],[-78.641703063,-4.33334349],[-78.647332225,-4.336540051],[-78.649189225,-4.340752059],[-78.647575181,-4.344533004],[-78.644996658,-4.349655226],[-78.646533214,-4.352570476],[-78.651292984,-4.352720655],[-78.649912481,-4.357718669],[-78.651208063,-4.361944493],[-78.649790295,-4.363927414],[-78.646857668,-4.3642053],[-78.643670804,-4.367160592],[-78.641864595,-4.370315994],[-78.638849728,-4.381586437],[-78.638703598,-4.384761787],[-78.636702921,-4.389645801],[-78.640124077,-4.395772076],[-78.641743435,-4.397406516],[-78.640846778,-4.401489821],[-78.635327426,-4.408086385],[-78.633175077,-4.415112757],[-78.629088167,-4.415384876],[-78.623173616,-4.416829982],[-78.621466889,-4.414650709],[-78.616212386,-4.413868407],[-78.611326115,-4.414335177],[-78.608663386,-4.413710497],[-78.604765998,-4.410198229],[-78.602216279,-4.410147238],[-78.600277469,-4.41399985],[-78.600737296,-4.416434787],[-78.598928806,-4.423655236],[-78.601018688,-4.428503244],[-78.603652067,-4.431929128],[-78.610605021,-4.436884216],[-78.614948711,-4.43842288],[-78.620180149,-4.437232717],[-78.624110844,-4.444211866],[-78.623547662,-4.449982643],[-78.625278013,-4.451969952],[-78.62852085,-4.459520896],[-78.632060944,-4.461169396],[-78.635416575,-4.465192047],[-78.634219323,-4.469897098],[-78.634100853,-4.475631568],[-78.637302016,-4.478013692],[-78.637435224,-4.481435065],[-78.638857278,-4.486224975],[-78.637434794,-4.489048797],[-78.63888138,-4.492089543],[-78.638873754,-4.496221028],[-78.634627813,-4.501190673],[-78.640164036,-4.504193473],[-78.643890693,-4.50752176],[-78.647005579,-4.508405588],[-78.650905417,-4.516967126],[-78.654609064,-4.52207923],[-78.660674318,-4.527735196],[-78.66307804,-4.538424763],[-78.660028746,-4.542374607],[-78.659087917,-4.549351288],[-78.660419589,-4.553671137],[-78.658543868,-4.55592321],[-78.656296626,-4.562019704],[-78.657593471,-4.565846808],[-78.661887525,-4.567849824],[-78.6628713,-4.570784012],[-78.659748637,-4.579722025],[-78.654873479,-4.580280847],[-78.653240514,-4.581945116],[-78.654190234,-4.586272949],[-78.660401335,-4.585928334],[-78.661871835,-4.586663072],[-78.662342681,-4.590067801],[-78.667386577,-4.593578724],[-78.671286157,-4.593892578],[-78.674774013,-4.592225185],[-78.67782891,-4.592958202],[-78.680320277,-4.595053415],[-78.681708049,-4.599631312],[-78.687010333,-4.60272341],[-78.69765433,-4.610873767],[-78.700335173,-4.614176264],[-78.704370701,-4.61755149],[-78.705634586,-4.623217122],[-78.708082221,-4.625524345],[-78.714336255,-4.628286364],[-78.718549075,-4.628140327],[-78.721965889,-4.625681897],[-78.724447502,-4.626516917],[-78.729905934,-4.625457827],[-78.735454943,-4.625493865],[-78.739299205,-4.629050903],[-78.748776387,-4.631796417],[-78.75368854,-4.630872629],[-78.75716153,-4.628877808],[-78.762536242,-4.628917433],[-78.765646169,-4.630591328],[-78.767611636,-4.634459473],[-78.768609373,-4.638431505],[-78.771359532,-4.641308923],[-78.775910366,-4.642162647],[-78.781324896,-4.640613888],[-78.783552493,-4.638931678],[-78.787785302,-4.640084364],[-78.795902937,-4.639725839],[-78.803947118,-4.636851124],[-78.808380094,-4.641074804],[-78.810685412,-4.642406075],[-78.814873867,-4.641270692],[-78.817125758,-4.642726356],[-78.820202156,-4.646490437],[-78.823027849,-4.647643775],[-78.825494602,-4.647240244],[-78.830075838,-4.649374315],[-78.83179699,-4.648988172],[-78.836104778,-4.652258375],[-78.84093179,-4.653628619],[-78.84361327,-4.656515562],[-78.8510099,-4.665834536],[-78.855309142,-4.666677601],[-78.856592633,-4.671338698],[-78.860632251,-4.67372687],[-78.863587114,-4.680137621],[-78.864526042,-4.684844876],[-78.862915542,-4.69011289],[-78.869458806,-4.697626465],[-78.86955766,-4.699878845],[-78.874912684,-4.704375955],[-78.880638477,-4.707150785],[-78.88306931,-4.712370527],[-78.888793464,-4.715844708],[-78.891169577,-4.721275665],[-78.890668374,-4.724706318],[-78.891494116,-4.729694368],[-78.889432536,-4.730855227],[-78.888839193,-4.742631416],[-78.889437997,-4.745982608],[-78.888577877,-4.75136835],[-78.888851204,-4.754413698],[-78.891041748,-4.756861915],[-78.888757016,-4.76133796],[-78.890756362,-4.765671378],[-78.893478329,-4.767861501],[-78.894117828,-4.771429805],[-78.897074573,-4.773238501],[-78.900689912,-4.772383388],[-78.90414933,-4.773789753],[-78.910246357,-4.779393435],[-78.914869631,-4.780508772],[-78.913305511,-4.785746455],[-78.912894748,-4.790321436],[-78.911624952,-4.791773384],[-78.90292005,-4.795212919],[-78.900692353,-4.799870689],[-78.89385724,-4.804464313],[-78.891919946,-4.807085703],[-78.892441154,-4.809537047],[-78.89541326,-4.811157911],[-78.896426492,-4.813663849],[-78.895809692,-4.816477191],[-78.897747344,-4.822751233],[-78.89710476,-4.827667795],[-78.898492351,-4.832604211],[-78.901068902,-4.835081558],[-78.901952631,-4.837761142],[-78.905146273,-4.840221505],[-78.908312353,-4.840192153],[-78.91155805,-4.842855535],[-78.912353888,-4.850426239],[-78.911157277,-4.855895144],[-78.908855691,-4.857808795],[-78.90706807,-4.86233127],[-78.903357784,-4.864076058],[-78.901768885,-4.866343836],[-78.89474361,-4.869555721],[-78.889849551,-4.872555505],[-78.889740681,-4.877345581],[-78.891100743,-4.884593796],[-78.892609689,-4.887551828],[-78.902121044,-4.887934617],[-78.910511466,-4.890994073],[-78.915213856,-4.891404983],[-78.920933096,-4.892919189],[-78.92305332,-4.89248874],[-78.93418048,-4.893419384],[-78.935708949,-4.894936992],[-78.94599208,-4.897918586],[-78.954359195,-4.893195212],[-78.956711228,-4.894146993],[-78.960307089,-4.893637022],[-78.965388294,-4.894421423],[-78.968227507,-4.893120006],[-78.974352758,-4.896408806],[-78.974848597,-4.900185938],[-78.976929124,-4.902304229],[-78.97665753,-4.905089859],[-78.977894017,-4.907651682],[-78.978612959,-4.913851419],[-78.981280191,-4.920748892],[-78.983168399,-4.929033176],[-78.984694563,-4.931173945],[-78.985931069,-4.935447986],[-78.984070419,-4.942163066],[-78.987068329,-4.944887295],[-78.986975498,-4.950252945],[-78.988427441,-4.953695091],[-78.993049637,-4.957491131],[-78.99347574,-4.961320713],[-78.991026252,-4.963101598],[-79.001756874,-4.982580293],[-79.003985625,-4.983828237],[-79.004923376,-4.991831813],[-79.003865741,-4.993815035],[-79.005800986,-4.997597879],[-79.008397536,-4.999350635],[-79.00898176,-5.004279327],[-79.010373866,-5.005513808],[-79.011894928,-5.011430473],[-79.015518364,-5.014441501],[-79.018829105,-5.012514233],[-79.026359395,-5.015178339],[-79.031953113,-5.013198979],[-79.035130807,-5.012897699],[-79.036688447,-5.010245577],[-79.043402554,-5.003336739],[-79.048551797,-4.999555431],[-79.051150654,-4.990887906],[-79.055011687,-4.988918554],[-79.055364026,-4.987628387],[-79.061021298,-4.986054893],[-79.067792052,-4.99031142],[-79.071650736,-4.988834894],[-79.071133152,-4.979037673],[-79.073836559,-4.970815996],[-79.076917187,-4.969767275],[-79.084379465,-4.972967221],[-79.086518983,-4.972105533],[-79.093433335,-4.972528468],[-79.097696279,-4.973657985],[-79.100484807,-4.978242019],[-79.106391986,-4.977032098],[-79.109452866,-4.978682425],[-79.114536533,-4.976408537],[-79.115199727,-4.977738764],[-79.123435134,-4.974941248],[-79.124735865,-4.975757],[-79.128501863,-4.972425216],[-79.132544655,-4.971892818],[-79.141496013,-4.966232299],[-79.142478639,-4.964425959],[-79.146565059,-4.964692432],[-79.150545571,-4.963493692],[-79.153006064,-4.964592312],[-79.155062461,-4.963326762],[-79.158502191,-4.96454275],[-79.1599814,-4.963763839],[-79.163423488,-4.964753943],[-79.165790133,-4.963675842],[-79.169978906,-4.965164761],[-79.169895222,-4.961867342],[-79.176699857,-4.96171256],[-79.179885431,-4.960257431],[-79.185120548,-4.96104946],[-79.18898973,-4.962887772],[-79.191558969,-4.96266207],[-79.197418238,-4.964116527],[-79.202263728,-4.964496767],[-79.208919251,-4.962483793],[-79.21227463,-4.967004979],[-79.217440774,-4.96621038],[-79.219195856,-4.964298984],[-79.222700289,-4.964001444],[-79.231327123,-4.964920717],[-79.234687384,-4.964429128],[-79.246745948,-4.965858239],[-79.254881243,-4.967310778],[-79.262032202,-4.967767407],[-79.265557187,-4.966881206],[-79.268892662,-4.963776622],[-79.274720909,-4.954526686],[-79.2792414,-4.950010297],[-79.283452643,-4.947288283],[-79.28607909,-4.942781008],[-79.287950385,-4.942847605],[-79.28932363,-4.939400117],[-79.291246872,-4.937689467],[-79.291523235,-4.931169286],[-79.294801511,-4.929900974],[-79.299579555,-4.921333511],[-79.300574286,-4.917336413],[-79.301466875,-4.913904725],[-79.300027531,-4.911956745],[-79.301035691,-4.909098565],[-79.305734141,-4.902981169],[-79.306038089,-4.89878114],[-79.308218071,-4.897304012],[-79.310950589,-4.897810257],[-79.311663154,-4.900766415],[-79.317036641,-4.899869176],[-79.320151178,-4.90064485],[-79.321829459,-4.896900083],[-79.325797362,-4.893694217],[-79.329324169,-4.893368715],[-79.332458229,-4.888355394],[-79.331756326,-4.885675517],[-79.33796417,-4.884786555],[-79.338409036,-4.886746526],[-79.343469445,-4.886610746],[-79.347518937,-4.88316553],[-79.351963331,-4.880397205],[-79.353150626,-4.871463062],[-79.355969495,-4.866667513],[-79.355392802,-4.864617059],[-79.358543281,-4.860233205],[-79.358723297,-4.858452629],[-79.361538725,-4.852056506],[-79.361267632,-4.843931702],[-79.364807849,-4.840558457],[-79.365600961,-4.837273959],[-79.37204053,-4.832226724],[-79.383126394,-4.831568695],[-79.391061297,-4.833229263],[-79.394586004,-4.832314045],[-79.395754739,-4.83047817],[-79.396439052,-4.825127279],[-79.427669477,-4.747296183],[-79.424728435,-4.746579024],[-79.42146575,-4.738076812],[-79.418355826,-4.733858545],[-79.41803732,-4.727081679],[-79.414358056,-4.721550916],[-79.410848619,-4.721064345],[-79.402070011,-4.722058678],[-79.398319929,-4.718365298],[-79.399859537,-4.716722683],[-79.399121911,-4.713907187],[-79.400659708,-4.70887652],[-79.397293745,-4.704092979],[-79.39702582,-4.700283214],[-79.392993601,-4.694876046],[-79.392941138,-4.693277218],[-79.395006007,-4.691336722],[-79.396497315,-4.686789269],[-79.39504983,-4.682650944],[-79.394755372,-4.678896604],[-79.390429443,-4.674744947],[-79.39064243,-4.672326441],[-79.388772959,-4.670183096],[-79.384991567,-4.668832109],[-79.381522559,-4.663849761],[-79.380889055,-4.657286329],[-79.378208225,-4.65731368],[-79.375715267,-4.653757274],[-79.372271242,-4.655597641],[-79.369512803,-4.653976212],[-79.364722532,-4.652774752],[-79.359257491,-4.649496078],[-79.356444818,-4.641288757],[-79.35354376,-4.637800709],[-79.353795429,-4.634666945],[-79.353297482,-4.625723314],[-79.347356614,-4.622090619],[-79.344996453,-4.619321626],[-79.341050122,-4.616782205],[-79.334670332,-4.607154929],[-79.333390868,-4.606230774],[-79.332380051,-4.60024754],[-79.331130783,-4.598928013],[-79.330947727,-4.593059708],[-79.331603603,-4.590417409],[-79.331102225,-4.585571201],[-79.329535942,-4.584963403],[-79.328645996,-4.579923891],[-79.327416404,-4.577729183],[-79.32888541,-4.574612645],[-79.329557775,-4.566805944],[-79.333361305,-4.563126959],[-79.33339222,-4.559075358],[-79.334950808,-4.557125978],[-79.335415914,-4.54997375],[-79.337172219,-4.547697604],[-79.333998102,-4.541598275],[-79.332468497,-4.541144928],[-79.330290776,-4.535734976],[-79.32782895,-4.531790442],[-79.327287779,-4.527627644],[-79.328930903,-4.522041468],[-79.327304636,-4.516061362],[-79.327288129,-4.509112009],[-79.323991391,-4.50853901],[-79.317756798,-4.507989362],[-79.31555811,-4.510314653],[-79.310630106,-4.503569493],[-79.307922754,-4.501619456],[-79.304607493,-4.500720259],[-79.302837719,-4.499022185],[-79.303610572,-4.494849086],[-79.296635084,-4.49276562],[-79.29505057,-4.487894905],[-79.291420874,-4.479089168],[-79.287571655,-4.478190065],[-79.28375749,-4.476159122],[-79.280303089,-4.473145957],[-79.277432417,-4.474002617],[-79.271626063,-4.473658752],[-79.269193094,-4.480342544],[-79.265877277,-4.485315942],[-79.263275132,-4.488087706],[-79.260911761,-4.488092743],[-79.255846087,-4.484212415],[-79.251522448,-4.483895829],[-79.248381198,-4.482591555],[-79.245788041,-4.484269824],[-79.238819781,-4.486932481],[-79.234212577,-4.490893006],[-79.230922684,-4.490942926],[-79.224033104,-4.492973339],[-79.219704306,-4.496761429],[-79.220466456,-4.504081881],[-79.21549756,-4.50832351],[-79.210470426,-4.511014621],[-79.208823712,-4.509804757],[-79.208116095,-4.506394552],[-79.205779475,-4.505405785],[-79.202889466,-4.500003225],[-79.199539331,-4.49822705],[-79.198258958,-4.494441022],[-79.198578705,-4.491082776],[-79.200696503,-4.487614205],[-79.200509975,-4.484804048],[-79.18924348,-4.474247387],[-79.186089891,-4.477447355],[-79.181524284,-4.478677682],[-79.176785781,-4.474639431],[-79.171284091,-4.472702196],[-79.169675077,-4.475573375],[-79.165779968,-4.474634166],[-79.165621155,-4.470345758],[-79.163457354,-4.467697303],[-79.163434731,-4.46529288],[-79.160806447,-4.460805208],[-79.16089705,-4.457044694],[-79.159407341,-4.452213099],[-79.154221876,-4.449575227],[-79.151718106,-4.449948732],[-79.146655047,-4.447816939],[-79.144919745,-4.44500829],[-79.145867114,-4.44218871],[-79.143418898,-4.434653967],[-79.13994142,-4.431530577],[-79.134680948,-4.430831896],[-79.13137708,-4.42760462],[-79.120030247,-4.426164323],[-79.118409338,-4.424129098],[-79.116912932,-4.414508065],[-79.115323848,-4.411393981],[-79.111988316,-4.407968284],[-79.110851942,-4.40492234],[-79.11200483,-4.396811058],[-79.115225675,-4.391513131],[-79.114389993,-4.387782556],[-79.10935965,-4.380159652],[-79.110470702,-4.376200751],[-79.110950256,-4.370295278],[-79.108281151,-4.365444059],[-79.107831731,-4.359320938],[-79.111538771,-4.355103007],[-79.111521444,-4.350581439],[-79.11373448,-4.343331012],[-79.115628937,-4.341276149],[-79.111295187,-4.338474244],[-79.108954985,-4.333979984],[-79.111110823,-4.330157257],[-79.113014642,-4.329154572],[-79.11304341,-4.32138383],[-79.116705188,-4.317038868],[-79.117935946,-4.314257914],[-79.11991818,-4.312979843],[-79.121016303,-4.308341392],[-79.119044954,-4.305623583],[-79.114131064,-4.30168317],[-79.112200263,-4.296061155],[-79.109030608,-4.294172911],[-79.106090673,-4.288041227],[-79.108362825,-4.28081721],[-79.112027088,-4.277290383],[-79.112536811,-4.272434111],[-79.114535536,-4.266932911],[-79.108153907,-4.264941119],[-79.1059605,-4.260497919],[-79.105424111,-4.252321383],[-79.107490388,-4.24872549],[-79.105559128,-4.244671192],[-79.106175896,-4.239869862],[-79.107343847,-4.238578438],[-79.106833291,-4.228941284],[-79.108879811,-4.22535954],[-79.106589901,-4.219442468],[-79.103130574,-4.215266562],[-79.100752851,-4.211188994],[-79.100734974,-4.208734416],[-79.10630124,-4.206776707],[-79.105275443,-4.197933617],[-79.105840192,-4.197301695],[-79.104796461,-4.195435741],[-79.107265333,-4.189308852],[-79.107986798,-4.185686417],[-79.111625996,-4.181845818],[-79.11519014,-4.181046994],[-79.122286262,-4.175441997],[-79.125332283,-4.172070069],[-79.125069798,-4.169718938],[-79.130574183,-4.1645765],[-79.133274883,-4.162880335],[-79.135162902,-4.161220128],[-79.140173312,-4.16345692],[-79.143730569,-4.163028721],[-79.152145776,-4.158724279],[-79.156676708,-4.15456613],[-79.159186571,-4.15369279],[-79.15799007,-4.151178198],[-79.157899905,-4.143789967],[-79.15725223,-4.139489286],[-79.160179339,-4.135009898],[-79.159134592,-4.130701539],[-79.157147895,-4.128706255],[-79.159114102,-4.126574164],[-79.159312317,-4.121201252],[-79.162738838,-4.11485013],[-79.162298388,-4.10950444],[-79.161053373,-4.104345417],[-79.160407802,-4.097525527],[-79.16112212,-4.094595259],[-79.159261638,-4.090812147],[-79.156811325,-4.088664093],[-79.154796295,-4.082146099],[-79.155694794,-4.075871773],[-79.15396782,-4.070901043],[-79.153465755,-4.066959585],[-79.150965683,-4.064721722],[-79.144523279,-4.061484327],[-79.141796412,-4.058427732],[-79.140819704,-4.055784272],[-79.142520285,-4.049415198],[-79.140064779,-4.044802988],[-79.139381997,-4.041246316],[-79.136388027,-4.035727356],[-79.137597103,-4.032316788],[-79.141015176,-4.029963332],[-79.142304241,-4.025249427],[-79.143752647,-4.023591452],[-79.14601168,-4.017538957],[-79.144526266,-4.013547913],[-79.145506329,-4.003545848],[-79.144944783,-4.001417038],[-79.14781161,-3.99505351],[-79.144412048,-3.987866777],[-79.144614729,-3.983220489],[-79.143891349,-3.979158015],[-79.144346138,-3.975504374],[-79.143414522,-3.973986085],[-79.147036857,-3.969195912],[-79.149661603,-3.967245774],[-79.150134669,-3.963092445],[-79.144932612,-3.954157326],[-79.140089478,-3.950209512],[-79.142934654,-3.943147776],[-79.142811494,-3.936815041],[-79.144278122,-3.934135472],[-79.148614171,-3.932836578],[-79.14754279,-3.930358716],[-79.148319402,-3.925293209],[-79.145259014,-3.920878709],[-79.143184139,-3.915921525],[-79.144187236,-3.91118259],[-79.143721055,-3.904310511],[-79.142657633,-3.901693976],[-79.137271854,-3.899352139],[-79.130716427,-3.892716479],[-79.129112744,-3.888769129],[-79.13201456,-3.884519422],[-79.131564424,-3.881576873],[-79.129594979,-3.879558377],[-79.129892892,-3.875986327],[-79.133038711,-3.868506429],[-79.138176949,-3.861348253],[-79.144567866,-3.858039012],[-79.145546148,-3.854592377],[-79.142897808,-3.849343937],[-79.140291845,-3.847354116],[-79.141230868,-3.842531909],[-79.13985263,-3.839040979],[-79.141205004,-3.837371746],[-79.143085638,-3.829482506],[-79.141997788,-3.826690587],[-79.14348579,-3.821440084],[-79.148073277,-3.82146387],[-79.151001771,-3.819184498],[-79.15699144,-3.818472062],[-79.156815483,-3.816368242],[-79.161075171,-3.810860573],[-79.160438581,-3.804752654],[-79.166155649,-3.802853036],[-79.170091585,-3.802239386],[-79.173705112,-3.796380771],[-79.175898549,-3.795313598],[-79.175838259,-3.791001112],[-79.175359111,-3.78450812],[-79.176394258,-3.782946059],[-79.177732405,-3.774847589],[-79.179149971,-3.773352899],[-79.178075378,-3.770556552],[-79.18136278,-3.762861947],[-79.183562933,-3.761108404],[-79.186093842,-3.754910007],[-79.189115368,-3.75375035],[-79.191025934,-3.750129708],[-79.189342592,-3.74832739],[-79.190173448,-3.745719418],[-79.193839026,-3.740942043],[-79.192118879,-3.731942755],[-79.195293879,-3.730622432],[-79.196140078,-3.726026841],[-79.194377578,-3.722133439],[-79.184296652,-3.71780361],[-79.183244289,-3.714456151],[-79.179049977,-3.713984159],[-79.175919559,-3.711042127],[-79.167892309,-3.71297053],[-79.162221525,-3.715485131],[-79.161687397,-3.711206328],[-79.160004399,-3.70643389],[-79.156771777,-3.704484978],[-79.157317014,-3.702017579],[-79.157933558,-3.69884274],[-79.154912358,-3.69670119],[-79.154185695,-3.692249747],[-79.154984943,-3.684224795],[-79.157952785,-3.682771573],[-79.156456287,-3.679661007],[-79.157741826,-3.675336632],[-79.157061296,-3.668975562],[-79.157673466,-3.663081858],[-79.151734511,-3.660696284],[-79.14965429,-3.660976234],[-79.146864601,-3.659448267],[-79.142767915,-3.66618997],[-79.141198221,-3.666385845],[-79.138451467,-3.661552089],[-79.130852484,-3.660454676],[-79.130247923,-3.657695095],[-79.127661706,-3.657181694],[-79.123927888,-3.654865204],[-79.121601529,-3.655579662],[-79.117508342,-3.649467347],[-79.113864375,-3.649315844],[-79.108212885,-3.647597951],[-79.106643961,-3.645345578],[-79.108321651,-3.639453285],[-79.109645654,-3.639115713],[-79.110476903,-3.633620423],[-79.107851084,-3.631019178],[-79.100292324,-3.628605927],[-79.097011426,-3.625323566],[-79.095134502,-3.624992965],[-79.092468769,-3.623848406],[-79.086528554,-3.623723341],[-79.081171915,-3.622994949],[-79.076422974,-3.620742382],[-79.072667673,-3.618098377],[-79.067883312,-3.617555392],[-79.066684326,-3.61132938],[-79.060624847,-3.610111722],[-79.059034533,-3.607751893],[-79.061578095,-3.604109066],[-79.056518574,-3.600149924],[-79.065585075,-3.595607855],[-79.068754025,-3.591520116],[-79.068389107,-3.589839447],[-79.063572992,-3.586945767],[-79.057830269,-3.586239776],[-79.057159603,-3.583909444],[-79.054291105,-3.581069641],[-79.046289739,-3.578282276],[-79.044907352,-3.576794067],[-79.046772557,-3.57294252],[-79.050777206,-3.574837529],[-79.055503756,-3.574692095],[-79.053921382,-3.568576399],[-79.05118979,-3.565484527],[-79.049347822,-3.561676321],[-79.051747666,-3.559480506],[-79.048660246,-3.556777671],[-79.048539103,-3.552809],[-79.04630849,-3.552098539],[-79.046081936,-3.549442616],[-79.051416043,-3.547592394],[-79.051637927,-3.543961354],[-79.053859912,-3.543671792],[-79.057129803,-3.540951458],[-79.056207976,-3.537727081],[-79.056379627,-3.534189222],[-79.057657602,-3.529601686],[-79.061102557,-3.529384608],[-79.061823948,-3.524032305],[-79.059893345,-3.520542484],[-79.062522994,-3.519679567],[-79.063881908,-3.516807181],[-79.067345605,-3.514615093],[-79.067574037,-3.512242215],[-79.066153366,-3.508435472],[-79.067106734,-3.502133682],[-79.062286993,-3.501453837],[-79.057878978,-3.497389709],[-79.055751325,-3.490076786],[-79.053982487,-3.487728653],[-79.04848555,-3.484946667],[-79.047841015,-3.482748872],[-79.044784609,-3.482527202],[-79.043578972,-3.478390812],[-79.042862874,-3.472375104],[-79.043734162,-3.470850953],[-79.047843772,-3.468421339],[-79.048170458,-3.464157097],[-79.054112635,-3.461755222],[-79.056199567,-3.458645313],[-79.055993346,-3.454697578],[-79.054213595,-3.454417852],[-79.055420607,-3.448351999],[-79.056551688,-3.447048118],[-79.060886149,-3.438235538],[-79.065918395,-3.434494582],[-79.060032929,-3.432092212],[-79.057074761,-3.426435213],[-79.058384781,-3.423437919],[-79.054374419,-3.414592758],[-79.050025997,-3.410612684],[-79.049635611,-3.407848116],[-79.051928476,-3.405676444],[-79.05124925,-3.40013688],[-79.048790888,-3.397404668],[-79.041223686,-3.391618269],[-79.0354031,-3.390391186],[-79.030672355,-3.385865674],[-79.028674277,-3.385115205],[-79.029943803,-3.38138748],[-79.029470707,-3.378723913],[-79.026960976,-3.376730818],[-79.023534997,-3.375812373],[-79.019947108,-3.373745302],[-79.01790378,-3.374200435],[-79.010527358,-3.366121678],[-79.004804163,-3.36648312],[-79.001995759,-3.361587613],[-78.996836771,-3.360641817],[-78.993842203,-3.358874014],[-78.990014869,-3.353697295],[-78.983180591,-3.352707149],[-78.981136538,-3.350113705],[-78.978927233,-3.351676351],[-78.975988758,-3.349668499],[-78.969208197,-3.353385946],[-78.967786207,-3.351995783],[-78.967263487,-3.348700778],[-78.961274956,-3.346418843],[-78.96158561,-3.343390324],[-78.957113185,-3.342710988],[-78.951136796,-3.343638695],[-78.947514267,-3.342197808],[-78.942966106,-3.343416429]]]]},"properties":{"codigo":"19","nombre":"ZAMORA CHINCHIPE","nivel":"Provincia","codigo_provincia":"19","provincia":"ZAMORA CHINCHIPE"},"id":"19"}]}